{
    "dataset_size": 8975,
    "label_classes": [
        "negatif",
        "netral",
        "positif"
    ],
    "models": {
        "logreg": 0.8785515320334262,
        "xgb": 0.8746518105849582,
        "svm": 0.8785515320334262
    },
    "best_model": "logreg"
}