reviewId,userName,userImage,content,score,thumbsUpCount,reviewCreatedVersion,at,replyContent,repliedAt,appVersion
db337e91-6a44-4d52-8c70-08cbf8d20338,Layla Desi,https://play-lh.googleusercontent.com/a/ACg8ocJcIU0R6M4BSiyZdwZKruTYH7Ks0OQ7kB7LGyoBYer5PE76Mg=mo,"Terbaik pakai reff PROMO saat mendaftar,Vlog enak buat lihat aset, tapi buat analisa masih kurang banget. Masalah utamanya: nggak ada chart yang proper. Sekarang user cuma bisa lihat harga, tapi nggak bisa baca tren. Minimal harus ada: - Candlestick + semua time frame (menit sampai tahunan) - Indikator (MA, RSI, MACD) - Tools garis (trendline, support/resistance) Kalau tetap kayak sekarang, Vlog cuma jadi “cek saldo”, bukan alat analisa. Kalau mau naik level, fitur chart itu wajib, terbaik sekal",5,2,1.17.0,2026-07-22 13:59:21,,,1.17.0
42ff033f-8fff-447b-82af-a5863d9c9d69,chanel ulok ulok,https://play-lh.googleusercontent.com/a-/ALV-UjWgGESN_znB1OKn42WtLpR_l24q90pslfE1kX2mnKNEEPIdspE,"niat aplikasi itu membuat transaksi mudah, tapi nyatanya masih terlalu ribet, misalkan contoh setelah membeli koin masak pas mau di jual harus nyari lagi koin nya di menu pencarian, aturannya bisa langsung di jual saat membuka dompet kripto, ini terlalu ribet atau lebih ke tidak praktis aja lho. tolong di tambah lagi stoplose nya sekaligus Tprofitnya. ini aplikasi kripto yang simple, tapi ngak di buat simple. kek mana lah itu?",4,1,1.17.0,2026-07-25 06:27:33,,,1.17.0
ca7cbafc-54da-4ca1-a9f9-d84ec7b4597d,Putra Sandy,https://play-lh.googleusercontent.com/a/ACg8ocKn_lZYEGulpDXuzDAjHjQVHvX5jejaSslBMOFnBHYAsO7sSA=mo,tak kasih bintang 5 biar di baca tolong ini kenapa saya mau login apk nya kok muncul internal server eror knpa kira2? trs klo di diemin apa besoknya udh normal lagi seperti semula min terus ini saya mau login kembali kok muncul tulisan kek gini CustomSMSSender invocation failed due to error AccessDeniedException itu kira2 knpa?!!!,5,2,1.18.0,2026-08-04 02:46:32,"Hai! Terima kasih banyak buat bintangnya!

Maaf banget ya kalau sempat ada error di aplikasi karena sebelumnya terdapat pemeliharaan sistem, namun untuk saat ini aplikasi Floq sudah bisa digunakan Kembali. Kalau masih bermasalah, silakan hubungi tim support melalui Live Chat di aplikasi Floq atau email ke customerservice@floq.id biar bisa kami ...",2026-08-05 01:46:42,1.18.0
aacc1e21-9497-4dcf-9fe4-13e026b5fb67,Caca Gesang,https://play-lh.googleusercontent.com/a-/ALV-UjXQiX4wBnfAzsIGbGowIOQq09XXCyd1vEOpnvlQ5W02KA4kS2Y,"Bagus pakai reff PROMO saat mendaftar,Vlog enak buat lihat aset, tapi buat analisa masih kurang banget. Masalah utamanya: nggak ada chart yang proper. Sekarang user cuma bisa lihat harga, tapi nggak bisa baca tren. Minimal harus ada: - Candlestick + semua time frame (menit sampai tahunan) - Indikator (MA, RSI, MACD) - Tools garis (trendline, support/resistance) Kalau tetap kayak sekarang, Vlog cuma jadi “cek saldo”, bukan alat analisa. Kalau mau naik level, fitur chart itu wajib, terbaik sekali",5,8,1.14.4,2026-06-17 13:17:33,"Hai!
Terima kasih banyak untuk review positifnya! Senang banget tahu Kakak suka dengan aplikasi Floq.

Soal fitur Futures, noted banget ya! Tim kami terus berusaha mengembangkan fitur-fitur baru, jadi semoga bisa segera hadir.
Stay tuned dan terus support Floq, ya!",2026-06-17 13:36:40,1.14.4
f293b962-9dd2-4642-b82f-df7a85b4caf4,Jumi Sop,https://play-lh.googleusercontent.com/a-/ALV-UjU2z6gmnDBKuA6X34NkIohCEh8M0Gy9g_o5BWxeEmyJr4VuBZI,"Top pakai reff PROMO saat mendaftar,Vlog enak buat lihat aset, tapi buat analisa masih kurang banget. Masalah utamanya: nggak ada chart yang proper. Sekarang user cuma bisa lihat harga, tapi nggak bisa baca tren. Minimal harus ada: - Candlestick + semua time frame (menit sampai tahunan) - Indikator (MA, RSI, MACD) - Tools garis (trendline, support/resistance) Kalau tetap kayak sekarang, Vlog cuma jadi “cek saldo”, bukan alat analisa. Kalau mau naik level, fitur chart itu wajib, terbaik sekali.",5,4,1.16.0,2026-07-18 11:15:47,,,1.16.0
e9269385-77cd-4260-88fe-4b8fdd26af89,Zikry rejiman Zikry,https://play-lh.googleusercontent.com/a-/ALV-UjUPDPA_JLh6lwOysrqEEQ6TacWe0gHxYy9-U13dEPm3nC8tzzCT,"sangat cukup baik sejauh ini sama aplikasi floq nya dan tidak ada kendala apa apa sejauh ini lumayan buat nambah cuan tambahah enak banget karen mudah di gunakan dan inves jangka panjang pun okeee aman,masuk deposit nya cepat tetapi untuk penarikan lumayan agak lama tapi okeee lahh lancar² aja sejauh ini ,semoga aja tidak ada kendala apapun dan di proses penarikan nya semoga di percepat dari sebelum nya. #MeNtappBuNgett",5,0,1.18.0,2026-08-07 10:52:39,"Hai! Terima kasih banyak buat bintangnya!

Seneng banget bisa jadi bagian dari pengalaman kamu yang menyenangkan 💫

Kalau nanti ada yang mau ditanyain, keluh kesah, atau sekadar butuh bantuan, langsung aja ke fitur Live Chat di aplikasi Floq.

Stay happy dan semoga harimu semanis review kamu tadi~ ✨",2026-08-07 11:10:23,1.18.0
9d411039-2ab4-4d8b-b0cf-be617cc947e2,Farel “rel”,https://play-lh.googleusercontent.com/a-/ALV-UjUSLiOThX2wZfNh22DVm-JvmEvortk6M62q23roLrH0IFO1j0sY,"aku suka floq karna trade busa beli 1000 rupiah. masalah nya chart buat analisis belum ada, order yang ke batal sendiri, di dompet saya pnl belum ada, aneh nya ketika pasang jual limit di 1.170m di btc kejemput tapi di chart candle badan sama ekor belum sampe tu di 1.170m udah ke ambil aja. masih banyak yang kurang dari aplikasi ini jadi tolong pengingkatan sistem dan tampilannya kalo bisa ada web nya buat analisis si laptop.",5,2,1.17.0,2026-07-20 15:03:43,,,1.17.0
dbc75d12-b70c-4f53-b851-a5730dd4acfc,Deki Rima,https://play-lh.googleusercontent.com/a-/ALV-UjU6BRNP_L_jq7jzKytTkOtAPOJf2bjSPdPfIhPFRmznD-dCf2c,"Yuk isi reff PROMO saat daftar,InvestasiKripto Alasan saya dan kalian juga harus berinvestasi menggunakan FLOQ adalah 1. Tampilan dan fitur yang Sangat simpel dan mudah dipahami . buat kalian dan saya yang masih awam banget soal crypto ini sangat membantu karena biasanya exchange lain pakai tampilan yang ribet dan bahasa yang agak teknis, tapi kalau FLOQ semua nya serba simple dan mudah dipahami. dan biaya deposit gratis pakai VA dan support all banks dan yang paling enaknya zero fee alias gada.",5,1,1.14.4,2026-06-21 09:14:06,"Hai! Terima kasih banyak buat bintangnya!
Seneng banget bisa jadi bagian dari pengalaman kamu yang menyenangkan.
Kalau nanti ada yang mau ditanyain, keluh kesah, atau sekadar butuh bantuan, langsung aja ke fitur Live Chat di aplikasi Floq.
Stay happy dan semoga harimu semanis review kamu tadi.",2026-06-21 20:10:24,1.14.4
b2d7a687-ee26-482a-b5dc-f0bc472f4855,Dewi Kumala,https://play-lh.googleusercontent.com/a-/ALV-UjXW2yOJmpWAdT3_2xa2y6Nz0zf0RGumj-X8q7-0_3z-uOoAoQI,"Bisa pakai reff PROMO saat baru daftar,Tampilan sederhana dan mudah di pahami. Deposit juga mudah bisa transfer bank (VA) ataupun e-wallet seperti dana, gopay. Pilihan koin/token juga banyak. Ada fitur edukasi cocok untuk yang baru belajar crypto dan blockchain. Ada komunitas dan banyak event nya juga. Pokok nya the best deh aplikasi nya, semoga kedepan nya aplikasi floq lebih berkembang lagi.",5,3,1.14.4,2026-06-19 12:01:07,"Haiii, makasih banyak udah sempetin kasih review! 🌟
Kita seneng banget bisa nemenin perjalanan kamu bareng FLOQ
Kalau nanti ada yang bikin bingung, pengen tanya-tanya, atau cuma mau say hi, langsung aja ke Live Chat ya!
Semoga hari kamu secerah semangatnya ✨",2026-06-20 06:39:27,1.14.4
3732bfe0-f28b-4adf-8f9d-3c50828cc359,Evha Family,https://play-lh.googleusercontent.com/a/ACg8ocJuTj1VgnWrYTmVPHMJC4MxHnO3yguLoM5tjP_mBKpRbofiTA=mo,"Yuk isi reff PROMO saat daftar,InvestasiKripto Alasan saya dan kalian juga harus berinvestasi menggunakan FLOQ adalah 1. Tampilan dan fitur yang Sangat simpel dan mudah dipahami . buat kalian dan saya yang masih awam banget soal crypto ini sangat membantu karena biasanya exchange lain pakai tampilan yang ribet dan bahasa yang agak teknis, tapi kalau FLOQ semua nya serba simple dan mudah dipahami. dan biaya deposit gratis pakai VA dan support all banks dan yang paling enaknya zero fee alias gada.",5,0,1.14.4,2026-06-19 12:25:59,"Hai! Terima kasih banyak buat bintangnya!

Seneng banget bisa jadi bagian dari pengalaman kamu yang menyenangkan 💫
Kalau nanti ada yang mau ditanyain, keluh kesah, atau sekadar butuh bantuan, langsung aja ke fitur Live Chat di aplikasi Floq.
Stay happy dan semoga harimu semanis review kamu tadi~ ✨",2026-06-20 06:47:11,1.14.4
ff2ace31-d3d4-48a2-8a79-41cee94081f3,FAZRI HAFIZ,https://play-lh.googleusercontent.com/a-/ALV-UjUcP5tGxJpLYmcePuJGLGXfuDbLtByUTRfGBh1D8IHisBcIv_dU,"Pengalaman di exchange floq ini enak banget nyaman, buat trade transaksi di apk ini emang the Best paling simple ga ribet. Tapi untuk kedepannya tolong tambahkan login biometrik sidik jari atau face id dan Juga tambahkan mode gelap nya biar pengguna dark mode nyaman",5,6,1.15.1,2026-06-26 07:55:01,"Hai! Terima kasih banyak buat bintangnya!
Seneng banget bisa jadi bagian dari pengalaman kamu yang menyenangkan 💫

Kalau nanti ada yang mau ditanyain, keluh kesah, atau sekadar butuh bantuan, langsung aja ke fitur Live Chat di aplikasi Floq.

Stay happy dan semoga harimu semanis review kamu tadi~ ✨",2026-06-26 08:04:33,1.15.1
01f87cf5-da05-4d02-b3ce-c47af63b28de,Rashya qianu Rashya qianu,https://play-lh.googleusercontent.com/a/ACg8ocJ5uy52SrTcfjxhZnw64yNujP27eEWNWXbJRAkKyiBl0BybOQ=mo,Emang thebeast lah Floq udah murah lagi buat nyicil aset. cocok banget buat kita yang semisal punya uang di bawah 10rb. dan jg ui nya simple banget. tinggal beli aset yang mau kita beli langsung udah kebeli. dan jg masuknya gampang gak ribet kyak aplikasi lain. emang top lah. tinggal kasih fitur dark mode sih biar gak silau menurut ku,5,3,1.14.4,2026-06-13 02:30:49,"Hai! Terima kasih banyak buat bintangnya!
Seneng banget bisa jadi bagian dari pengalaman Kakak yang menyenangkan

Kalau nanti ada yang mau ditanyain, keluh kesah, atau sekadar butuh bantuan, langsung aja ke fitur Live Chat di aplikasi Floq.

Stay happy dan semoga harimu semanis review Kakak tadi",2026-06-13 02:35:28,1.14.4
26d439b0-e360-489d-b3f3-08db78ad95de,NDMMFF,https://play-lh.googleusercontent.com/a-/ALV-UjWZkop2S0-EN-j7zCbgLXX3ZvDd5w8LttUqGZABC7iYFMeW8YjF,"ui nya bagus, simpel buat pemula. Sedikit masukan buat developer, tolong adain pilihan display harga dalam USD ya. Soalnya kalau mantau BTC biasa pakai patokan USD, agak ribet kalau harus konversi manual dari Rupiah terus. Ditunggu update-nya",4,1,1.15.2,2026-07-01 09:39:14,"Hai! Terima kasih banyak buat bintangnya!
Seneng banget bisa jadi bagian dari pengalaman kamu yang menyenangkan 💫

Kalau nanti ada yang mau ditanyain, keluh kesah, atau sekadar butuh bantuan, langsung aja ke fitur Live Chat di aplikasi Floq.

Stay happy dan semoga harimu semanis review kamu tadi~ ✨",2026-07-01 10:06:24,1.15.2
b33e545e-917a-495b-9492-126ee12fbea1,Mardian Mardian,https://play-lh.googleusercontent.com/a/ACg8ocIjG1BWVa9b8nrGleQ1yPavtj68FW5tWYdHwwIKCjTv8f1zPQ=mo,"sumpah... ni aplikasi enak banget.... saya mohon sekali kalian para developer untuk tidak membuat fitur fitur yang aneh, yang akan membuat kinerja aplikasi ini menurun... karena banyak sekali saya lihat apk lain yang semakin lama malah semakin buruk... dan saya rasa seperti ini saja sudah cukup🙏... oh iya... ada sedikit saran... kalau bisa, pisahkan antara nominal uang yang ditop ap dan aset... soalnya agak bisa memudahkan para pengguna saat top ap..",5,0,1.15.1,2026-06-24 12:41:23,"Hai Kak! Terima kasih banyak buat bintangnya!
Seneng banget bisa jadi bagian dari pengalaman kamu yang menyenangkan 💫

Kalau nanti ada yang mau ditanyain, keluh kesah, atau sekadar butuh bantuan, langsung aja ke fitur Live Chat di aplikasi Floq.

Stay happy dan semoga harimu semanis review Kakak tadi~ ✨",2026-06-24 12:45:34,1.15.1
cd0ea215-e68a-4b07-bf66-cf0b5d450e4d,Amos,https://play-lh.googleusercontent.com/a/ACg8ocISIsgZaM2vyugjUxrKAiGvV1fgJu150-oJntRFMpk-MoBQlw=mo,"saya sudah bikin akun dan sudah bisa membeli saham, tapi kenapaa setelah deposit baru mau tarik, harus masukan akun bank saya nah udah betul nama saya dan nomor bank saya tapi udah ada centang Jungah tapi setalah aku mau tarik gah bisa harus masukin akunnya lagi. tolong di perbaiki floq ya,",1,4,1.17.0,2026-07-31 11:20:51,"""Hai! 👋

Soal fitur Futures, noted banget ya! Tim kami terus berusaha mengembangkan fitur-fitur baru, jadi semoga bisa segera hadir.
Stay tuned dan terus support Floq, ya! 🚀

Kalau masalahnya sudah teratasi, kami akan sangat senang jika kamu bersedia mengupdate review-nya
Terima kasih atas feedback-nya! 💛""",2026-07-31 12:16:45,1.17.0
18cecdea-4557-4f9c-afc2-062cece3962c,Muslih al Jihalh,https://play-lh.googleusercontent.com/a/ACg8ocJHHjLJA0QdzBPuNa1SYce_rgP1cBrtqamuFXxWly3xZK-iwDg=mo,"sangat² tidak recommend untuk kalian aplikasi floq ini, penarikan lambat padahal nominal kecil saya sangat kecewa saldo penarikan saya tidak masuk, lebih baik pake indodax deposit dan WD tidak sampai satu menit",1,0,1.18.0,2026-08-10 16:48:13,,,1.18.0
66e95bf9-6400-49d4-ab1d-7f841b64f20b,Bagus syah Putra,https://play-lh.googleusercontent.com/a-/ALV-UjU4wxDacVudPDWGeaqMf8oZhZV0_FIyZw3gqNThR94g2s6MUdY7,"apk nya bagus gampang di pakai. sama timnya tolong tingkatkan ke amananya contoh mau masuk apknya atau jual aset harus pakai kunci passkey, kalok bisa 3 tahap 1. sandi + sidik jari + fitur wajah 🙏🙏🙏",5,1,1.15.2,2026-07-02 02:59:20,,,1.15.2
4422caad-4d65-4574-bfb3-a55c91505da7,Abi Berak,https://play-lh.googleusercontent.com/a/ACg8ocKJGdpRhJt9txQBS--UQ2-yyhPF9nmHySB3Mfg9aaHnwTmyJg=mo,mantap lah pokoknya jadi makin semangat buat nyicil aset yg mau kita cicil untuk tampilan ui simpel dan sederhana buat pemula untuk deposit Rp sat set dan tentunya biaya fee itu sangat murah tpi lebih bagusnya ada tema dark mode jadi lebih enak dipandang😁👍,5,2,1.14.3,2026-06-01 18:20:16,"Hai! Terima kasih banyak buat bintangnya!
Seneng banget bisa jadi bagian dari pengalaman Kakak yang menyenangkan

Kalau nanti ada yang mau ditanyain, keluh kesah, atau sekadar butuh bantuan, langsung aja ke fitur Live Chat di aplikasi Floq.

Stay happy dan semoga harimu semanis review Kakak tadi",2026-06-02 06:06:39,1.14.3
362c32d6-4710-4468-9bb1-19955eb66fe3,Mutik atun,https://play-lh.googleusercontent.com/a/ACg8ocLSMo9KoRaGR9GcwhXxWHMKfLd7CEaeg2ElA_XDjU6jTmgbTA=mo,ini kenapa sih kok apk nya sering eror ya ? padahal sudah diperbarui tapi kalo masuk selalu minta untuk diperbarui di apk resmi. kubuka google play juga sudah terinstal padahal dan lagi gaada pembaharuan. mohon perbaikanya ya biar gak sering eror,5,1,1.15.1,2026-06-25 01:29:48,"Halo Kak! Hai! Terima kasih banyak buat bintangnya!

Mohon maaf atas kendala yang dialami ya

Untuk dapat membantu pengecekan dan penanganan lebih lanjut, mohon Kakak dapat menghubungi tim Customer Service Floq melalui fitur Live Chat di aplikasi atau melalui email customerservice@floq.id.

Terima kasih atas pengertiannya",2026-06-25 01:46:23,1.15.1
988a32ee-c2cf-4ca0-a280-533b7a2a8eb4,KOIN BRICS,https://play-lh.googleusercontent.com/a-/ALV-UjUGUImMpPRwpzSgi65YnLZo5_Tqm0O2bWKJbUIGtOwXxQMR9_AM,"kalo untuk tampilan nyaman enak di lihat kayak simpel gtu tpi da bug sngat mengganggu bagi saya entah sm yang lain juga pa gak, da bug nama nya SESI KADALUARSA padahal kita selalu aktif mantau semua market dan 1 lagi kluar bntr selalu pakek pin tolong buat pencipta floq ini di upgred lgi biar makin bnyak pengguna yg seneng dengan floq tanpa da nya BUG",3,5,1.14.2,2026-05-30 01:50:38,"Hai!
Maaf banget ya atas kendala yang kamu alami
Biar bisa kami bantu lebih lanjut, kamu bisa langsung hubungi tim support melalui fitur Live Chat di aplikasi Floq.",2026-05-30 03:10:23,1.14.2
e2bf6d3d-c9a7-452c-b726-2650154dda93,Stiven Paendong,https://play-lh.googleusercontent.com/a-/ALV-UjUEcdK5j6ZH7G90EVqc__1zXX_ChXYL3EIPTrA6qkhj-FhzeAIt,Sebelumnya saya benar-benar berterima kasih atas aplikasinya yang ramah pemula. Di sini saya menyarankan agar Floq dapat menambahkan NOTIFIKASI UNTUK LIMIT ORDER YANG SUDAH TERISI PENUH supaya trader maupun investor dapat lebih efisien dalam mengelola waktu untuk melakukan perdagangan aset Kripto.,5,0,1.15.1,2026-06-30 06:11:13,,,1.15.1
d259acc6-fb8a-48d4-913e-72cba7f738e3,Asep Romli,https://play-lh.googleusercontent.com/a/ACg8ocJIELd298U9sUTY4JL-vNuTokC0NBWqKpxH1XTsflq8V9MUHg=mo,"tolong beri list buy & sell order, harga disini tidak transparan, harga market jauh diatas harga aktual, dan limit order sulit terisi walaupun berada +2% dibawah harga aktual. tolong berikan list buy&sell order untuk mendapatkan kepercayaan trader sehingga bisa terlihat apakah limit buy sulit terisi karena tidak adanya pembeli walaupun sudah diatas harga aktual atau karena broker ingin hold supaya tidak ada pembeli di lower price sehingga mendapatkan keuntungan lebih pada broker?.",1,20,1.14.4,2026-06-20 22:27:25,"Hai! 👋



Soal fitur Futures, noted banget ya! Tim kami terus berusaha mengembangkan fitur-fitur baru, jadi semoga bisa segera hadir.

Stay tuned dan terus support Floq, ya! 🚀



Kalau masalahnya sudah teratasi, kami akan sangat senang jika kamu bersedia mengupdate review-nya

Terima kasih atas feedback-nya! 💛",2026-06-22 00:01:34,1.14.4
dadd4bae-3c5a-473b-bc65-a25fe173daf3,DEVAN RADITYA PRATAMA,https://play-lh.googleusercontent.com/a/ACg8ocLFq34-mRIDrtXUt2UrYag00roNw0D1tX1vb3-ypPOUGrWNoA=mo,floq udah bagus enak bisa beli crypto dengan harga murah banget 1000 rupiah setara beli permen dan juga yang sangat di sayangkan ada beberapa coin yang memang masih coming soon padahal kalo bisa semua enak betah disini apalagi aku Ethereum dan Layer 2 enthusiast itu sih sangat sangat di sayangkan semoga dibaca oleh developer dan juga bagian bagian di floq karna jika semua coin tersedia mungkin user akan betah dan akan merekomendasikan floq sebagai platform investasi dan trading crypto terbaik😁,5,0,1.16.0,2026-07-11 17:01:22,"Halo Kak,
Terima kasih atas ulasan dan dukungan bintang 5 yang telah diberikan
Kami senang mengetahui bahwa Floq dapat membantu Kakak berinvestasi crypto dengan nominal yang terjangkau dan memberikan pengalaman yang menyenangkan dalam bertransaksi.
Terima kasih juga atas masukan terkait penambahan aset dan koin lainnya. Saran yang Kakak berikan...",2026-07-11 18:07:07,1.16.0
75b39ae6-e961-44f6-a4ba-eeb5867a0e9b,Leozera,https://play-lh.googleusercontent.com/a-/ALV-UjV2I519FQ_ybTymnRhwFIHI1B4kHHnvF8_ko0cr1dy0emRBT3HFnw,"aplikasi nya sangat bagus!!!! tapi yang kurang yaitu tolong withdraw nya menggunakan dana, gopay,dll, untuk mempermudah awalan untuk mendaftar di aplikasi tersebut dan melakukan withdraw... terima kasih",3,1,1.14.1,2026-05-29 01:11:50,"Halo! Wah, terima kasih udah kasih rating bagus buat kami!
Seneng deh bisa jadi bagian dari perjalanan kamu di dunia kripto bareng FLOQ
Butuh bantuan atau mau ngobrol? Tim kita siap sedia di Live Chat aplikasi!
Semoga harimu seceria pesan yang kamu kirim tadi ya",2026-05-29 01:43:49,1.14.1
53bfccc6-d330-4c6b-b263-14ae3bfa5d29,Bagus Chel,https://play-lh.googleusercontent.com/a-/ALV-UjWZSBXjc147fDRi6RkCTrvtkuTHLFrV7dOVWGJNtZtSR3bKHdqJ,"kenapa kok saya kasih bintang 3 , sebenarnya apknya bagus mudah di mengerti, tetapi apknya , sering trouble bikin panik mohon🙏🏻 , segera di perbaiki lagi lah , maaf kalau sangat mencewakan",3,1,1.14.4,2026-06-06 02:27:26,"Hai!
Maaf banget ya atas kendala yang kamu alami.
Biar bisa kami bantu lebih lanjut, kamu bisa langsung hubungi tim support melalui fitur Live Chat di aplikasi Floq.",2026-06-06 04:15:41,1.14.4
7cbe653f-e917-4128-b064-de8b0eed2f8c,Ija Wira,https://play-lh.googleusercontent.com/a/ACg8ocLYzPDb8r_JiqrZwZyhUCeVPPf_zk2XDR4Gd4k-OH8kpZAwwg=mo,saya tidak login 3 hari pas saya login sesi kadaluwarsa pas di masukin akun google nya malah ga bisa masuk aneh sekali ga bisa masuk pass mau masukin kata sandi juga udah bener sandi nya malah salah anehh sekali,1,9,1.14.4,2026-06-14 12:44:24,"Hai! 👋
Maaf ya atas kendala yang kamu alami. Yuk, langsung hubungi tim support lewat Live Chat di aplikasi atau kamu bisa menghubungi kami melalui email customerservice@floq.id biar bisa kami bantu lebih cepat 💬
Kalau sudah teratasi, kami akan senang banget kalau kamu mau update review-nya 🌟
Makasih banyak atas dukungannya! 💛",2026-06-14 12:55:21,1.14.4
3f85c808-755a-4b1a-b931-0601593b8cf5,Anugrah Kamal,https://play-lh.googleusercontent.com/a-/ALV-UjWimi8OSsxUTtHePcrGxBAVdDDOQ5ULAvF__wheLEGnH_BWQ-REmQ,alhamdulillah akhirnya akun floq kami bisa di gunakan kembali di karna kan sedang ada perbaikan di aplikasi floq semoga kedepan nya akan lebih baik lagi dan tidak eror lagi,5,0,1.18.0,2026-08-04 23:38:32,"Haiii, makasih banyak udah sempetin kasih review! 🌟
Kita seneng banget bisa nemenin perjalanan kamu bareng FLOQ
Kalau nanti ada yang bikin bingung, pengen tanya-tanya, atau cuma mau say hi, langsung aja ke Live Chat ya!
Semoga hari kamu secerah semangatnya ✨",2026-08-04 06:58:40,1.18.0
af9df75d-5aca-41f9-b645-c6b83d45683b,Alfin AR,https://play-lh.googleusercontent.com/a/ACg8ocKWunIWrH4BM4S1DEOMsQFxauoRKGmUMB9ThjsMNtUoj9vsmA=mo,tolong diperbaiki tgl 3 agustus 2026 tidak bisa login tulisan internal sistem error,1,0,1.18.0,2026-08-04 04:11:05,,,1.18.0
13b1c520-fe9d-41d9-a7c9-2277b3731bb2,arya 1180,https://play-lh.googleusercontent.com/a-/ALV-UjVTveXnLfoImNZcGbvc8vg_rLH8M3XLzSZV-oGxt3CzBdO2IKucbQ,"saya mau kasih saran semoga di dengar, berikan fitur staking dong saya butuh fitur itu di aplikasi floq karena saya sudah nyaman pakai aplikasinya tapi tidak ada fitur tersebut jadu di sayangkan saya tidak bisa staking aset saya",4,0,1.14.1,2026-05-24 05:09:03,"Hai! Terima kasih banyak buat bintangnya!
Seneng banget bisa jadi bagian dari pengalaman kamu yang menyenangkan 💫
Kalau nanti ada yang mau ditanyain, keluh kesah, atau sekadar butuh bantuan, langsung aja ke fitur Live Chat di aplikasi Floq.
Stay happy dan semoga harimu semanis review kamu tadi~ ✨",2026-05-24 05:21:21,1.14.1
288e6ef5-24c2-4f9d-9fb7-dadc02954793,Farel primayoga,https://play-lh.googleusercontent.com/a/ACg8ocJC3uPN6F_8VS-LcwanTvar7WSEkHjwO2tkLnw3gllghAS0OQ=mo,"Awalnya aku kira investasi itu ribet dan harus punya banyak uang. Tapi setelah coba FLOQ, ternyata gampang banget. Cara pakainya simpel, tampilannya jelas, jadi nggak bikin bingung. Daftarnya juga cepat dan praktis. Yang paling enak, bisa mulai dari uang kecil, jadi lebih santai tanpa tekanan. Menurutku, FLOQ cocok buat pemula yang mau mulai investasi tanpa ribet. @farelandhikaprimayoga #InvestasiKripto",5,3,1.11.0,2026-04-12 10:54:58,"Haiii, makasih banyak udah sempetin kasih review! 🌟
Kita seneng banget bisa nemenin perjalanan kamu bareng FLOQ
Kalau nanti ada yang bikin bingung, pengen tanya-tanya, atau cuma mau say hi, langsung aja ke Live Chat ya!
Semoga hari kamu secerah semangatnya ✨",2026-04-12 11:18:48,1.11.0
46fc3e1c-07cb-4b49-a0a9-c75c3cb43d8c,Nikita Hulima,https://play-lh.googleusercontent.com/a-/ALV-UjXYgSR-aP1_NcKmHqjpcVL5fnTUiBoXT7z09wsHmedyqCozYg,"jujurly ini baru kali pertama aku nyoba FLOQ, ternyata apknya berbeda dari apk crypto yang lain. Dari pertama buka apknya langsung wow tampilannya rapi dan enak dilihat, ngak bikin pusing. Navigasinya simpel jadi yang mau beli atau tranding itu lebih cepat ga ribet. Saya pribadi suka dengan tampilannya yang simpel tapi elegant. Sejauh ini performanya lancar, belum ada kendala berarti. Buat dipakai harian juga nyaman. Menurut saya, FLOQ ini cocok buat yang mau trading dengan pengalaman yang lebih",5,5,1.11.0,2026-04-10 22:30:17,"Haiii, makasih banyak udah sempetin kasih review! 🌟
Kita seneng banget bisa nemenin perjalanan kamu bareng FLOQ
Kalau nanti ada yang bikin bingung, pengen tanya-tanya, atau cuma mau say hi, langsung aja ke Live Chat ya!
Semoga hari kamu secerah semangatnya ✨",2026-04-10 22:44:27,1.11.0
1ffa2dd0-bdd9-49dd-a303-6d8080adb265,Owlshin Net,https://play-lh.googleusercontent.com/a-/ALV-UjVVeJ0L-yrTUySvFhOMJCxW7qg4I4FcR8BgZ8r42NaOsIgvAi4,"gas feenya kemahalan gak sesuai dengan biaya gas fee blockchain bawaannya makanya malas pake exchange ini, mendingan pake exchange pintu atau exchange luar, biayanya pengiriman aset cryptonya lebih murah.",1,4,1.14.3,2026-06-11 06:15:08,"Hai!
Maaf ya atas ketidaknyamanan yang kamu alami. Yuk, langsung hubungi tim support lewat Live Chat di aplikasi atau kamu bisa menghubungi kami melalui email customerservice@floq.id biar bisa kami bantu pengecekan.
Kalau sudah teratasi, kami akan senang banget kalau kamu mau update review-nya",2026-06-11 06:22:55,1.14.3
8696b391-6ce8-452d-9b59-8dc061f2c348,Robot Datuak,https://play-lh.googleusercontent.com/a/ACg8ocIiae4p7zEuW-1oUf85OI4BBWdM9wd4KKAouwHC7uSteeiH5A=mo,"Jujur ya, Vlog enak buat lihat aset, tapi buat analisa masih kurang banget. Masalah utamanya: nggak ada chart yang proper. Sekarang user cuma bisa lihat harga, tapi nggak bisa baca tren. Minimal harus ada: - Candlestick + semua time frame (menit sampai tahunan) - Indikator (MA, RSI, MACD) - Tools garis (trendline, support/resistance) Kalau tetap kayak sekarang, Vlog cuma jadi “cek saldo”, bukan alat analisa. Kalau mau naik level, fitur chart itu wajib, bukan tambahan.",5,23,1.12.0,2026-04-30 10:25:38,"Hai!
Terima kasih banyak untuk review positifnya! Senang banget tahu kamu suka dengan aplikasi Floq.
Soal fitur Candlestick dan indikator lainnya noted banget ya! Tim kami terus berusaha mengembangkan fitur-fitur baru, jadi semoga bisa segera hadir.
Stay tuned dan terus support Floq, ya!",2026-04-30 10:31:39,1.12.0
b189090c-af08-4016-9db6-4f97b5067c46,Frozz HD,https://play-lh.googleusercontent.com/a-/ALV-UjVqmBL52Q3Mon_-2iCeqKOFcjJfVBw4HN0pTo1KtI1DLuOw7KY,"Awalnya lumayan ragu sama aplikasi kayak gini, soalnya di aplikasi lain deposito masuknya lumayan lama dan saat withdrawal fee-nya juga cukup besar. Tapi FLOQ bener-bener ngebuka mata saya banget sih. Deposit cepet, withdraw fee tergolong kecil. Apalagi sekarang udah bisa nerima deposito lewat OVO di versi terbaru, lengkap deh pokoknya! Registrasi gampang, KYC lumayan cepet, deposit langsung masuk, withdraw fee kecil. Udah gokil banget dahh. Username: zhadev #InvestasiKripto",5,1,1.11.0,2026-04-13 11:03:56,"Haiii, makasih banyak udah sempetin kasih review! 🌟
Kita seneng banget bisa nemenin perjalanan kamu bareng FLOQ
Kalau nanti ada yang bikin bingung, pengen tanya-tanya, atau cuma mau say hi, langsung aja ke Live Chat ya!
Semoga hari kamu secerah semangatnya ✨",2026-04-13 11:28:27,1.11.0
479c815f-79ae-4587-abd3-2fc472559c9b,Surya Darma,https://play-lh.googleusercontent.com/a-/ALV-UjUNJvIJgMgNpDMeJaZK5LtTN21du9wEVM3ZNtflRAMoMR7sYVUl,"pas deposit bisa gak ada kendala,pas mau investasi keluar peringatan livensi gagal tolong lah di perbaiki,udah beberapa hari kek gitu terus.",1,5,1.14.4,2026-06-17 20:27:41,"Hai! 👋
Maaf ya atas kendala yang kamu alami. Yuk, langsung hubungi tim support lewat Live Chat di aplikasi atau kamu bisa menghubungi kami melalui email customerservice@floq.id biar bisa kami bantu lebih cepat 💬
Kalau sudah teratasi, kami akan senang banget kalau kamu mau update review-nya 🌟
Makasih banyak atas dukungannya! 💛",2026-06-18 02:12:24,1.14.4
c5cfd99b-cc0c-47f8-aae7-fbbcfc909a63,Dayat Phonsel,https://play-lh.googleusercontent.com/a/ACg8ocIfBzvda02h6ztjg_77hIKUCygoLBxC05aVo1jastFZw0psHg=mo,"apk nya simpel, tapi depo via rek bank nya kurang. fitur tampilan chart perlu diperbaiki, tambahkan time frame, dan indikator standar. nilai aset tolong di tampilkan history buy, harga saat beli. selisih buy dan sell nya juga besar, bisa lebih kecil lagi nggak.",4,3,1.11.0,2026-03-05 06:33:28,"Hai! Terima kasih banyak buat bintangnya!
Seneng banget bisa jadi bagian dari pengalaman kamu yang menyenangkan 💫
Kalau nanti ada yang mau ditanyain, keluh kesah, atau sekadar butuh bantuan, langsung aja ke fitur Live Chat di aplikasi Floq.
Stay happy dan semoga harimu semanis review kamu tadi~ ✨",2026-03-05 06:37:33,1.11.0
b32ce277-5ecd-4718-a909-cecea8ad2c53,Ahmad Malikul,https://play-lh.googleusercontent.com/a/ACg8ocLwYHL_A1Gb9cs7soM5VfPg1gUdFVOSKxmu_s2P6kXRFygitQ=mo,"saya akan terus mendukung apk floq ini dari segi tampilan beranda sudah baik,tapi masih banyak juga yang kurang ,semangat terus ya dalam ngembangin nya🔥💪",5,0,1.15.2,2026-07-03 06:57:46,"Hai! Terima kasih banyak buat bintangnya!
Seneng banget bisa jadi bagian dari pengalaman kamu yang menyenangkan 💫

Kalau nanti ada yang mau ditanyain, keluh kesah, atau sekadar butuh bantuan, langsung aja ke fitur Live Chat di aplikasi Floq.
Stay happy dan semoga harimu semanis review kamu tadi~ ✨",2026-07-03 07:03:16,1.15.2
47a3d6b6-bac0-4e9e-b1ff-a1f913876e3e,domash,https://play-lh.googleusercontent.com/a-/ALV-UjUak30ZcX8fVtqLAGsW2lsOkxLDgLtylmi9jxdl9_E7rTuXaeI9,"Sangat-sangat terbantu pakai FLOQ! Aplikasinya ringan, tampilannya bersih, dan sangat memudahkan saya untuk memantau aset kripto seperti BTC atau SOL. Proses depositnya juga simpel banget buat pemula dan bisa beli aset kripto mulai dari Rp1.000 jadi siapapun bisa mulai inves. Sukses terus FLOQ! ​@domash #InvestasiKripto""",5,5,1.12.0,2026-04-16 13:44:07,"Hai! Terima kasih banyak buat bintangnya!
Seneng banget bisa jadi bagian dari pengalaman kamu yang menyenangkan 💫
Kalau nanti ada yang mau ditanyain, keluh kesah, atau sekadar butuh bantuan, langsung aja ke fitur Live Chat di aplikasi Floq.
Stay happy dan semoga harimu semanis review kamu tadi~ ✨",2026-04-16 13:52:31,1.12.0
d261be0b-aa5d-4ba2-a480-35fa328bc887,Asep Saepul,https://play-lh.googleusercontent.com/a/ACg8ocLW-cXb0rL7e7Q2grGSWV45kdlVSxFjWcvLH5sPn3IYVupivw=mo,"FLOQ jadi salah satu aplikasi kripto yang menurut saya ramah untuk pemula. Navigasinya jelas, tampilannya nyaman dilihat, dan proses beli aset juga cepat. Buat yang baru belajar investasi kripto, ini cukup recommended. Username: farhan07 #InvestasiKripto",5,3,1.11.0,2026-04-11 01:54:44,"Hai! Terima kasih banyak buat bintangnya!
Seneng banget bisa jadi bagian dari pengalaman kamu yang menyenangkan.

Kalau nanti ada yang mau ditanyain, keluh kesah, atau sekadar butuh bantuan, langsung aja ke fitur Live Chat di aplikasi Floq.

Stay happy dan semoga harimu semanis review kamu tadi~",2026-04-11 02:04:35,1.11.0
4e3f7e73-0178-45b3-b679-04a199dc04c6,Ardinal Al Fandi,https://play-lh.googleusercontent.com/a-/ALV-UjVC6f81HHaUFWhM8SEvyZixYuZuqW9XnHeEH58-SANREfBXeEGT,"Aplikasinya bagus, cuma kenapa setelah update kali ini, ketika kita masuk aplikasinya tiba² keluar sendiri min?",4,0,1.14.2,2026-05-29 13:38:47,"Hai!

Maaf ya atas kendala yang Kakak alami. Yuk, langsung hubungi tim support lewat Live Chat di aplikasi atau melalui email customerservice@floq.id biar bisa kami bantu lebih cepat.

Kalau sudah teratasi, kami akan senang banget kalau Kakak mau update review-nya.
Makasih banyak atas dukungannya!",2026-05-29 13:41:54,1.14.2
1c674c65-b6d9-4240-a543-9e0673006f42,Azam Ridho,https://play-lh.googleusercontent.com/a-/ALV-UjWTD6seRg0VawbkSeTF2WnOQ9oePYh5PxeAmWBdgajo8zG8XSE,"tolong buat waktu verifikasi nya yang pake dana,jangan terlalu cepat,klo hp nya lagi lag atau jaringan nya,susah klo keburu kadaluarsa",5,1,1.14.4,2026-06-11 07:20:52,"Hi Kak, terima kasih feedbacknya hal ini menjadi catatan kami dan evaluasi untuk kedepannya aplikasi floq lebih baik lagi.",2026-06-11 07:25:03,1.14.4
02aa49cc-dc8f-4de7-99da-b76fa231b853,Riki Febrian,https://play-lh.googleusercontent.com/a/ACg8ocK5Bk0dGB9rvIWbLpilwfzRkSwcsfeQpf14Sa2HGi0ofjVSVQ=mo,"gk susuai,gua beli crypto dapat nya dikit, padahal di apk lain banyak, penarikan nya lama 2-3 jam👎",1,1,1.14.3,2026-06-23 20:03:42,,,1.14.3
c0c9bb58-ad7e-44c8-a12b-29dc8e699a58,someoneuser,https://play-lh.googleusercontent.com/a/ACg8ocLIf9gLzEIwqyakOUGT-ADAQJ44g0IjlPIBH4xk3h1VRxkM0A=mo,"saya ada kendala ketika saya membuka floq itu gampang ke long out akunya, dan harus verifikasi lagi untuk masuk,tolong mungkin diperbaiki",3,1,1.14.4,2026-06-16 08:32:14,"Hai! 👋
Maaf ya atas kendala yang kamu alami. Yuk, langsung hubungi tim support lewat Live Chat di aplikasi atau kamu bisa menghubungi kami melalui email customerservice@floq.id biar bisa kami bantu lebih cepat 💬
Kalau sudah teratasi, kami akan senang banget kalau kamu mau update review-nya 🌟
Makasih banyak atas dukungannya! 💛",2026-06-17 06:03:24,1.14.4
a50c1b87-6f7a-41fa-a758-91d7da154449,Wahyu Tri Hariady,https://play-lh.googleusercontent.com/a/ACg8ocKxR-8beJQ28DsspZfnlTdRSQLXIFGEJBHYRlDlMvtjcui5KA=mo,tolong untuk bug nya d perbaiki tiba2 keluar sendiri dan harus login kembali dengan keterangan sesi waktu habis terus,1,1,1.14.2,2026-05-30 13:24:21,"Hai!
Maaf ya atas kendala yang kamu alami. Yuk, langsung hubungi tim support lewat Live Chat di aplikasi atau kamu bisa menghubungi kami melalui email customerservice@floq.id biar bisa kami bantu lebih cepat 💬
Kalau sudah teratasi, kami akan senang banget kalau kamu mau update review-nya.
Makasih banyak atas dukungannya!",2026-05-30 13:31:14,1.14.2
a1c850e4-92ad-45d2-8869-f3347c4d9b65,kelpin fardiansyah,https://play-lh.googleusercontent.com/a-/ALV-UjWcaTXd_Y2bGc0e8W-ppH8VMBjRkymmdFGMF_YO33MsztCqUQ4AZw,"ga bisa di wd sibal ,hati hati berkedok gangguan di undur waktu bisanya jam 22.00 sampao jam 06.00 , tapi tetap tidak bisa di wd padahal di atas jam 10 , aplikasi busuk",1,2,1.15.3,2026-07-03 16:05:06,"Halo Kak, mohon maaf atas ketidaknyamanan yang Kakak alami

Kami sangat menghargai setiap masukan dari pengguna. Untuk dapat membantu menindaklanjuti kendala yang Kakak alami, mohon Kakak dapat menghubungi tim Customer Service Floq melalui fitur Live Chat di aplikasi atau email resmi kami di customerservice@floq.id.

Terima kasih atas feedback y...",2026-07-03 16:18:29,1.15.3
ff63908f-8425-4612-a752-2b3a667c936e,Saefull Ayub,https://play-lh.googleusercontent.com/a-/ALV-UjUq6SMyRhHqOOnF2P68REcPC-cTYfkgyFnYrs3tMlgB8Fi58Q,"saya kasih B1 aplikasi kalian tidak jelas pas poto KTP ,saya mau coba tapi apk kalian terlalu jadul ,maafnya saya unistal sayang padahal saya suka apknya🤢😊",1,0,1.14.3,2026-06-04 21:06:49,"Hai!
Maaf banget ya atas kendala yang kamu alami.
Biar bisa kami bantu lebih lanjut, kamu bisa langsung hubungi tim support melalui fitur Live Chat di aplikasi Floq.",2026-06-05 01:22:26,1.14.3
f1a8a106-7285-4b9f-9c00-59957829cdad,Colby Gaines,https://play-lh.googleusercontent.com/a-/ALV-UjW0b5w5M1GUaSeT6UtGCVxbAMvWj3vqLdfNfxD86NBC0yQ4Xl8,aplikasi nya bagus cuma e wallet nya tolong ditambah kan ovo dan penarikan nya lebih baik di e wallet saja supaya lebih mudah,3,2,1.16.0,2026-07-12 11:37:56,"Hai! 👋
Soal fitur Futures, noted banget ya! Tim kami terus berusaha mengembangkan fitur-fitur baru, jadi semoga bisa segera hadir.
Stay tuned dan terus support Floq, ya! 🚀
Kalau masalahnya sudah teratasi, kami akan sangat senang jika kamu bersedia mengupdate review-nya
Terima kasih atas feedback-nya! 💛",2026-01-22 11:52:27,1.16.0
2ad51b1e-e21d-487a-a66b-31d7edd4022d,AL,https://play-lh.googleusercontent.com/a-/ALV-UjUBOo5b-1xZJcTzETu4apcZ71CqXHSxMjpEFNUnm5PGx_ikgFN2,"Nyaman dan sangat simple, buat yang cuma nabung bitcoin aja ui nya juga enak engga ribet.",5,0,1.16.0,2026-07-12 09:39:06,"Haiii👋️, Terima kasih banyak buat bintangnya!
Seneng banget bisa jadi bagian dari pengalaman kamu yang menyenangkan 💫
Kalau nanti ada yang mau ditanyain, keluh kesah, atau sekadar butuh bantuan, langsung aja ke fitur Live Chat di aplikasi Floq.
Stay happy dan semoga hari kamu secerah semangatnya ✨",2026-07-12 09:57:07,1.16.0
d374a203-854f-4e37-aa8e-1cb246fbabaa,Rizzz ajah,https://play-lh.googleusercontent.com/a/ACg8ocLOmvrd4ZAyNhwoysB4U_NaK8H8Fxt7M4G6v5Y7O-ikpH3bx5g=mo,"Masa kalo beli pakenya market order yg pling tinggi sih ,sdgkn kalo jual ambilnya yg paling rendah.hadeh udh depo 52jt niat convert mau megang usdt .pas mau convert ke rp lgi trus ditarik malah rugi 500k gara gara beda harga market (pdhl cuma beda beberapa hari doang)",1,0,1.14.4,2026-06-07 07:21:09,"Hai! 👋
Maaf ya atas kendala yang kamu alami. Yuk, langsung hubungi tim support lewat Live Chat di aplikasi atau kamu bisa menghubungi kami melalui email customerservice@floq.id biar bisa kami bantu lebih cepat 💬
Kalau sudah teratasi, kami akan senang banget kalau kamu mau update review-nya 🌟",2026-06-07 07:36:46,1.14.4
d7ad37d1-91ba-493f-9284-bdca0d69e101,boncos sudah biasa,https://play-lh.googleusercontent.com/a-/ALV-UjU-pz9ZZXZ_W8_U1ZFy_E_gLTd9PLViG4IhUwOR3_sf2ouGNSkp,tolong buat token top 100 ko blom ada masih kurang komplit. dan kalo bisa kasih fitur staking buat token top 100 nya,5,0,1.14.4,2026-06-08 00:34:27,"Hai! Terima kasih banyak buat bintangnya!
Seneng banget bisa jadi bagian dari pengalaman Kakak yang menyenangkan

Kalau nanti ada yang mau ditanyain, keluh kesah, atau sekadar butuh bantuan, langsung aja ke fitur Live Chat di aplikasi Floq.

Stay happy dan semoga harimu semanis review Kakak tadi",2026-06-08 05:54:28,1.14.4
960d720e-b76b-4b7d-826a-806f0488e628,Tio Sembarang,https://play-lh.googleusercontent.com/a/ACg8ocKEQeXHbQCSqOgr1AtVrMw6KvwCPGjuYM0J5ys6p1icH-5QCQ=mo,"setelah update malah sering login ulang, di bantu untuk perbaikan lagi ya",4,0,1.14.2,2026-05-28 10:36:18,"Hai!
Terima kasih banyak untuk review positifnya! Senang banget tahu Kakak suka dengan aplikasi Floq.
Soal fitur Futures, noted banget ya! Tim kami terus berusaha mengembangkan fitur-fitur baru, jadi semoga bisa segera hadir.
Stay tuned dan terus support Floq, ya!",2026-05-28 11:25:59,1.14.2
4494d7d8-84bc-4e1d-bfda-830a981df962,Al Muma,https://play-lh.googleusercontent.com/a/ACg8ocI-YYpE0QuyKU8XFkANsbUqqOF3F90HFqDWI8UcaBEG49NhyA=mo,"hari ini akses tidak bisa, biasanya masukin pin ok , ini msgnya tidak bisa melakukan verivikasi device ini, di install ti hpnlain sama saja, ngeri kalau deposite besar...",4,0,1.15.0,2026-06-24 03:07:52,"Hai!
Mohon maaf atas ketidaknyamanan yang dialami. Untuk membantu proses pengecekan lebih lanjut, kami sarankan Kakak untuk menghubungi tim Customer Support melalui Live Chat di aplikasi Floq, atau melalui email di customerservice@floq.id (mailto:customerservice@floq.id), agar kami dapat segera membantu melakukan penanganan.
Kalau nanti ada yang...",2026-06-23 06:37:05,1.15.0
0dad63a6-c8b6-45fa-9db5-06d01f908418,Musa Chanell,https://play-lh.googleusercontent.com/a-/ALV-UjVozGUoWMiI1DEmGeeFUzMgVFxLeNysdF0zmNxYlFePatmfoF0,"Investasi sekarang nggak lagi ribet—apalagi kalau pakai FLOQ. Buat kamu yang masih pemula, platform ini terasa simpel banget dari awal. Mulai dari daftar akun sampai mulai investasi, semuanya dibuat ringkas dan mudah dipahami.Nggak perlu pusing mikirin istilah yang terlalu teknis,karena tampilannya userfriendly dan jelas. Yang paling kerasa itu: prosesnya cepat. Mau top up, pilih produk, sampai pantau perkembangan aset,semua bisa dilakukan dalam beberapa klik aja. @musa2001 #InvestasiKripto",5,1,1.11.0,2026-04-11 02:31:41,"Hai! Terima kasih banyak buat bintangnya!

Seneng banget bisa jadi bagian dari pengalaman kamu yang menyenangkan.

Kalau nanti ada yang mau ditanyain, keluh kesah, atau sekadar butuh bantuan, langsung aja ke fitur Live Chat di aplikasi Floq.

Stay happy dan semoga harimu semanis review kamu tadi~",2026-04-11 02:55:30,1.11.0
8c1a4f7d-0582-4726-87f9-9f1b829e520f,Moh Risandi,https://play-lh.googleusercontent.com/a-/ALV-UjWA02jofboLrZVz6FLPFXHQiVq4hxjTMUqGd_BHcxF2HF-7yWA2lg,"Jujur saya ragu mulai investasi crypto karena takut ribet dan ada biaya tersembunyi, tapi pas pake FLOQ ternyata simpel banget. Tampilannya mudah dipahami dan nggak bikin bingung. Fee-nya juga kecil, jadi transaksi lebih mudah. Fitur-fiturnya juga cukup lengkap tapi tetap simpel, cocok untuk pemula. Semoga ke depannya makin banyak update yang memudahkan, terutama buat calon-calon billionaire muda. @sandsky27 #InvestasiKripto",5,1,1.11.0,2026-04-10 14:15:17,"Hai! Terima kasih banyak buat bintangnya!

Seneng banget bisa jadi bagian dari pengalaman kamu yang menyenangkan 💫

Kalau nanti ada yang mau ditanyain, keluh kesah, atau sekadar butuh bantuan, langsung aja ke fitur Live Chat di aplikasi Floq.

Stay happy dan semoga harimu semanis review kamu tadi~ ✨",2026-04-10 14:24:27,1.11.0
015a29d1-54e6-4b54-a7c5-cf370cd1baa2,aan 123,https://play-lh.googleusercontent.com/a/ACg8ocJubSBAmuI2V9xw6t5KRVRGJp2BCbc2lv3RyjfV0aO0pgnOVg=mo,"kacauuu ini apk flooq, masa sesinya kadaluarsa lagi kadaluarsa lagi, harus login ulang mulu, ditambah gua udah liviness malah harus liviness lagi",3,0,1.17.0,2026-08-05 04:24:33,"Hai Kak
Mohon maaf atas pengalaman yang kurang nyaman saat menggunakan Floq. Kami memahami kendala yang Kakak alami terkait sesi yang sering kedaluwarsa sehingga harus login ulang, serta proses liveness yang perlu dilakukan kembali. Silakan pastikan aplikasi Floq sudah menggunakan versi terbaru dan koneksi internet dalam kondisi stabil saat digu...",2026-08-05 05:21:38,1.17.0
ebb891ed-fda6-4c01-91a2-ff7dcda34ea6,ED MAZAYA,https://play-lh.googleusercontent.com/a/ACg8ocL9o4Xabtb2Vu3by2idI8XtvG83sttw9Z95ijv3FzZ1-V6KZQ=mo,"sekarang bisa topup menggunakan qiris 😍☺️ tinggal perbanyak lagi koin2nya seperti apk sebelah ,,, sukses selalu ya floq & team juga member 🐳💌",5,0,1.17.0,2026-07-22 02:13:38,"""Halo! Wah, terima kasih udah kasih rating bagus buat kami!
Seneng deh bisa jadi bagian dari perjalanan kamu di dunia kripto bareng FLOQ 💫

Butuh bantuan atau mau ngobrol? Tim kita siap sedia di Live Chat aplikasi!
Semoga harimu seceria pesan yang kamu kirim tadi ya ✨""",2026-07-22 02:24:26,1.17.0
55f6dfbc-20eb-4859-a838-91d57cb7f76f,sahrul crb,https://play-lh.googleusercontent.com/a-/ALV-UjUQz-sCTQJWm-a5EN4c6qIdk4O7j0LzS3fpEbVhKxe_BRpUE-TO,"Di suruh tambahkan nomor sendiri, Malah error apaan nih aplikasi",2,0,1.18.0,2026-08-12 13:04:57,"Hai, Kak! Terima kasih sudah menghubungi kami 🙏
Mohon maaf kalau sebelumnya ada kendala saat menggunakan aplikasi Floq. Boleh dijelaskan detailnya di sini? Kami bantu langsung via DM.

Kalau Kakak lebih nyaman, bisa juga kirim email ke customerservice@floq.id ya.

Kami tunggu infonya, dan siap bantu sebisa mungkin 💛",2026-08-12 14:20:26,1.18.0
ef7bea83-0d06-4d67-9e4a-2025e9798a6f,Dimas DG Gaming,https://play-lh.googleusercontent.com/a-/ALV-UjXpis_GB3F8nAVG2XpEYRn6KrRrntQMLk0aMV7Pb7KSBjkWJfsd,"windrae gak lelet deposit pun gak lelet ,uI simpel bagus banget buat pemula",5,0,1.18.0,2026-08-10 02:31:50,"Terima kasih banyak atas ulasan dan bintang 5-nya! 🌟

Kami senang mendengar pengalaman Kakak memuaskan, baik untuk proses deposit maupun withdraw yang cepat. Kami juga senang mengetahui bahwa tampilan aplikasi yang simpel dan mudah digunakan bisa membantu pengguna pemula merasa nyaman.

Dukungan dan kepercayaan Kakak menjadi motivasi bagi kami ...",2026-08-10 02:41:03,1.18.0
0c593332-8aad-47cc-8f98-4450c6002d65,Muhammad raka tampubolon,https://play-lh.googleusercontent.com/a/ACg8ocJuz7xOpvs3bucsw0GXSAuWq7sDprbwTzMZWbRVNa1M9RshB4c=mo,login nya payah jaringan tidak valid gimana Cara ngatasi nya,2,0,1.18.0,2026-08-04 02:10:10,,,1.18.0
0c33304d-4a59-486b-93c8-0a8400f75691,aldi halimah,https://play-lh.googleusercontent.com/a/ACg8ocK5vCpn4aGA2ctW0Szedz78vme4SAp2MBMej0d6Ak8wcNtEBA=mo,"apk ini mudah banget buat pemula investasi,mudah (top up)(jual dan beli)aset, terus kadang ada price action gratis, tapi sayang nya gak ada fitur order limit sama trailing stop kalo ada itu sempurna banget sihh. username flog(USMAN MAULIDI) #InvestasiKripto",5,10,1.12.0,2026-04-13 14:07:40,"Hai! Terima kasih banyak buat bintangnya!
Seneng banget bisa jadi bagian dari pengalaman kamu yang menyenangkan

Kalau nanti ada yang mau ditanyain, keluh kesah, atau sekadar butuh bantuan, langsung aja ke fitur Live Chat di aplikasi Floq.

Stay happy dan semoga harimu semanis review kamu tadi",2026-04-13 14:24:30,1.12.0
fd3a1d9c-7a8d-4b71-9c0f-aa994f17829c,sugara maulid,https://play-lh.googleusercontent.com/a-/ALV-UjXU6VdG0xQ3Dv3lETR7Femup7xUIvNz7kcOLjQ-2RTpJZoQf_Np,pnl nya kenapa ilang ya bug atau gmana min?tolong segera di perbaiki.,5,0,1.17.0,2026-07-22 08:59:58,,,1.17.0
63859713-923f-478b-bba8-941da257aa2b,Husein Al Aziz,https://play-lh.googleusercontent.com/a-/ALV-UjU6YsBU0O29J6GD1UT4K9P94uqNAfHZ6BKh-J7zeVkTrplIlQFD,"​Awalnya iseng mencoba FLOQ, ternyata pengalamannya sangat memuaskan. UI-nya sangat simpel dan tidak ribet, jadi langsung mengerti meskipun baru pertama kali menggunakan. Performanya juga lancar, stabil, dan tidak ada lag. ​Tampilannya yang clean membuat navigasi terasa nyaman dan tidak membingungkan, sangat cocok untuk pemula. Saran saya ke depannya, mungkin bisa ditambahkan fitur edukasi agar pengguna bisa lebih maksimal dalam memahami dan menggunakan seluruh fitur yang tersedia. Recommended!",5,1,1.11.0,2026-04-11 12:51:53,"Hai! Terima kasih banyak buat bintangnya!
Seneng banget bisa jadi bagian dari pengalaman kamu yang menyenangkan 💫
Kalau nanti ada yang mau ditanyain, keluh kesah, atau sekadar butuh bantuan, langsung aja ke fitur Live Chat di aplikasi Floq.
Stay happy dan semoga harimu semanis review kamu tadi~ ✨",2026-04-11 12:55:22,1.11.0
6a4ee5c2-d985-4aed-8ba8-e0b91951c984,Candra My,https://play-lh.googleusercontent.com/a-/ALV-UjXMDVzvhQdhHPZ2nL3zvERctUhSuJ_ODT-RNa3tu0HxhuKyTuCv,"aplikasi mudah digunakan, cocok untuk pemula, pilihan koin banyak, dan transaksi cepat. overall bagus dan terpercaya. udah pakai beberapa waktu, overall puas. deposit dan withdraw cepet, aplikasinya juga ringan. semoga ke depannya makin bagus fiturnya (echannn27) #Investasikripto",5,3,1.12.0,2026-04-24 13:45:28,"Hai! Terima kasih banyak buat bintangnya!
Seneng banget bisa jadi bagian dari pengalaman Kakak yang menyenangkan

Kalau nanti ada yang mau ditanyain, keluh kesah, atau sekadar butuh bantuan, langsung aja ke fitur Live Chat di aplikasi Floq.

Stay happy dan semoga harimu semanis review kamu tadi",2026-04-24 14:05:16,1.12.0
caea0e84-e7f2-4283-915c-29f6a356e778,Qusairy Arby,https://play-lh.googleusercontent.com/a-/ALV-UjVDf2nkVTaD5izaA0giwlA56xWvXPluySWGvBZPa69OtgHXnEs,"Bisa mulai beli aset cuma Rp1.000. Saldo juga bisa diisi mulai Rp10.000 — pas banget buat saya yang ingin menabung sedikit demi sedikit. Saya pakai fitur Simpanan USDT dan dapat bunga stabil 6-7,5% per tahun, jauh lebih tinggi daripada bunga tabungan bank biasa yang cuma 2-3%. Uang berkembang setiap hari tanpa perlu saya lakukan apa-apa. rekomended buat pemula👍",5,4,1.13.1,2026-05-12 13:02:18,"Haiii, makasih banyak udah sempetin kasih review!
Kita seneng banget bisa nemenin perjalanan kamu bareng FLOQ
Kalau nanti ada yang bikin bingung, pengen tanya-tanya, atau cuma mau say hi, langsung aja ke Live Chat ya!
Semoga hari kamu secerah semangatnya.",2026-05-12 13:15:58,1.13.1
c02833ca-9c6a-40de-a501-22840b21e3f1,Friget Rutzihazmoko Pandu Zati,https://play-lh.googleusercontent.com/a-/ALV-UjUyqCv4xqSfOVKKQCPS0diLeL5ctBok3cB58uz7DAvTW_nEoaKm,"Tak kasi masukan ya,, di limit order walau Beta ada bug d order Sell nya,, terakhir saya jual untuk kenaikan 3-4% tapi harga sudah naik di 6% tapi orderan tidak terjual. fitur buy sell dengan penambahan persen cukup bagus tapi untuk cek atau buka Open Order Status agak susah buat pemula,, saran mungkin bagus kalo ikut yg lain buat order Sell dan Buy ada kelihatan waiting list-nya, dan ada tombol simpel untuk lihat atau cek open ordernya.",4,7,1.13.1,2026-05-10 04:35:59,"Hai! Terima kasih banyak buat bintangnya!
Seneng banget bisa jadi bagian dari pengalaman kamu yang menyenangkan
Kalau nanti ada yang mau ditanyain, keluh kesah, atau sekadar butuh bantuan, langsung aja ke fitur Live Chat di aplikasi Floq.
Stay happy dan semoga harimu semanis review kamu tadi~",2026-05-10 05:53:06,1.13.1
e4064895-2173-41f9-b633-0f57e05924e1,Anan Slankers,https://play-lh.googleusercontent.com/a-/ALV-UjVnAzejAvT3HKRroQH1W3DazYWmlQuqN3AaHvGbyYQlvlzArbc,"Tampilan sederhana dan mudah di pahami. Deposit juga mudah bisa transfer bank (VA) ataupun e-wallet seperti dana, gopay. Pilihan koin/token juga banyak. Ada fitur edukasi cocok untuk yang baru belajar crypto dan blockchain. Ada komunitas dan banyak event nya juga. Pokok nya the best deh aplikasi nya, semoga kedepan nya aplikasi floq lebih berkembang lagi @nanslank #InvestasiKripto",5,3,1.12.0,2026-04-16 14:09:57,"Hai! Terima kasih banyak buat bintangnya!
Seneng banget bisa jadi bagian dari pengalaman kamu yang menyenangkan 💫
Kalau nanti ada yang mau ditanyain, keluh kesah, atau sekadar butuh bantuan, langsung aja ke fitur Live Chat di aplikasi Floq.
Stay happy dan semoga harimu semanis review kamu tadi~ ✨",2026-04-16 14:35:29,1.12.0
784ba609-f46f-4fd7-9e49-ee2a33577949,Muhammad Firman Maulana,https://play-lh.googleusercontent.com/a-/ALV-UjXAQG-f8_A_NMVMAsMdXFgm8pq1T4pTOFBYWtVPk6mA52uQmrqy,"sangat bagus! aplikasinya ringan, transaksinya cepat dan banyak pilihan buat bayarnya sama minimum pembeliannya terjangkau buat saya yang pelajar dengan uang jajan pas pasan cuma dari 10k. sehat selalu developermya saya harap aplikasinya berkembang lebih baik lagi 👍 @pman10 #InvestasiKripto",5,0,1.12.0,2026-05-01 08:29:49,"Hai! Terima kasih banyak buat bintangnya!
Seneng banget bisa jadi bagian dari pengalaman kamu yang menyenangkan 💫
Kalau nanti ada yang mau ditanyain, keluh kesah, atau sekadar butuh bantuan, langsung aja ke fitur Live Chat di aplikasi Floq.
Stay happy dan semoga harimu semanis review kamu tadi~ ✨",2026-05-01 11:03:39,1.12.0
3d10f872-5684-4c2d-852b-f701bfce8e34,EGP GAMING,https://play-lh.googleusercontent.com/a-/ALV-UjW0-ANhIf_8jkG1UfjxRguc_rwk3U_sk5krqymTWzDexmSQUyqY,"Flog adalah pilihan terbaik untuk trading aset digital! Fitur lengkap, antarmuka intuitif, dan keamanan yang terjamin. Saya sudah menggunakan Flog selama beberapa bulan dan sangat puas dengan hasilnya. #InvestasiKripto",5,1,1.11.0,2026-04-12 12:34:02,"Haiii, makasih banyak udah sempetin kasih review! 🌟
Kita seneng banget bisa nemenin perjalanan kamu bareng FLOQ
Kalau nanti ada yang bikin bingung, pengen tanya-tanya, atau cuma mau say hi, langsung aja ke Live Chat ya!
Semoga hari kamu secerah semangatnya ✨",2026-04-12 12:36:32,1.11.0
242a97ac-f0f5-4701-8b82-cf0637ea6be6,Muhamad Fadli,https://play-lh.googleusercontent.com/a-/ALV-UjVEs4kAdCRYAt3-BcRD6uuHi0SDZlOyVx-XgdSuLznjCo6AuRAV,"tampilan aplikasinya minimalis dan simple, ini enak banget buat di lihat ngga rame kyk apk lain. minusnya sih gak bisa buat analisis chart dll, trus opsi top up masih dikit juga. semoga kedepannya bisa ditambahkan yaa",4,5,1.13.1,2026-05-04 11:44:49,"Hai!  Terima kasih banyak untuk review positifnya! Senang banget tahu kamu suka dengan aplikasi Floq.
Soal fitur Futures, noted banget ya! Tim kami terus berusaha mengembangkan fitur-fitur baru, jadi semoga bisa segera hadir.
Stay tuned dan terus support Floq, ya! 🚀",2026-05-04 11:51:26,1.13.1
043fb7e9-3f4e-41a8-94ff-be0b70ce0400,Tiyan Dwi waluyo,https://play-lh.googleusercontent.com/a/ACg8ocJOKKmF4iBxtfZT5CuLIxytPV_FHeAJVfoDf7-TAP9W-q9q6Q=mo,"Dari daftar sampai beli aset pertama, cuma butuh 5 menit. Tampilannya bersih, gak bikin pusing, cocok banget buat pemula kayak aku.""* *""FLOQ bener-bener ngebuktiin kalau investasi itu gak ribet. Modal 10 ribu udah bisa mulai, fiturnya lengkap tapi gampang dipahami. Auto cuan tanpa drama.""*""Yang paling aku suka dari FLOQ: 1. UI/UX nya simpel, gak ada istilah aneh-aneh. 2. Bisa mulai dari nominal kecil. 3. Edukasinya gratis dan gampang dicerna (Tiyan Dwi Waluyo) #InvestasiKripto",5,2,1.12.0,2026-04-24 12:11:37,"Hai! Terima kasih banyak buat bintangnya!
Seneng banget bisa jadi bagian dari pengalaman kamu yang menyenangkan 💫
Kalau nanti ada yang mau ditanyain, keluh kesah, atau sekadar butuh bantuan, langsung aja ke fitur Live Chat di aplikasi Floq.
Stay happy dan semoga harimu semanis review kamu tadi~ ✨",2026-04-24 12:34:59,1.12.0
cf56cbce-2eb6-4ee3-9ac1-25cda5d8aae4,Elraud,https://play-lh.googleusercontent.com/a-/ALV-UjWXszw4iwpOsw-dYXNjqvdV7Y6ZQIIouZ4BO8NuLZCeRZ_B_bSK,"yeay! skr udah ada limit order, biar bisa pasang harga sesuai yang kita harapin. promo zero fee nya sangat membantu buat yang jual beli harian. semoga ke depannya, order book bisa ditampilkan, untuk ikutan ngorder dengan para whale floq. @red #InvestasiKripto",5,6,1.13.1,2026-05-05 07:16:41,"Hai! Terima kasih banyak buat bintangnya!
Seneng banget bisa jadi bagian dari pengalaman kamu yang menyenangkan 💫
Kalau nanti ada yang mau ditanyain, keluh kesah, atau sekadar butuh bantuan, langsung aja ke fitur Live Chat di aplikasi Floq.
Stay happy dan semoga harimu semanis review kamu tadi~ ✨",2026-05-05 08:05:44,1.13.1
b8fb9716-43ae-46b0-a1b4-f86ccb910510,Ardesto Arief Abadi,https://play-lh.googleusercontent.com/a-/ALV-UjWvWmGH1D6ATBigeYbzj-RHomFQvPkmJScZcnOAQHMqQACwENMg,"sayang fitur tarik uang nya ke dana/gopay langsung belum ada. bisanya kalo mau narik uang harus ke bank, bagai mana ini nasib orang yang belum punya ktp dan masih sekolah",5,0,1.17.0,2026-07-26 17:46:10,,,1.17.0
e5f5a827-9c1c-4763-b4d3-613a1ce2e8ae,jefry agung,https://play-lh.googleusercontent.com/a/ACg8ocL1LhST16xzvItjwcOTVaNQ3WGTqxDvl0vmDfV1HfchBwDJ7Q=mo,"sudah bagus dan mudah di pahami, dan semoga kedepannya kalo bisa di tambahin fitur AVG dan persentase di bawah total aset secara real time min supaya kita tahu pergerakannya asset kita 🙏",5,4,1.11.0,2026-03-06 01:55:59,"Hai! 👋
Terima kasih banyak untuk review positifnya! Senang banget tahu kamu suka dengan aplikasi Floq.
Soal fitur AVG dan persentase, noted banget ya! Tim kami terus berusaha mengembangkan fitur-fitur baru, jadi semoga bisa segera hadir.
Stay tuned dan terus support Floq, ya! 🚀",2026-03-06 01:58:48,1.11.0
921fd925-5b6d-43b3-b456-c0ee9b7965c0,Kevin Christopher Andriano,https://play-lh.googleusercontent.com/a-/ALV-UjWSZsxFYkgjndTqxoRuCQ4U0JQ-8FMewEj8ctaMlDAoSb9zATZm,"Kok akun floq ku gabisa di bukaa ya min , disitu tertera tidak dapat memverifikasi perangkat .. kenapa ya min ? bisa tolong dibantu jawab pertanyaan saya",5,0,1.15.0,2026-06-23 04:43:28,,,1.15.0
c7699711-30cd-48cb-b1b0-0340f79eb1de,Akmal Yuza,https://play-lh.googleusercontent.com/a/ACg8ocLa08rS-X-3nf0sBExi7yHfLYTf-ecBw-dPhMUNXqU9scvoGw=mo,"@akmal95 Jujur, awalnya saya nggak tahu apa itu blockchain. Tapi fitur di dalam Floq bantu buat paham dasar-dasarnya sebelum saya berani 'nyemplung'. Sekarang portofolio saya mulai hijau berkat tips-tips di dalamnya. Buat pemula yang masih meraba-raba, aplikasi ini adalah kompas terbaik #InvesytasiKrypto",5,1,1.11.0,2026-04-10 10:43:38,"Hai! Terima kasih banyak buat bintangnya!

Seneng banget bisa jadi bagian dari pengalaman kamu yang menyenangkan.
Kalau nanti ada yang mau ditanyain, keluh kesah, atau sekadar butuh bantuan, langsung aja ke fitur Live Chat di aplikasi Floq.
Stay happy dan semoga harimu semanis review kamu tadi.",2026-04-11 05:00:26,1.11.0
7a04a227-7a64-4224-b20d-93ebb6146f4f,ZaGitariuS 987,https://play-lh.googleusercontent.com/a-/ALV-UjWHJQdWPf-uZ3H-yowRT_k1pAiruq723lw_dd_tyvromRWOKLE,"aplikasi sangat bagus, lebih mudah di mengerti cocok untuk pemula, tapi tolong segera di update untuk tempat topup, baik itu semua bank, ewallet, dan juga virtual account bank agar kalau topup bisa topup tanpa biaya admin dan bisa memudahkan kami sebagai pengguna, terima kasih",4,4,1.12.0,2026-04-26 06:16:17,"Hai!

Terima kasih banyak untuk review positifnya! Senang banget tahu kamu suka dengan aplikasi Floq.
Soal fitur Futures, noted banget ya! Tim kami terus berusaha mengembangkan fitur-fitur baru, jadi semoga bisa segera hadir.

Stay tuned dan terus support Floq, ya!",2026-04-26 07:32:24,1.12.0
e6da8884-1f08-46c0-90b5-da4153142c77,BOEDAK CHIANJOER,https://play-lh.googleusercontent.com/a-/ALV-UjUZ6xSSo6WM5NFekB7TrvEw7p7V5vfQ3wPXRiwtpUedwfy7C91F,"Setelah cobain, fitur limit order di Floq sangat ngebantu buat trading. Tampilan bersih dan to-the-point. Biaya transfer aset kripto juga kompetitif, bahkan pernah ngerasa fee buat Bitcoin cuma 1000 perak, jauh lebih murah dibanding exchange sebelah"".",5,7,1.13.1,2026-05-15 19:41:01,"Haiii, makasih banyak udah sempetin kasih review!
Kita seneng banget bisa nemenin perjalanan kamu bareng FLOQ
Kalau nanti ada yang bikin bingung, pengen tanya-tanya, atau cuma mau say hi, langsung aja ke Live Chat ya!
Semoga hari kamu secerah semangatnya.",2026-05-15 20:06:52,1.13.1
ae40bcaf-8e22-486a-acda-51b0220fb9f0,Ruy Fia17,https://play-lh.googleusercontent.com/a/ACg8ocLFdpVOs9uwtZiLuguxEoXtZyuo4sdeL2ditqAxalf_o2p1Bw=mo,mantap min market orderan nya akhirnya di luncurkan juga udah di tunggu dari dulu2 kalo seandainya ada market order di ploq malah lebih bagus kan kita bisa milih mau beli/jual di harga berapa gak terlalu ribet bolak balik lihat market.saya puas sama ploq kalian semoga kedepannya lebih bagus dan semakin bagus!!,5,1,1.12.0,2026-04-27 12:07:09,"Hai! Terima kasih banyak buat bintangnya!
Seneng banget bisa jadi bagian dari pengalaman kamu yang menyenangkan 💫
Kalau nanti ada yang mau ditanyain, keluh kesah, atau sekadar butuh bantuan, langsung aja ke fitur Live Chat di aplikasi Floq.
Stay happy dan semoga harimu semanis review kamu tadi~ ✨",2026-04-26 07:43:12,1.12.0
b7e4c8aa-98ec-4b52-a267-54f199fb47b3,Yohanes Deva T.P.,https://play-lh.googleusercontent.com/a-/ALV-UjXfyqOU4D2XMjslHJVQaODK5rj6TJxhpXmAN1BA7kBjA0Bx_9iT,"Awalnya ragu-ragu mau investasi di crypto, tapi aplikasi ini bikin semua proses lebih mudah dan transparan — cocok lah buat pemula kayak saya nih.",5,0,1.13.1,2026-05-17 15:38:12,"Hai! Terima kasih banyak buat bintangnya!
Seneng banget bisa jadi bagian dari pengalaman kamu yang menyenangkan 💫
Kalau nanti ada yang mau ditanyain, keluh kesah, atau sekadar butuh bantuan, langsung aja ke fitur Live Chat di aplikasi Floq.
Stay happy dan semoga harimu semanis review kamu tadi~ ✨",2026-05-17 15:49:13,1.13.1
4438b466-c3ca-48a1-a7df-44ad085e1295,Kevin rudiyansyah Rudiyansyah,https://play-lh.googleusercontent.com/a/ACg8ocIjJaE_TTeGdv2GZsejO9aEs6hQECT0MvSXWKvcpGfr5L_4cw=mo,"Transaksi cepat dan aman, ditambah aset-aset kripto populer ada semua di sini! Pas banget buat pemula kayak aku.",5,0,1.14.0,2026-05-20 15:59:26,"Hai! Terima kasih banyak buat bintangnya!
Seneng banget bisa jadi bagian dari pengalaman Kakak yang menyenangkan

Kalau nanti ada yang mau ditanyain, keluh kesah, atau sekadar butuh bantuan, langsung aja ke fitur Live Chat di aplikasi Floq.

Stay happy dan semoga harimu semanis review Kakak tadi",2026-05-20 16:43:43,1.14.0
72872306-2f9b-4a89-b9d3-879153078d73,akmar hadi,https://play-lh.googleusercontent.com/a/ACg8ocKLqKOkvlHQTZlEqGrL4GFI0sL_KVnU4UMfeuWbkROlKQaIZQ=mo,"Floq bikin trading Bitcoin jadi simpel banget, cukup satu klik aja langsung bisa beli aset kripto populer. Mantap buat pemula!",5,0,1.14.0,2026-05-19 15:59:29,"Haiii, makasih banyak udah sempetin kasih review!
Kita seneng banget bisa nemenin perjalanan kamu bareng FLOQ
Kalau nanti ada yang bikin bingung, pengen tanya-tanya, atau cuma mau say hi, langsung aja ke Live Chat ya!
Semoga hari kamu secerah semangatnya.",2026-05-19 16:10:59,1.14.0
23a3f682-4369-46c6-baca-033c975b25b0,zaki aldo,https://play-lh.googleusercontent.com/a-/ALV-UjXrO6k3JZ0w8nkD1UNyhCWgWMfWdYtymnDTiZYQrUBEARZWX9QB,"ui nya simple,tapi metode deposit sama withdraw nya kurang lengkap.Deposit cuma bisa lewat bank dan walaupun ada e-wallet, cuma bisa pake dana dan gopay,Withdraw nya cuma bisa pake bank, gabisa pake e-wallet.Harusnya metode deposit dan withdraw nya tambahin lagi,biar bisa lebih fleksibel kalau ada kendala di bank,dll",3,2,1.12.0,2026-05-08 13:36:54,"Hai!
Soal fitur Futures, noted banget ya! Tim kami terus berusaha mengembangkan fitur-fitur baru, jadi semoga bisa segera hadir.
Stay tuned dan terus support Floq, ya!
Kalau masalahnya sudah teratasi, kami akan sangat senang jika kamu bersedia mengupdate review-nya
Terima kasih atas feedback-nya!",2026-05-08 14:17:28,1.12.0
b559a59e-9565-4dad-99f2-4495ceecc732,Hermasss Prmdya,https://play-lh.googleusercontent.com/a/ACg8ocI7eN5_Qb1U5OGCO802WrMq7mLSuxM7NUCkOy4Mi4w7CvldVg=mo,"Floq apaan banget sih, update terus update terus, kenapa dah? sistem keamanannya kurang bagus kah? update pake Kouta loh",1,0,1.15.3,2026-07-29 14:17:21,,,1.15.3
0afd7004-04d4-44a3-8481-a80a615e131d,Putra Maulana,https://play-lh.googleusercontent.com/a-/ALV-UjWm6u9QpvXYo_WAaOXh7ZUSbGWxP0Cmjm18c4zvsS-U3_83Xyts,"tolong update fitur staking Kripto min, aplikasinya udah bagus saya harap fitur itu akan segera hadir di aplikasi floq",5,0,1.16.0,2026-07-16 13:37:42,"Terima kasih banyak Kakak atas rating 5 bintangnya! ⭐⭐⭐⭐⭐

Kami senang mengetahui bahwa Kakak menikmati pengalaman menggunakan FLOQ. Terima kasih juga atas masukannya terkait fitur staking kripto. Masukan seperti ini sangat berharga bagi kami dan akan kami teruskan sebagai bahan pertimbangan untuk pengembangan FLOQ ke depannya.

Terima kasih sud...",2026-07-16 14:26:46,1.16.0
129331ef-cb73-4a31-aba6-ba556f91e733,Barut Barut,https://play-lh.googleusercontent.com/a/ACg8ocJxiHgrWAMxF23W34HrXGZuzmQrz_JAVgwvku12tVQs-03f8w=mo,"tolong dong, limit orderrnya perbaiki, masa udh ke sentuh, limitnya ngga kena",5,0,1.16.0,2026-07-18 09:46:49,"Hai! Terima kasih banyak buat bintangnya!
Seneng banget bisa jadi bagian dari pengalaman kamu yang menyenangkan 💫

Kalau nanti ada yang mau ditanyain, keluh kesah, atau sekadar butuh bantuan, langsung aja ke fitur Live Chat di aplikasi Floq.

Stay happy dan semoga harimu semanis review kamu tadi~ ✨",2026-06-26 13:16:49,1.16.0
f02685a6-ff67-44a3-9d66-54aca5f679ae,omongkosong 277,https://play-lh.googleusercontent.com/a/ACg8ocI3PJg0v7sJpv4trQ9fq4Im1vnkcuId9vrppo1X6VYos295UQ=mo,"tolong perbaiki peningkatan atau pengurangan harga coin biar, ga di apk lain hrg bya misalkan 20 IDR kalo di floq masih lambat 16 IDR, terimakasih",4,0,1.16.0,2026-07-18 22:10:26,,,1.16.0
8df34710-e991-4106-9bcb-ae3e036829d0,putuayuapriliani,https://play-lh.googleusercontent.com/a/ACg8ocLrXhJcPJCxlkO3PUd3KMs83b5EUcNf5LvKtm1_ahsBXOUt=mo,"sumpadeh pakek floq tu PALING BAGUS BANGET, dipakenya mudah banget, apalagi bagi yg awal"" nih yg mau terjun ke dunia Crypto. Saran aku sih ya pakek floq aja, udh di awasi ojk, aman, nyaman, simple, ga ribet deh thank you yah floq, kembangin lagi ya 😃 #InvestasiKripto @ayuapril",5,1,1.11.0,2026-04-13 11:16:31,"Haiii, makasih banyak udah sempetin kasih review! 🌟
Kita seneng banget bisa nemenin perjalanan kamu bareng FLOQ
Kalau nanti ada yang bikin bingung, pengen tanya-tanya, atau cuma mau say hi, langsung aja ke Live Chat ya!
Semoga hari kamu secerah semangatnya ✨",2026-04-13 11:29:19,1.11.0
cd189a16-0145-43ef-bcaf-bae1da97c7e9,Ronald Tato,https://play-lh.googleusercontent.com/a-/ALV-UjUZuWgTAhyiVzIVV3KmwXlFqEa_8Pz2h--xzSp0_wx8lEBlM_0N,"kok ada beberapa koin tidak bisa di akses ya apa akun saya atau memang belum bisa ya, flog banyak kekurangannya",1,3,1.14.4,2026-06-21 04:38:08,"Halo Kak!
Mohon maaf atas ketidaknyamanannya ya
Terkait akses koin, beberapa aset memang belum tersedia atau belum dapat diakses di aplikasi Floq saat ini.
Jika Kakak masih mengalami kendala, silakan hubungi tim kami melalui Live Chat di aplikasi agar dapat kami bantu pengecekan lebih lanjut.
Terima kasih atas feedback yang telah disampaikan 💙",2026-06-21 06:37:12,1.14.4
5bb46aba-abf6-499a-a13c-ef90b091ce62,Zee Cell Plp,https://play-lh.googleusercontent.com/a-/ALV-UjVbyAafJhwH899gfkKlXKXReiBhlg8SAi9zjV6he_Hr_JwkH14,"ada yg susah login jg??? aku koq susah login ya? tulisan ""kamu tidak terhubung"" padahal wifi full jaringannya...",4,0,1.14.4,2026-06-08 14:28:29,"Hai!

Maaf ya atas kendala yang kamu alami. Yuk, langsung hubungi tim support lewat Live Chat di aplikasi atau melalui email customerservice@floq.id biar bisa kami bantu lebih cepat.

Kalau sudah teratasi, kami akan senang banget kalau Kakak mau update review-nya.
Makasih banyak atas dukungannya!",2026-06-08 14:37:35,1.14.4
7a26b58a-469f-4633-adb9-15c695d97c31,Sapta Yho,https://play-lh.googleusercontent.com/a-/ALV-UjWuMttGleeeuUmbq4YjyQjG7yunvKWLEdrgIcLIvok9_K_pqxk,"Mantap Makin bagus, Kalo. Bisa Tambahin tema gelap dan bikin makin smooth",5,0,1.14.4,2026-06-07 15:13:38,"Hai! Terima kasih banyak buat bintangnya!
Seneng banget bisa jadi bagian dari pengalaman Kakak yang menyenangkan

Kalau nanti ada yang mau ditanyain, keluh kesah, atau sekadar butuh bantuan, langsung aja ke fitur Live Chat di aplikasi Floq.

Stay happy dan semoga harimu semanis review Kakak tadi",2026-06-08 05:52:39,1.14.4
7f963c1f-521c-44e8-a30b-d5b9569244ce,Karmen Hines,https://play-lh.googleusercontent.com/a/ACg8ocKnaAE1mXMu_mG4pt9xvjrTw18-wEDryuCbLPRBfsoEFWDuKw=mo,Pasar Crypto hanya pas Live sedangkan Gainers gk bisa di order. Gk pernah imbal hasil selalu berkurang,2,0,1.14.4,2026-06-15 12:21:49,"Hai! 👋
Maaf ya atas kendala yang kamu alami. Yuk, langsung hubungi tim support lewat Live Chat di aplikasi atau kamu bisa menghubungi kami melalui email customerservice@floq.id biar bisa kami bantu lebih cepat 💬
Kalau sudah teratasi, kami akan senang banget kalau kamu mau update review-nya 🌟
Makasih banyak atas dukungannya! 💛",2026-06-15 12:34:25,1.14.4
67a88b95-c70d-46d5-97b9-376d0eea14e0,Fajar Abdillah,https://play-lh.googleusercontent.com/a-/ALV-UjWud6jAuaSxe1jnHJZENVFewnk1k94AK48TjrevKodF2kXhT5Q,"mantap bgt, apk exchange terbaik.. pajak 0% uda gitu kalo narik pajaknya ga nyusahin banget... floq the best",5,0,1.14.1,2026-05-24 07:28:06,"Haiii, makasih banyak udah sempetin kasih review!
Kita seneng banget bisa nemenin perjalanan kamu bareng FLOQ
Kalau nanti ada yang bikin bingung, pengen tanya-tanya, atau cuma mau say hi, langsung aja ke Live Chat ya!
Semoga hari kamu secerah semangatnya.",2026-05-24 07:36:29,1.14.1
4f5cc38e-ea38-4ee9-80db-79f9a6b19e2c,Rashiqa Cell,https://play-lh.googleusercontent.com/a/ACg8ocJSeAvc5PMBzIM_nkLv4L5JgqAHAbkn4DUs5vvqO5hMkBhOWg=mo,apk penipuan mah ini..jangan di download...saya beli aset cripto bitcoin malah di kunci apk ini duit saya...jika kalian ingin investasi ke yang lain aja...jangan Disni... sebelum kalian menyesal..,1,2,1.14.2,2026-05-29 12:25:38,"Hai!

Maaf ya atas kendala yang Kakak alami. Yuk, langsung hubungi tim support lewat Live Chat di aplikasi atau melalui email customerservice@floq.id biar bisa kami bantu lebih cepat.

Kalau sudah teratasi, kami akan senang banget kalau Kakak mau update review-nya.
Makasih banyak atas dukungannya!",2026-05-29 12:28:46,1.14.2
cc50045d-63f6-4763-a3a9-99423596db0c,Hilarius Anton,https://play-lh.googleusercontent.com/a/ACg8ocJhMuG_ECmFodajshp6yar4deusF1Sh4CBtIiTEmqyyS0wa6w=mo,mohon di perbaikin dong kadang p&l nya engga muncul nominal keuntungan nya padahal saya beli di harga rendah mau di halaman utama sama di dompet p&l nya engga keluar masih nol,5,0,1.14.1,2026-05-25 05:54:45,"Hai, Kak! Terima kasih sudah menghubungi kami
Mohon maaf atas ketidaknyamanannya. Kakak lagi butuh info atau bantuan seputar aplikasi Floq? yuk bisa langsung live chat.
Kalau lebih nyaman lewat email, Kakak juga bisa hubungi kami di customerservice@floq.id
Terima kasih.



",2026-05-25 06:02:23,1.14.1
a7332c1d-63c9-4330-972c-3ebf9b460049,Fadli Aliando,https://play-lh.googleusercontent.com/a/ACg8ocIekaGH6G1Kz7a2rxNCanWepG3BbSfDGXwjnOe9iM5ZVpHZJYQ=mo,"aplikasinya susah bgt login setelah logout dan pembaruan,walau sudah pakai lupa sandi",1,3,1.14.2,2026-05-29 11:47:15,"Hai!

Maaf ya atas kendala yang Kakak alami. Yuk, langsung hubungi tim support lewat Live Chat di aplikasi atau melalui email customerservice@floq.id biar bisa kami bantu lebih cepat.

Kalau sudah teratasi, kami akan senang banget kalau Kakak mau update review-nya.
Makasih banyak atas dukungannya!",2026-05-29 11:53:55,1.14.2
339906be-0873-4cbb-93af-037571ead9ad,Mimi Start,https://play-lh.googleusercontent.com/a-/ALV-UjXM3Yb7AF7s7JzkzisUQG1Oe3jOeKBUbjOD0Qj5LMySi9lwl50,"pakai aja kode reff PROMO saat pertama kali mendaftar aplikasi ini sangat bagus tampilan UI nya juga jelas, alhamdulillah kalo saya sangat menyukai aplikasi ini karena aplikasi ini bener bener bisa buat saya senang dan bahagia. alhamdulillah sekali ya, maka dari itu saya saran kan buat kalian mencoba untuk mendownload aplikasi ini pemasukan tambahan ya ini gaes. saya senang dan bahagia. alhamdulillah sekali ya, maka dari itu saya saran kan buat kalian mencoba untuk mendownload aplikasi 😎",5,1,1.14.3,2026-06-01 02:38:15,"Hai! Terima kasih banyak buat bintangnya!
Seneng banget bisa jadi bagian dari pengalaman Kakak yang menyenangkan

Kalau nanti ada yang mau ditanyain, keluh kesah, atau sekadar butuh bantuan, langsung aja ke fitur Live Chat di aplikasi Floq.

Stay happy dan semoga harimu semanis review Kakak tadi
",2026-06-02 06:03:41,1.14.3
c7970fde-07fb-499d-aa86-f2cea29f871d,Crypto LegitCek,https://play-lh.googleusercontent.com/a-/ALV-UjWLBxlcTPxLSIxqCdfJlcnJzQQz0Dua6_HMsgYd2KAcMM4SPrvQ,"ok sihhh semuanya ringan simple, tolong tambahkan fitur profit dan mines di tiap crypto yg di miliki jadi bisa tahu mines profit berapanya tiap crypto , karna saat ini hanya ada fitur total profit munes dari semua aset",4,0,1.15.2,2026-07-03 10:16:48,"Hai! 👋
Terima kasih banyak atas review positifnya 🙌 Senang banget dengar kamu nyaman pakai aplikasi Floq.

Masukan soal fitur Futures sudah kami catat ya 👍 Tim kami terus berinovasi, semoga segera bisa hadir.
Jangan lupa terus pantau update dari Floq 🚀",2026-07-03 10:38:41,1.15.2
fbe17b21-c498-4cfd-9fb8-0592fdf9bd53,E MUAMAR S,https://play-lh.googleusercontent.com/a/ACg8ocJ8LcKlNdra_gummnRat2-N5X9HMOkHQ_1Ot556SU-Mjs2TH64=mo,"Perbarui: 1) Belum ada PnL total atau kumulatif per aset koin bukan harian 2) Belum ada harga rata-rata pembelian tiap aset koin 3) Belum ada EURC, USDS dan USDe",1,11,1.15.2,2026-07-04 16:55:29,"Hai! 👋
Maaf banget atas ketidaknyamanannya 😥
Kalau Kakak mempunyai kendala, silakan hubungi tim support email ke customerservice@floq.id biar bisa kami bantu cek lebih lanjut ya 💛",2026-07-04 17:05:34,1.15.2
a2ebc037-b5e4-4ce7-a27e-099daeac79b9,Nanda,https://play-lh.googleusercontent.com/a/ACg8ocJ17u1x9Sv7DH1-d1gGvscuOkH2A9YCdx501Qunlgv6DPGS1A=mo,Tingkatkan kualitas pelayanan. Tetap jadi yg terbaik🩵 Deposit Sat set🫱 WD jg Sat set🫰...,5,0,1.15.3,2026-07-10 07:34:39,"Hai! Terima kasih banyak buat bintangnya!

Seneng banget bisa jadi bagian dari pengalaman kamu yang menyenangkan 💫
Kalau nanti ada yang mau ditanyain, keluh kesah, atau sekadar butuh bantuan, langsung aja ke fitur Live Chat di aplikasi Floq.

Stay happy dan semoga harimu semanis review kamu tadi~ ✨",2026-07-01 02:52:58,1.15.3
2bdfd20c-a3b0-485e-8118-edfaac7d0764,Fajar Rizki,https://play-lh.googleusercontent.com/a-/ALV-UjUtWJovMQ6XwiH51_c1F8ZmrsOg8GmA39NwFUvAV-xA4Xx3C-4,"udah daftar akun tapi udah 2 hari belum terverifikasi akunnya, padahal datanya udah lengkap",2,1,1.15.1,2026-06-26 16:45:34,"Hai!

Maaf banget ya atas kendala yang kamu alami saat proses verifikasi.

Biar bisa kami bantu lebih lanjut, kamu bisa langsung hubungi tim support melalui fitur Live Chat di aplikasi Floq.

Terima kasih sudah sabar — kita akan pastikan prosesnya berjalan lancar secepat mungkin! ✨",2026-06-26 17:18:30,1.15.1
d38ffb14-8d06-478b-bb7a-f6d3887a79f7,Adi Vtuber,https://play-lh.googleusercontent.com/a-/ALV-UjWFt-pvKxozz-cVp-kxIEYpglPXi0wpLeb0BzTH-g-vYsIDQLA,"setelah di perbarui aplikasinya kok malah balik-balik terus,tolong di perbaiki gan",5,0,1.14.2,2026-05-29 14:05:22,"Hai! Terima kasih banyak buat bintangnya!
Seneng banget bisa jadi bagian dari pengalaman Kakak yang menyenangkan

Kalau nanti ada yang mau ditanyain, keluh kesah, atau sekadar butuh bantuan, langsung aja ke fitur Live Chat di aplikasi Floq.

Stay happy dan semoga harimu semanis review Kakak tadi
",2026-05-29 14:07:20,1.14.2
c4fb04a2-e73b-4bf0-a03a-0856cf033f96,Ahmad Raffi Maulana,https://play-lh.googleusercontent.com/a-/ALV-UjUDK1V1_WhPg4lwaw99iaJFQGKz_55hZvme4CMd3ouogni1_tw,"selama ini tidak ada kendala dalam proses transaksi, saran saya tambahkan fitur staking coin. terimakasih 🙏",5,0,1.15.3,2026-07-09 05:44:33,"Halo Kak,
Terima kasih atas ulasan dan dukungan bintang 5 yang telah diberikan
Kami senang mengetahui bahwa Kakak tidak mengalami kendala dalam bertransaksi menggunakan Floq. Terima kasih juga atas saran terkait fitur staking coin. Masukan dari pengguna akan menjadi bahan pertimbangan bagi tim kami untuk pengembangan layanan ke depannya.
Terima...",2026-07-09 06:25:45,1.15.3
ea8968b1-d2b7-4b1b-a0bb-6b789fbbc1d8,Aqil Darmawan,https://play-lh.googleusercontent.com/a-/ALV-UjVIN91kLx1ahoamA-P0k7Ev_b59OC3esGUdHfOtj4K2mpBZVEBm,"berharap bisa ada fitur, trading future secepatnya",5,0,1.15.3,2026-07-08 17:09:52,"Hai! 👋

Terima kasih banyak untuk review positifnya! Senang banget tahu kamu suka dengan aplikasi FLOQ.

Soal fitur Futures, noted banget ya! Tim kami terus berusaha mengembangkan fitur-fitur baru, jadi semoga bisa segera hadir.

Stay tuned dan terus support Floq, ya! 🚀",2026-07-08 20:06:35,1.15.3
fb275beb-4e84-4e24-89e5-2b39e2385adb,JuliendroTh Shine kakalang,https://play-lh.googleusercontent.com/a-/ALV-UjVgwZUY3sLyjw45Fq2Ib1imQt_N969Y-hCdx1Hy57ERZTSnHzg,"Floq exchange terkeren menurut gua, investasi crypto nya sangat Paten",5,0,1.14.4,2026-06-06 09:12:45,"Hai! Terima kasih banyak buat bintangnya!
Seneng banget bisa jadi bagian dari pengalaman Kakak yang menyenangkan

Kalau nanti ada yang mau ditanyain, keluh kesah, atau sekadar butuh bantuan, langsung aja ke fitur Live Chat di aplikasi Floq.

Stay happy dan semoga harimu semanis review Kakak tadi",2026-06-06 09:18:51,1.14.4
55205d24-3f23-441b-8c58-d8e477f5fc01,Abi Aulia Kahfi,https://play-lh.googleusercontent.com/a-/ALV-UjUOCsh4jEnPiUMGVOccT7KmQnnu-MC7-dgyN__27H8YiGxsyqQ,"spreadnya beli btc market order tinggi banget min, tolong lebih di tipisin lagi spreadnya , agar bersaing dengan exchange lain, sya mau dca sampe 2029 di floq soalnya, kalo spreadnya lebih rendah saya tambah bintangnya",3,0,1.14.3,2026-06-02 16:18:55,"Hai!
Terima kasih banyak atas reviewnya. Senang banget kamu pakai aplikasi Floq.
Masukannya sudah kami catat ya. Tim kami terus berinovasi, semoga bisa jauh lebih baik lagi.
Jangan lupa terus pantau update dari Floq.",2026-06-03 00:09:58,1.14.3
2bc33e0a-7d63-4a23-949c-27ce820934c1,burung 28,https://play-lh.googleusercontent.com/a/ACg8ocJbcxAakZTZym1rtmMAFXXjSiAf0av8tjOSEa0Qytwk9LvUYQ=mo,Aplikasinya sudah bagus dan perlu dikembangkan lagi dan semoga cuan,5,0,1.14.1,2026-05-25 12:12:28,"Hai!
Terima kasih banyak atas review positifnya. Senang banget dengar kamu nyaman pakai aplikasi Floq.
Tim kami terus berinovasi, semoga bisa lebih baik lagi ya.
Jangan lupa terus pantau update dari Floq",2026-05-25 12:49:09,1.14.1
c7e951cd-ccab-4070-b067-0848ba2b202a,Nur Cahaya,https://play-lh.googleusercontent.com/a/ACg8ocIwkrjBhb-wvxl5vi9WeUlbBUGcYS6YMOT3S9sky_RKt5i6CA=mo,"Tambahkan dompet DANA,GOPAY,OVO di bagian isi formulir. karena semua orang belum tentu punya akaun BANK.( masalah belum teratasi)",2,0,1.15.1,2026-06-24 16:26:47,"Hai! 👋
Soal fitur Futures, noted banget ya! Tim kami terus berusaha mengembangkan fitur-fitur baru, jadi semoga bisa segera hadir.
Stay tuned dan terus support Floq, ya! 🚀
Kalau masalahnya sudah teratasi, kami akan sangat senang jika kamu bersedia mengupdate review-nya
Terima kasih atas feedback-nya! 💛",2026-06-24 21:36:24,1.15.1
74d3231a-25f3-47c9-873c-393d3bcbb2ca,Ryzee.,https://play-lh.googleusercontent.com/a-/ALV-UjUPZ8LgF6sceuxjPLXmuikPy8W4iQPiI4GtBZC0zi0I96DshFPF,tolong tambahkan login pakai sidik jari biar lebih mudah untuk masuknya,4,0,1.14.3,2026-06-03 13:31:36,"Hai! 👋
Terima kasih banyak untuk review positifnya! Senang banget tahu kamu suka dengan aplikasi Floq.
Soal fitur Futures, noted banget ya! Tim kami terus berusaha mengembangkan fitur-fitur baru, jadi semoga bisa segera hadir.
Stay tuned dan terus support Floq, ya! 🚀",2026-06-03 13:34:26,1.14.3
76817883-3d73-4d7a-834b-ae78bfc3c18b,putra Di sini,https://play-lh.googleusercontent.com/a-/ALV-UjWONoVB5yAznrEkaczlwmGFvK0Q7hseo_v5ycFlymy5PPSk3g,"bagus sih,coba tolong untuk penarikannya ditambahin e-wallet biar penarikan lebih gampang",5,0,1.15.1,2026-06-24 07:16:52,"Hai! Terima kasih banyak buat bintangnya!
Seneng banget bisa jadi bagian dari pengalaman kamu yang menyenangkan 💫

Kalau nanti ada yang mau ditanyain, keluh kesah, atau sekadar butuh bantuan, langsung aja ke fitur Live Chat di aplikasi Floq.

Stay happy dan semoga harimu semanis review kamu tadi~ ✨",2026-06-24 08:19:40,1.15.1
96b4295c-b200-4f3c-9b5f-e0db30ab76a5,Jhody Prasetyo,https://play-lh.googleusercontent.com/a-/ALV-UjWt0vP3CJ3J6V874rHFCfgySrBsubHHp_fbRiNHVW4MBw82aWWB,"habis update gabisa masuk ke aplikasi, malah ke direct ke playstore mulu",1,0,1.14.2,2026-05-30 03:36:38,"Hai!
Maaf banget ya atas kendala yang kamu alami
Biar bisa kami bantu lebih lanjut, kamu bisa langsung hubungi tim support melalui fitur Live Chat di aplikasi Floq.",2026-05-30 03:48:47,1.14.2
fa87496b-91ee-406f-b7a6-45c362925928,Iqbal hafiz,https://play-lh.googleusercontent.com/a/ACg8ocKJN4lW10qA9H2XdlPwfD6Fj816colXHoMiux7y6aYnVu5lIw=mo,"kenpa pnl, sya hilang setelah update haduhh gimna sie sistem nya ngebug terus ☺☺",1,3,1.14.3,2026-06-01 15:48:17,"Hai!
Maaf ya atas kendala yang Kakak alami. Yuk, langsung hubungi tim support lewat Live Chat di aplikasi atau melalui email customerservice@floq.id (mailto:customerservice@floq.id) biar bisa kami bantu lebih cepat.
Kalau sudah teratasi, kami akan senang banget kalau Kakak mau update review-nya.
Makasih banyak atas dukungannya!",2026-06-02 06:07:58,1.14.3
2cba7243-686a-4594-a281-95ace87d1860,Endra P Siddik,https://play-lh.googleusercontent.com/a/ACg8ocKeJNbYfCqr3p19ezkPQWYPyxUbrLoMIaLUYm9BXj7eczAUcQ=mo,gw kasi saran nih floq 1. jgn ada perpetual future 2.koin nya banyak tp gak bs dibuy (segera hadir) 3.candle nya dibuat bs mantau gt sama ada history order 4. segera realisasikan koin koin yg bs di order aku yakin floq jd exchange lokal terbaik 5.limit order wajib,5,0,1.14.4,2026-06-11 11:07:11,"Hai!
Terima kasih banyak untuk review positifnya! Senang banget tahu kamu suka dengan aplikasi Floq.
Soal fitur Futures dan masukannya, noted banget ya! Tim kami terus berusaha mengembangkan fitur-fitur baru, jadi semoga bisa segera hadir.
Stay tuned dan terus support Floq, ya! 🚀",2026-06-11 12:12:26,1.14.4
5be82422-27d3-433a-8d09-4fecdc57746c,Ahmad Fauzan,https://play-lh.googleusercontent.com/a-/ALV-UjUyOOUgHxTlPqpIOjTFAdeSvHNoBdg3vRKOHJSssWEzk6UEHBwQ,"@fauzanf  #InvestasiKripto Alasan saya dan kalian juga harus berinvestasi menggunakan FLOQ adalah 1. Tampilan dan fitur yang Sangat simpel dan mudah dipahami . buat kalian dan saya yang masih awam banget soal crypto ini sangat membantu karena biasanya exchange lain pakai tampilan yang ribet dan bahasa yang agak teknis, tapi kalau FLOQ semua nya serba simple dan mudah dipahami. dan biaya deposit gratis pakai VA dan support all banks dan yang paling enaknya zero fee alias gada biaya trading.",5,0,1.12.0,2026-04-30 17:52:12,"Haiii, makasih banyak udah sempetin kasih review!
Kita seneng banget bisa nemenin perjalanan kamu bareng FLOQ
Kalau nanti ada yang bikin bingung, pengen tanya-tanya, atau cuma mau say hi, langsung aja ke Live Chat ya!
Semoga hari kamu secerah semangatnya",2026-04-30 18:12:34,1.12.0
85937cd3-15e2-49e8-adfc-c52aea96b54d,abdulmajidalwi,https://play-lh.googleusercontent.com/a-/ALV-UjXj9N3LkuPOhctWCWV4rUy_fjpMhV5aunoylph7r-Uhy_EVGGUT,"Jujur, awalnya sempat ragu mau mulai investasi karena bayangannya bakal ribet dengan urusan administrasi Tapi setelah saya coba FLOQ, pandangan saya berubah total! 1. User Interface (UI) Sangat Clean: Tampilannya modern dan mudah di pahami 2. Proses Registrasi kilat: Cuma butuh beberapa menit dan semuanya paperless.cepat banget 3. Minimal Deposit Terjangkau: Ini poin paling penting buat saya atau yang mau belajar cocok untuk ""INVESTASI PEMULA"". #InvestasiKrip FLOQ : @abdulmajialwi BISMILLAH",5,0,1.13.1,2026-05-06 07:31:56,"Hai! Terima kasih banyak buat bintangnya!

Seneng banget bisa jadi bagian dari pengalaman kamu yang menyenangkan.
Kalau nanti ada yang mau ditanyain, keluh kesah, atau sekadar butuh bantuan, langsung aja ke fitur Live Chat di aplikasi Floq.

Stay happy dan semoga harimu semanis review kamu tadi~",2026-05-06 08:00:55,1.13.1
1a208132-6079-41a3-8514-845a9158a297,dede faizzz,https://play-lh.googleusercontent.com/a-/ALV-UjXweN2W7rvhZH7ubLoO-bMRGNas2RaCXw_oteS5gVWX_RdgOgf9,"dear developer, tolong tambahi fitur total return-nya untuk melengkapi total pnl karena tidak bisa menjadi acuan. Diitung dari awal beli di avg sekian sampai terakhir beli di avg sekian. Supaya kita tau return invest yg kita peroleh berapa? Makasi",4,2,1.11.0,2026-03-16 04:01:14,"Hai! 👋
Terima kasih banyak untuk review positifnya! Senang banget tahu kamu suka dengan aplikasi Floq.
Soal fitur Futures, noted banget ya! Tim kami terus berusaha mengembangkan fitur-fitur baru, jadi semoga bisa segera hadir.
Stay tuned dan terus support Floq, ya! 🚀",2026-03-16 04:18:28,1.11.0
34fd22c5-4cbe-4d15-bbb7-60fdec63b8bd,RYAnZ,https://play-lh.googleusercontent.com/a/ACg8ocLPM2-YhgPQix3FoLbPAl0Y1ziJMFqt0-v0NyBadbtquuOUHg=mo,"untuk aplikasi nya sebenernya simpel simpel aja ya tapi klo bisa ke depan nya bisa buka gak selalu pake pin, Minimal pake sidik jari aku takut orang-orang skitar klo liat",5,0,1.11.0,2026-03-17 16:29:00,"Hai! Terima kasih banyak buat bintangnya!
Seneng banget bisa jadi bagian dari pengalaman kamu yang menyenangkan 💫
Kalau nanti ada yang mau ditanyain, keluh kesah, atau sekadar butuh bantuan, langsung aja ke fitur Live Chat di aplikasi Floq.
Stay happy dan semoga harimu semanis review kamu tadi~ ✨",2026-03-17 23:09:31,1.11.0
e911cb5e-43db-4a59-b63b-dcf4fbe7be3d,Muhammad Rizki,https://play-lh.googleusercontent.com/a-/ALV-UjXEpAgNN2owVzirey-QinqB16lwUZebgk8TJGfGZopjW3fBljMX,aplikasi nya sangat bagus buat investasi bct saya saya sangat suka dengan aplikasi satu in buat to up nya sangat simpel ga ribet mudah di pahami dan saya udah lumayan lama pake aplikasi ini saya kasih bintang 🌟🌟🌟🌟🌟,5,1,1.11.0,2026-03-05 04:40:00,"Hai! Terima kasih banyak buat bintangnya!
Seneng banget bisa jadi bagian dari pengalaman kamu yang menyenangkan 💫
Kalau nanti ada yang mau ditanyain, keluh kesah, atau sekadar butuh bantuan, langsung aja ke fitur Live Chat di aplikasi Floq.
Stay happy dan semoga harimu semanis review kamu tadi~ ✨",2026-03-05 05:06:35,1.11.0
64f793b8-aafd-4eee-b3a0-177074d19a86,Boy I,https://play-lh.googleusercontent.com/a/ACg8ocKCw3hitMwCqhLD785DrLlU7tKkq3YLo0Kx0lE-soBGHd_xmw=mo,"sangat memudahkan untuk berinvestasi, sudah gampang murah menang banyak, mantap banget ada aplikasi FLOQ membantu sekali, dan pastinya mudah cepat aman lagi, sudah di awasi OJK jadi tenang berinvestasi di FLOQ, untuk kalian yang masih bingung mau investasi dimana di FLOQ aja, aman, cepat,tanpa ribet, pokonya rekomendasi buat pemula yang ingin berinvestasi, atau kalangan remaja yang ingin menabung buat masa depan bisa banget BURUAN DOWNLOAD @destianabisalam #InvestasiKripto",5,1,1.11.0,2026-04-12 15:53:34,"Hai! Terima kasih banyak buat bintangnya!
Seneng banget bisa jadi bagian dari pengalaman kamu yang menyenangkan

Kalau nanti ada yang mau ditanyain, keluh kesah, atau sekadar butuh bantuan, langsung aja ke fitur Live Chat di aplikasi Floq.

Stay happy dan semoga harimu semanis review kamu tadi",2026-04-12 09:01:51,1.11.0
39ebd99d-bad4-4c1b-b39e-66200a0686fb,Al85,https://play-lh.googleusercontent.com/a/ACg8ocLUKkuAPcLRZKE2-xx6ojJwWsUqPFPekdd7RyfVY_zwsg8taw=mo,"Aplikasi ini gampang banget dipakai, dari deposit Rupiah sampai trading aset kripto populer seperti Bitcoin, semua lancar tanpa hambatan. Buat pemula kayak aku juga cocok banget!",5,1,1.13.1,2026-05-14 16:45:47,"Haiii, makasih banyak udah sempetin kasih review!
Kita seneng banget bisa nemenin perjalanan kamu bareng FLOQ
Kalau nanti ada yang bikin bingung, pengen tanya-tanya, atau cuma mau say hi, langsung aja ke Live Chat ya!
Semoga hari kamu secerah semangatnya.",2026-05-14 17:23:25,1.13.1
415d1176-6672-4542-bcf3-f06afd937bcd,Muhammad Rasyiid Ridha,https://play-lh.googleusercontent.com/a/ACg8ocJTXZ2sHrXT5G4rfrUqweHKwGSDi0umY6kts6z1fQQfxLdbJQ=mo,"Aku rekomendasiin banget untuk para pemula yang mau investasi Crypto. Karena desain dan cara penggunaanya yang simpel, fiturnya lumayan lengkap (chart, market cap, dll), transaksi mudah, dan bisa investasi mulai 1000 rupiah. @floq54906639 #InvestasiKripto",5,1,1.11.0,2026-04-12 11:15:15,"Haiii, makasih banyak udah sempetin kasih review! 🌟
Kita seneng banget bisa nemenin perjalanan kamu bareng FLOQ
Kalau nanti ada yang bikin bingung, pengen tanya-tanya, atau cuma mau say hi, langsung aja ke Live Chat ya!
Semoga hari kamu secerah semangatnya ✨",2026-04-12 11:25:09,1.11.0
46e0d333-104f-4c4e-a6dc-eb7fcef7c1fa,Tasman 75,https://play-lh.googleusercontent.com/a-/ALV-UjUtMUs5WbsavJ0LeYmTBnAVU92woSqy-_m-NN9YlHpe-0zIsP40,sebetulnya saya ga sengaja liat FLOQ di tiktok terus saya coba ikutan donlot dan seperti ya Ampelekasi ini mudah dipahami untuk pemula atau yang sudah bisa jadi untuk generasi muda di Indonesia supaya lebih paham di FLOQ dan ternyata tidak ribet muda dipahami untuk isi saldo muda untuk wed juga mudah simpel banget ternyata seperti ya Ampelekasi ini cocok untuk masadepan anak muda Indonesia @rasmanfx#InvestasiKripto,5,1,1.12.0,2026-04-16 19:08:35,"Haiii, makasih banyak udah sempetin kasih review! 🌟
Kita seneng banget bisa nemenin perjalanan kamu bareng FLOQ
Kalau nanti ada yang bikin bingung, pengen tanya-tanya, atau cuma mau say hi, langsung aja ke Live Chat ya!
Semoga hari kamu secerah semangatnya ✨",2026-04-16 19:25:23,1.12.0
b79b14f7-4548-468e-bba9-f52e974eaaee,Aldi Saputra,https://play-lh.googleusercontent.com/a-/ALV-UjU2P8mqsKy4P1ZefhuBwTW-JK8EkyLz3RD2_rM37tiwFhNk_JXB,"Aplikasi paling sat-set yang pernah saya pakai. Nggak ribet, fiturnya tepat sasaran, dan tampilannya kekinian banget. Udah nggak bisa pindah ke lain hati deh kalau urusan ini. Sukses terus buat Floq!"" @aldi040203 #investasikripto",5,1,1.11.0,2026-04-11 02:33:29,"Hai! Terima kasih banyak buat bintangnya!
Seneng banget bisa jadi bagian dari pengalaman kamu yang menyenangkan 💫
Kalau nanti ada yang mau ditanyain, keluh kesah, atau sekadar butuh bantuan, langsung aja ke fitur Live Chat di aplikasi Floq.
Stay happy dan semoga harimu semanis review kamu tadi~ ✨",2026-04-11 02:11:48,1.11.0
5ce54345-cbae-43ae-ac9c-e5059a99413f,Akun Pertama,https://play-lh.googleusercontent.com/a-/ALV-UjWGYG0uzU4-ji0zy_BPSUqfd6XOBcwJWfwIECvR1eZPqxXaYjeC,"aplikasi nya bagus,simple,dan cepat semua dari segi deposit atau penarikan, aplikasi investasi teraman,nyaman, dan mudah pahami. aplikasi InvestasiKripto dan Trading terbaik. #InvestasiKripto @rezafirmansaputra27",5,1,1.11.0,2026-04-10 19:47:58,"Haiii, makasih banyak udah sempetin kasih review! 🌟
Kita seneng banget bisa nemenin perjalanan kamu bareng FLOQ
Kalau nanti ada yang bikin bingung, pengen tanya-tanya, atau cuma mau say hi, langsung aja ke Live Chat ya!
Semoga hari kamu secerah semangatnya ✨",2026-04-10 20:09:11,1.11.0
c77312de-18e6-4521-ba59-dfac90de323d,Chandra Tinata,https://play-lh.googleusercontent.com/a/ACg8ocIajWluCChOMJ80NclY7_r7gvEx_gsJK-9kW1AucEnf0DegVQ=mo,"Jujur, awalnya saya ragu mau mulai investasi karena bayangannya pasti ribet dengan segala macam grafik dan istilah teknis. Tapi setelah coba FLOQ, pandangan saya berubah total! Selain aman, investasi disini sangatlah mudah. Transaksinya pun juga sangat cepat. Yang mau investasi kripto jangan lagi ragu, saya sudah mencobanya. Silahkan di coba sendiri betapa aman dan mudahnya investasi di FLOQ ini. @chandratinata21 #InvestasiKripto",5,1,1.11.0,2026-04-12 10:58:25,"Hai! Terima kasih banyak buat bintangnya!
Seneng banget bisa jadi bagian dari pengalaman kamu yang menyenangkan

Kalau nanti ada yang mau ditanyain, keluh kesah, atau sekadar butuh bantuan, langsung aja ke fitur Live Chat di aplikasi Floq.

Stay happy dan semoga harimu semanis review kamu tadi",2026-04-12 11:26:35,1.11.0
ff18bec3-4e77-4952-9b84-4ba336accd21,Noval KhairilNajwa,https://play-lh.googleusercontent.com/a-/ALV-UjV-bLXW4Qp__JTLHmZBRkSHymaY72PZcnP1Sk38ZBeATq0oE-cE,"Aplikasi FLOQ ini bener-bener recommended! Dari awal pakai langsung nyaman, tampilannya simpel dan mudah dimengerti. Proses deposit & trading juga cepat, gak ribet sama sekali. Cocok banget buat pemula tapi fiturnya tetap lengkap untuk yang sudah pengalaman. Sejauh ini puas banget pakai FLOQ 👍👍👍👍👍 @naufvall#investasikripto",5,1,1.12.0,2026-04-16 04:47:21,"Hai! Terima kasih banyak buat bintangnya!

Seneng banget bisa jadi bagian dari pengalaman kamu yang menyenangkan.
Kalau nanti ada yang mau ditanyain, keluh kesah, atau sekadar butuh bantuan, langsung aja ke fitur Live Chat di aplikasi Floq.

Stay happy dan semoga harimu semanis review kamu tadi~",2026-04-16 04:52:56,1.12.0
7e2ee0f4-a589-47db-93bc-0994b64c9b78,Raihan Maradona,https://play-lh.googleusercontent.com/a/ACg8ocL5vOYvDn0xn7XVNM4wm1JPME17msIkyz4XusNS2wmYiJUu3A=mo,"sangat memudahkan untuk berinvestasi,sudah gampang murah menang banyak,mantap banget ada aplikasi FLOQ membantu sekali,dan pastinya mudah cepat aman lagi,sudah di awasi OJK jadi tenang berinvestasi di FLOQ,untuk kalian yang masih bingung mau investasi dimana di FLOQ aja,aman,cepat,tanpa ribet,pokonya rekomendasi buat pemula yang ingin berinvestasi,atau kalangan remaja yang ingin menabung buat masa depan bisa banget BURUAN DOWNLOAD YAYU CAHYATI #TRADINGDIFLOQ",5,2,1.11.0,2026-03-28 03:35:40,"Hai! Terima kasih banyak buat bintangnya!
Seneng banget bisa jadi bagian dari pengalaman kamu yang menyenangkan
Kalau nanti ada yang mau ditanyain, keluh kesah, atau sekadar butuh bantuan, langsung aja ke fitur Live Chat di aplikasi Floq.
Stay happy dan semoga harimu semanis review kamu tadi~",2026-03-28 03:40:29,1.11.0
6ff6bae6-bdf5-4fe5-baa4-d0c2ecb6fb46,Dimas Mualif,https://play-lh.googleusercontent.com/a-/ALV-UjX4KC99oA71RA4Z37c2ITdQ7DgoegLIDYVi_wMUSGV2TYtgoDZB,"Apk bagus ,juga gak ribet ,transaksi selalu aman.. namun Apk ini hanya untuk orang yang bisa bersabar karena chart gak sama seperti apk trading lainya ... apk ini basisnya untuk investasi jangka panjang memang bagus ... ya thanks Abang Timoty Ronald.. ya walau belum dikatakan profit besar namun mindset saya berubah soal kehidupan",5,0,1.12.0,2026-04-26 12:55:42,"Hai! Terima kasih banyak buat bintangnya!
Seneng banget bisa jadi bagian dari pengalaman kamu yang menyenangkan 💫
Kalau nanti ada yang mau ditanyain, keluh kesah, atau sekadar butuh bantuan, langsung aja ke fitur Live Chat di aplikasi Floq.
Stay happy dan semoga harimu semanis review kamu tadi~ ✨",2026-04-26 14:07:38,1.12.0
ba26d053-f88e-4851-a2bf-053d87580400,Satria Satria,https://play-lh.googleusercontent.com/a-/ALV-UjVhIdIZhGg8WLnvWGXBeIaQXGtl2XsdW4msRJUGfAKgkCQCVs8,"⭐⭐⭐⭐⭐ Aplikasi FLOQ jadi salah satu platform crypto yang cukup menarik untuk dicoba. Tampilan aplikasinya clean dan mudah dipahami, cocok banget buat pemula maupun yang sudah berpengalaman. Proses pendaftaran cepat, dan fitur-fiturnya cukup lengkap untuk kebutuhan trading maupun eksplorasi aset crypto. Selain itu, adanya campaign seperti ini bikin pengalaman jadi lebih seru karena kita bisa dapat reward tambahan berupa USDT. #invetasikripto username satriamas",5,1,1.11.0,2026-04-10 11:24:47,"Hai! Terima kasih banyak buat bintangnya!

Seneng banget bisa jadi bagian dari pengalaman kamu yang menyenangkan.
Kalau nanti ada yang mau ditanyain, keluh kesah, atau sekadar butuh bantuan, langsung aja ke fitur Live Chat di aplikasi Floq.

Stay happy dan semoga harimu semanis review kamu tadi~ ✨",2026-04-10 11:49:14,1.11.0
0af834a3-7931-4760-8cf5-5c212925eb9f,Tomy Hasibuan,https://play-lh.googleusercontent.com/a/ACg8ocJiQDXqrpqSxjGvQlvWMl9ghqB23_lUI2CzyHzJ5uTHIFV6cQ=mo,"Tampilan yang mudah dipahami, koin yang cukup lengkap,biaya trading yang sangat murah, bahkan bisa beli btc 1000 perak dan berita yang spesifik pada suatu koin tertentu sangat membantu dalam memonitor portofolio.GOKIL MANTAP JIWAA. Semoga FLOQ terus berkembang dan memunculkan fitur atau koin koin baru. @floq50109607 #InvestasiKripto",5,0,1.12.0,2026-05-01 14:02:46,"Hai! Terima kasih banyak buat bintangnya!
Seneng banget bisa jadi bagian dari pengalaman Kakak yang menyenangkan

Kalau nanti ada yang mau ditanyain, keluh kesah, atau sekadar butuh bantuan, langsung aja ke fitur Live Chat di aplikasi Floq.

Stay happy dan semoga harimu semanis review Kakak tadi",2026-05-01 16:39:15,1.12.0
3b7dc604-bd66-4f19-8977-c369f79eb611,Afifah Miftahun Najah,https://play-lh.googleusercontent.com/a-/ALV-UjX7rLyJqtAVubUOtObht9CGFyntPuW5KK6o8UkBVSQklm93R60D,"pengalaman pertama pake apk ini cukup memuaskan. Aplikasinya stabil banget ga force close. Jadi suka, cocok si buat yang nyari apk ringan dan mudah di pake",5,1,1.13.1,2026-05-14 11:29:18,"Hai! Terima kasih banyak buat bintangnya!
Seneng banget bisa jadi bagian dari pengalaman Kakak yang menyenangkan 💫
Kalau nanti ada yang mau ditanyain, keluh kesah, atau sekadar butuh bantuan, langsung aja ke fitur Live Chat di aplikasi Floq.
Stay happy dan semoga harimu semanis review kamu tadi~ ✨",2026-05-14 14:26:35,1.13.1
b7cc19ba-8fe4-4a8b-9eee-4a769f25f450,Blake Blake,https://play-lh.googleusercontent.com/a/ACg8ocJzunw1nugDC3D8X55rB02_0QbsAdNWmzSNhG2kSThYqMAyWA=mo,"Pengalaman pakai FLOQ sejauh ini sangat memuaskan. Dari awal daftar sampai KYC prosesnya cepat dan tidak ribet. Interface aplikasinya bersih dan user-friendly, jadi sangat cocok untuk pemula yang baru mulai investasi kripto. semua fitur terasa praktis.mulai dari beli aset sampai monitoring portfolio bisa dilakukan dengan mudah. Transaksi juga cepat dan stabil, bikin lebih percaya diri untuk investasi jangka panjang. @azizinvest1 #InvestasiKripto",5,0,1.12.0,2026-04-17 02:25:44,"Hai! Terima kasih banyak buat bintangnya!
Seneng banget bisa jadi bagian dari pengalaman kamu yang menyenangkan 💫
Kalau nanti ada yang mau ditanyain, keluh kesah, atau sekadar butuh bantuan, langsung aja ke fitur Live Chat di aplikasi Floq.
Stay happy dan semoga harimu semanis review kamu tadi~ ✨",2026-04-17 02:27:56,1.12.0
24837aa8-ddcf-4309-9790-08e8cd7c3c5c,Ahmad Arisandi,https://play-lh.googleusercontent.com/a-/ALV-UjWEdaS_BGQaeoS5M2E9fUXsp5TUbP-2zvB3lu9TnUw9axI0esEl,"Aplikasi FLOQ sangat membantu saya dalam mengelola investasi kripto dengan fitur yang mudah digunakan dan informasi yang transparan. Pengalaman investasi saya menjadi lebih nyaman dan terarah berkat FLOQ, sangat membantu sekali dengan tampilannya yg keren. 🔥😎 @arisandi01 #InvestasiKripto",5,2,1.11.0,2026-04-11 06:03:11,"Hai! Terima kasih banyak buat bintangnya!

Seneng banget bisa jadi bagian dari pengalaman kamu yang menyenangkan.
Kalau nanti ada yang mau ditanyain, keluh kesah, atau sekadar butuh bantuan, langsung aja ke fitur Live Chat di aplikasi Floq.

Stay happy dan semoga harimu semanis review kamu tadi",2026-04-11 06:38:36,1.11.0
9f54098c-a98c-4f9c-b48a-334439857517,aries yahya,https://play-lh.googleusercontent.com/a-/ALV-UjXQxRXHnE_Fh2O9-SBeLiwlpRfuTCns7VwCUQh5eZJfdVSXARJg,"@floq60320007 mantap ni apk simpel gak ribet dan mudah di pahami bagi para pemula atau pun orng tua yang gak mau ribet ,selain itu juga transaksi nya juga cepat gak pake lama dan pasti nya aman karena sudah di awasi OJK pokok nya recommendasi bgt #InvestasiKripto",5,2,1.11.0,2026-04-10 15:54:10,"Haiii, makasih banyak udah sempetin kasih review! 🌟
Kita seneng banget bisa nemenin perjalanan kamu bareng FLOQ
Kalau nanti ada yang bikin bingung, pengen tanya-tanya, atau cuma mau say hi, langsung aja ke Live Chat ya!
Semoga hari kamu secerah semangatnya ✨",2026-04-10 16:27:32,1.11.0
1aef87b0-98a4-415c-a4aa-4e8ae2a26da0,nico mawardi,https://play-lh.googleusercontent.com/a-/ALV-UjXmL9gngPsPe1DnO_ffX6_Z-9SFwLC6Fn11IyDUBfsfEOVXRx-H,"Pengalaman saya pakai FLOQ sejauh ini cukup bagus. Mulai dari KYC, deposit, sampai pembelian aset kripto semuanya terasa cepat dan praktis. Cocok buat pemula pemula yang baru yang mau memulai investasi karena tampilannya mudah dipahami. @tivesus #InvestasiKripto",5,1,1.11.0,2026-04-11 09:33:58,"Hai! Terima kasih banyak buat bintangnya!
Seneng banget bisa jadi bagian dari pengalaman kamu yang menyenangkan 💫
Kalau nanti ada yang mau ditanyain, keluh kesah, atau sekadar butuh bantuan, langsung aja ke fitur Live Chat di aplikasi Floq.
Stay happy dan semoga harimu semanis review kamu tadi~ ✨",2026-04-11 09:48:26,1.11.0
f12255f8-89c2-437c-9f8c-4babb1f95cdb,Putra Saputra,https://play-lh.googleusercontent.com/a-/ALV-UjVjbhK3mzA01G0xFQnl1pkw_7zyKLr7A8lRZHWUzRqjdo_290TF,"Gokil, aplikasinya keren abis. Navigasinya gampang dimengerti, nggak bikin pusing. Fitur utamanya works perfectly. Pokoknya juara deh, jangan lupa update terus biar makin jos! @floqauliaindah22 #investasikripto",5,1,1.12.0,2026-04-15 05:25:14,"Hai! Terima kasih banyak buat bintangnya!
Seneng banget bisa jadi bagian dari pengalaman kamu yang menyenangkan
Kalau nanti ada yang mau ditanyain, keluh kesah, atau sekadar butuh bantuan, langsung aja ke fitur Live Chat di aplikasi Floq.
Stay happy dan semoga harimu semanis review kamu tadi~",2026-04-15 05:29:57,1.12.0
84f61d0f-2219-4a76-b152-9dfa5a776392,Adnan Syah,https://play-lh.googleusercontent.com/a/ACg8ocLiYl1N182Yc_Vuxlm5Mhf-vnjEqsCYYDX8l1hHHmDp4VXI=mo,"FLOQ adalah aplikasi investasi yang menawarkan kemudahan bagi pengguna, terutama pemula. Tampilannya sederhana dan mudah dipahami, sehingga proses mulai investasi jadi cepat dan tidak ribet. Pilihan investasinya cukup beragam, dilengkapi dengan informasi yang jelas serta fitur edukasi untuk membantu pengguna belajar. Dari segi keamanan juga cukup meyakinkan. Secara keseluruhan, FLOQ cocok untuk siapa saja yang ingin investasi dengan cara praktis dan efisien. user name (@to ). #InvestasiKripto",5,0,1.13.1,2026-05-05 03:46:35,"Hai! Terima kasih banyak buat bintangnya!
Seneng banget bisa jadi bagian dari pengalaman kamu yang menyenangkan 💫
Kalau nanti ada yang mau ditanyain, keluh kesah, atau sekadar butuh bantuan, langsung aja ke fitur Live Chat di aplikasi Floq.
Stay happy dan semoga harimu semanis review kamu tadi~ ✨",2026-05-05 04:00:58,1.13.1
871f4b27-faf5-4e54-a3a4-45553cc39b58,Zik3gok Gok,https://play-lh.googleusercontent.com/a/ACg8ocLgq-02TZp0trZt3fej_-AbWkIa06mnWlDu0mBeANMD5tuXjA=mo,"untuk fitur "" nya bagus semua,cuma p&l nya kadang nge bug, pas rugi.. persentase p&l nya malah untung bahkan kadang sampe ratusan persenan naiknya padahal aslinya lagi rugi . untuk kedepannya semoga di kembangkan lagi yaa",5,1,1.13.1,2026-05-08 11:06:48,"Hai! Terima kasih banyak buat bintangnya!
Seneng banget bisa jadi bagian dari pengalaman kamu yang menyenangkan 💫
Kalau nanti ada yang mau ditanyain, keluh kesah, atau sekadar butuh bantuan, langsung aja ke fitur Live Chat di aplikasi Floq.
Stay happy dan semoga harimu semanis review kamu tadi~ ✨",2026-05-08 11:18:26,1.13.1
caf4c3cc-2b97-4455-bab9-5397c0864ee6,Mario M,https://play-lh.googleusercontent.com/a-/ALV-UjX5fWsPabsgqgy7Lfi_U78tcIyeejngUvQTyndx8VIr5V0z1nk,"Aplikasi yang informatif dan simple, mudah digunakan. Tinggal menambah daftar bank yang bisa digunakan untuk topup. @floqmario #InvestasiKripto",5,1,1.11.0,2026-04-10 15:29:38,"Hai! Terima kasih banyak buat bintangnya!
Seneng banget bisa jadi bagian dari pengalaman kamu yang menyenangkan

Kalau nanti ada yang mau ditanyain, keluh kesah, atau sekadar butuh bantuan, langsung aja ke fitur Live Chat di aplikasi Floq.

Stay happy dan semoga harimu semanis review kamu tadi",2026-04-10 15:36:38,1.11.0
9ec09727-b7c8-40ff-8c57-2cb21c86f021,Adry Rezka,https://play-lh.googleusercontent.com/a/ACg8ocKqaCVdgCM3nvaXkOc5wjBp9Lt-P8_PeLyYrR6-_0gU0GVFmw=mo,"keren banget sih serius membantu banget buat saya yang pemula buat cicil cicil bitcoin penarikan cepat,awalnya liat dari tik tok kirain bohong ternyata bener udah kealaman diri sendiri ternyata semudah dan secepat itu terbaik banget🔥😜💵",5,1,1.11.0,2026-04-14 11:55:51,"Hai! Terima kasih banyak buat bintangnya!
Seneng banget bisa jadi bagian dari pengalaman kamu yang menyenangkan 💫
Kalau nanti ada yang mau ditanyain, keluh kesah, atau sekadar butuh bantuan, langsung aja ke fitur Live Chat di aplikasi Floq.
Stay happy dan semoga harimu semanis review kamu tadi~ ✨",2026-04-14 12:43:01,1.11.0
4d65fa2c-620f-4b6e-a7c0-9b4aa57edf81,NewRayhan Amardanu,https://play-lh.googleusercontent.com/a-/ALV-UjXqnZkMG68gz1g1JAdLWV4Gakr4ZEmhCYrYhUHru95t5zwGFLFY,"Udah 1 tahun gua pakai FLOQ. Mulai dari transaksi pertama 27 Juni 2025 cuma Rp11.000, sekarang tiap gajian rutin beli Bitcoin dan hold. Aplikasi ini simpel, murah, cepat, dan cocok buat pemula maupun yang serius. Withdraw ke Trezor juga ngebut, ±3 menit udah masuk. Pokoknya betahlah gua karena semua orang bisa mulai dari kecil, bahkan beli aset dari Rp1.000. Overall pengalaman gua positif, nyaman buat nabung jangka panjang. Mochammad Rayhan Amardanu @floq44504951 #InvestasiKripto",5,0,1.12.0,2026-04-17 16:51:53,"Haiii, makasih banyak udah sempetin kasih review!
Kita seneng banget bisa nemenin perjalanan kamu bareng FLOQ
Kalau nanti ada yang bikin bingung, pengen tanya-tanya, atau cuma mau say hi, langsung aja ke Live Chat ya!
Semoga hari kamu secerah semangatnya",2026-04-17 17:08:27,1.12.0
3ad3d91a-8fe5-43b0-806c-8866c497707e,Muhamad putra Maulana,https://play-lh.googleusercontent.com/a-/ALV-UjV1NsjotnxXM24CIUrGVR_-dKNJgqcghsNEh1OAbLAzIZVuy0k,"sedari awal saya sangat terbantu dengan adanya aplikasi ini, sangat memudahkan saya untuk menyimpan kekayaan saya namun sayang kebijakan di indo lah yang membuat aplikasi sebagus ini jadi tidak bisa dibuat bertransaksi seperti halnya aplikasi yang sudah berkembang seperti di negara luar ya semoga bisa jaya terus floq dan thanks bangtim karena anda mata saya terbuka lebar melihat dunia ini seperti apa (@investasimasadepan) #InvestasiKripto",5,1,1.12.0,2026-04-17 11:48:07,"Hai! Terima kasih banyak buat bintangnya!

Seneng banget bisa jadi bagian dari pengalaman kamu yang menyenangkan.
Kalau nanti ada yang mau ditanyain, keluh kesah, atau sekadar butuh bantuan, langsung aja ke fitur Live Chat di aplikasi Floq.

Stay happy dan semoga harimu semanis review kamu tadi~",2026-04-17 12:16:29,1.12.0
ad3d8bef-590f-495e-9ff0-796df96c8aa7,Rafi Athaya,https://play-lh.googleusercontent.com/a-/ALV-UjVYl1GHYDVsVN8sPXpcCWp0-KiCe4N8JwWtEbz7Tk_BXeupStg,"Simplenya Aplikasi FlOQ ini sangat mudah dipahami untuk orang baru yang ingin mencoba trading,dengan modal minimal 10rb kalian bisa mulai berinvestasi dengan deposit melalui rekening bank atau e-wallet manapun,penarikannya pun tidak membutuhkan waktu yang lama cukup tautkan akun rekening atas nama FLOQ kalian dan ya semua bisa diakses,sudah berizin dan diawasi OJK jadi aman untuk digunakan. @MUHAMADRAFIATHAYA #InvestasiKripto",5,0,1.12.0,2026-04-21 23:40:13,"Haiii, makasih banyak udah sempetin kasih review!
Kita seneng banget bisa nemenin perjalanan kamu bareng FLOQ
Kalau nanti ada yang bikin bingung, pengen tanya-tanya, atau cuma mau say hi, langsung aja ke Live Chat ya!
Semoga hari kamu secerah semangatnya",2026-04-22 00:00:25,1.12.0
01d0260b-73ed-4089-9b61-7b5223dad448,redho arfian,https://play-lh.googleusercontent.com/a-/ALV-UjVb1RlgGqCex5_ViUrVx-86Lcp76DIOKgGBpHd_bpGrAbh9Fqc,saya merasa aplikasi ini sangat membantu dan enak digunakan dalam artian mulai dari pelayanan yang super cepat seperti transaksi cripto antar aplikasi yang super cepat tanpa menunggu waktu lama dan juga terdapat berita2 yang dapat kita dapati secara mudah saya sebagai pengguna floq dengan user name :yanzyy23 sangat merasa terbantu dengan aplikasi ini semoga kedepan nya dapat dikembangkan menjadi lebih baik lgi #InvestasiKripto,5,1,1.11.0,2026-04-13 02:39:40,"Hai! Terima kasih banyak buat bintangnya!
Seneng banget bisa jadi bagian dari pengalaman kamu yang menyenangkan
Kalau nanti ada yang mau ditanyain, keluh kesah, atau sekadar butuh bantuan, langsung aja ke fitur Live Chat di aplikasi Floq.
Stay happy dan semoga harimu semanis review kamu tadi",2026-04-13 02:41:38,1.11.0
9bf33d18-9ff5-4f7b-8e44-7d26ca4ef2b1,M.Bintang Zuda P.,https://play-lh.googleusercontent.com/a-/ALV-UjVliyYoKGFLL24HMZlFXRTTK5qT1AyVy0keyVh97V-M-ujgsrdSTQ,"Floq itu aplikasi trading crypto tergampang menurut aku,udah dari segi minimum tradenya murah withdraw dan top up cepat,layanan mudah dimengerti serta baik-baik,intinya cocok deh buat pemula @bzp000,#InvestasiKripto",5,1,1.11.0,2026-04-14 22:40:38,"Haiii, makasih banyak udah sempetin kasih review! 🌟
Kita seneng banget bisa nemenin perjalanan kamu bareng FLOQ
Kalau nanti ada yang bikin bingung, pengen tanya-tanya, atau cuma mau say hi, langsung aja ke Live Chat ya!
Semoga hari kamu secerah semangatnya ✨",2026-04-14 22:47:22,1.11.0
51a2e33e-6ff5-415b-a1df-dcbd743f55c2,Denis Al Ghaisan,https://play-lh.googleusercontent.com/a/ACg8ocLe24HD0ytW-ZrdumjLwffIhoFkhfCObAwit7Yr7D28yoZsTw=mo,"akhirnya bisa nemuin exchange crypto simpel dan memudahkan untuk investing, dengan pilihan untuk top up atau withdraw bisa dari e wallet atau bank manapun, juga terdapat berita seputar crypto yang paling update di dalam app memudahkan saya untuk bisa tahu apa yang terjadi dalam dunia crypto @dukedns7 #InvestasiKripto",5,0,1.12.0,2026-04-20 01:57:46,"Hai! Terima kasih banyak buat bintangnya!
Seneng banget bisa jadi bagian dari pengalaman kamu yang menyenangkan
Kalau nanti ada yang mau ditanyain, keluh kesah, atau sekadar butuh bantuan, langsung aja ke fitur Live Chat di aplikasi Floq.
Stay happy dan semoga harimu semanis review kamu tadi~",2026-04-20 01:59:39,1.12.0
f4800e80-b75f-49f5-80c4-a91e8bdd3884,Bintang Arsa,https://play-lh.googleusercontent.com/a-/ALV-UjWpjXxe1wRLcaQGvvGRLyp6w018MGRgc7Wg1qJK6wKsQX7v0RfR,Aplikasi crypto yang user-friendly banget nih. Cocok untuk pemula karena tampilannya simpel dan bisa mulai dari modal kecil. Sudah berizin OJK jadi lebih aman dan terpercaya. Recommended. @arsa #InvestasiKripto,5,4,1.11.0,2026-04-21 14:41:54,"Hai! Terima kasih banyak buat bintangnya!
Seneng banget bisa jadi bagian dari pengalaman kamu yang menyenangkan 💫
Kalau nanti ada yang mau ditanyain, keluh kesah, atau sekadar butuh bantuan, langsung aja ke fitur Live Chat di aplikasi Floq.
Stay happy dan semoga harimu semanis review kamu tadi~ ✨",2026-04-21 14:50:35,1.11.0
dee2087b-0dbc-4499-aa40-3950ba1168ec,Sam Gaming,https://play-lh.googleusercontent.com/a/ACg8ocLAckxDLv5B1Lu87fXmTza0wQQ8QjEj9CTZKidw0DxnZ-NI4w=mo,"Aplikasi Floq mudah di gunakan apa lagi untuk pemula, proses deposit dan penarikan nya cepat.Bisa berinvestasi mulai dari Rp.1.000 dan pilihan coin crypto banyak.Ayo mulai berinvestasi di apk Floq kalau bukan sekarang kapan lagi.@samz05 #InvestasiKripto",5,0,1.13.1,2026-05-07 02:25:28,"Hai! Terima kasih banyak buat bintangnya!
Seneng banget bisa jadi bagian dari pengalaman kamu yang menyenangkan
Kalau nanti ada yang mau ditanyain, keluh kesah, atau sekadar butuh bantuan, langsung aja ke fitur Live Chat di aplikasi Floq.
Stay happy dan semoga harimu semanis review kamu tadi~",2026-05-07 02:31:21,1.13.1
1aba22f3-a05d-4630-96c1-ad84969f68e3,Riski Andi Sugiah Manullang,https://play-lh.googleusercontent.com/a-/ALV-UjWTSk3VmF_JL_C5q8XmqR31KVQ8rnkgYE_XVOggqHjh6o6KSjh3,"Aplikasi FLOQ bagus dan mudah digunakan, cocok untuk pemula. Bisa mulai investasi dari nominal kecil dan tampilannya simpel. Recommended 👍 Username : rasm #InvestasiKripto",5,1,1.11.0,2026-04-11 03:10:11,"Hai! Terima kasih banyak buat bintangnya!

Seneng banget bisa jadi bagian dari pengalaman kamu yang menyenangkan.

Kalau nanti ada yang mau ditanyain, keluh kesah, atau sekadar butuh bantuan, langsung aja ke fitur Live Chat di aplikasi Floq.

Stay happy dan semoga harimu semanis review kamu tadi~",2026-04-11 03:28:54,1.11.0
50766713-a629-4147-9cb4-ba437986f3b9,Inggil Estuzijah,https://play-lh.googleusercontent.com/a/ACg8ocL7Hcb7jdVqzu5w4HM92d5A2n49wW9m6BRM2IzeoY-9nVwM7jw=mo,"Mohon segera dilakukan pembenahan pada aplikasi. Saat ini terdapat masalah yang menyebabkan akun sering logout secara otomatis, sehingga pengguna harus login ulang berulang kali. Hal ini tentu dapat menurunkan kepercayaan pengguna terhadap exchange.",1,7,1.11.0,2026-03-21 22:39:13,"Hai!

Maaf ya atas kendala yang kamu alami. Yuk, langsung hubungi tim support lewat Live Chat di aplikasi atau kamu bisa menghubungi kami melalui email customerservice@floq.id biar bisa kami bantu lebih cepat.

Kalau sudah teratasi, kami akan senang banget kalau kamu mau update review-nya.
Makasih banyak atas dukungannya!",2026-03-21 23:57:55,1.11.0
dd522b4f-4464-45f8-a8d0-689db63ec1c4,LADIP MAHARDIKA,https://play-lh.googleusercontent.com/a-/ALV-UjVVhRSDp6InQ9voalLWDfKR67T9iDAH6LvugcDIq-S_aUVOkOvT,"aplikasin floq ini adalah aplikasi saham/kripto pertama saya, dan hasilnya lumayan, biarpun saya belinya sedikit"" tapi sambil belajar agar paham, dan sejauh ini cukup untuk bisa trading dan lewat aplikasin floq ini saya bisa mengerti apa itu kripto @klm1907 #InvestasiKripto",5,0,1.12.0,2026-04-22 11:32:29,"Hai! Terima kasih banyak buat bintangnya!
Seneng banget bisa jadi bagian dari pengalaman Kakak yang menyenangkan

Kalau nanti ada yang mau ditanyain, keluh kesah, atau sekadar butuh bantuan, langsung aja ke fitur Live Chat di aplikasi Floq.

Stay happy dan semoga harimu semanis review Kakak tadi",2026-04-22 12:21:30,1.12.0
9af25b42-8175-4250-af8b-aeffd3d7fec9,Abdul Rohman,https://play-lh.googleusercontent.com/a-/ALV-UjUapvIPEqYD4zqYmGABU3zuGM40uCK1T-3wFTBkE-T6h2PyScU,fitur trade di Floq mulai sempurna dg order limit nya seperti di cex lain dan berbagai program trade berikut deposit & WD nya medah dan cepat. kapan bikin token Floq nya biar makin merasa memiliki dan jd alternatif juga buat kepenawaran yg lebih memikat... @salik25 #investasiKripto,5,0,1.12.0,2026-05-02 04:40:08,"Hai! Terima kasih banyak buat bintangnya!
Seneng banget bisa jadi bagian dari pengalaman kamu yang menyenangkan 💫
Kalau nanti ada yang mau ditanyain, keluh kesah, atau sekadar butuh bantuan, langsung aja ke fitur Live Chat di aplikasi Floq.
Stay happy dan semoga harimu semanis review kamu tadi~ ✨",2026-05-02 05:04:25,1.12.0
6ab7c89f-c23d-440e-88c5-ff12b0782a21,IKE RATNA DILA,https://play-lh.googleusercontent.com/a/ACg8ocKf0MRje8YMBtsEa4C-AreHrE0xYxR91IiYOb8ezYVHNUNmcA=mo,Berinvestasi di FLOQ itu sangat mudah dan prosesnya tidak rumit dan menurut aku ini aplikasi terbaik buat investasi sii semoga untuk kedepannya FLOQ bisa terus memberikan banyak fitur kemudahan lagi dan kualitas kepercayaan nya bisa terus di pertahankan terus juga FLOQ itu pokoknya mantap dehhh sekian dan terimakasih ini ulasan jujur yang sudah saya berikan dan saya memberikan ulasan ini juga karena saya sudah mencoba nya sendiri😍🥰,5,0,1.12.0,2026-04-16 04:21:53,"Hai! Terima kasih banyak buat bintangnya!
Seneng banget bisa jadi bagian dari pengalaman kamu yang menyenangkan 💫
Kalau nanti ada yang mau ditanyain, keluh kesah, atau sekadar butuh bantuan, langsung aja ke fitur Live Chat di aplikasi Floq.
Stay happy dan semoga harimu semanis review kamu tadi~ ✨",2026-04-16 04:23:34,1.12.0
8a8ef20c-4acc-4692-aaa1-79c2f826bc55,Khamim Busines,https://play-lh.googleusercontent.com/a/ACg8ocJgYBreOE8310tIiE36l86rwtZOMQAfW4gV9tUH1jppYj-GFg=mo,"UI simpel enak di pandang,harga tergolong okee semoga kedepannya ga ada maintenance ketika ada coin yang pumping, WD amaan jaya,ada kabar sebelum coin delisting dan btw fitur staking nya min jangan lupa... biar makin jossjiss 🔥",5,1,1.12.0,2026-04-13 11:59:32,"Hai! 👋
Terima kasih banyak untuk review positifnya! Senang banget tahu kamu suka dengan aplikasi Floq.
Soal fitur Futures, noted banget ya! Tim kami terus berusaha mengembangkan fitur-fitur baru, jadi semoga bisa segera hadir.
Stay tuned dan terus support Floq, ya! 🚀",2026-04-13 12:03:57,1.12.0
326937f7-46f2-40a9-81e3-f3b1d4513e56,Sofyan Muzaki,https://play-lh.googleusercontent.com/a-/ALV-UjWF1ZcZdMrCF6P4V-8JJ1CaiwblsD6bPUdmLwzYXIjL8Rb0VAC3,"Sejauh ini pakai FLOQ enak banget, tampilannya simpel dan gampang dipahami, apalagi buat pemula kayak saya 👍 Proses KYC juga cukup cepat. Semoga ke depannya makin banyak fitur dan promo menarik! @sfynmz #investasiKripto",5,0,1.12.0,2026-04-24 06:35:11,"Hai! Terima kasih banyak buat bintangnya!

Seneng banget bisa jadi bagian dari pengalaman kamu yang menyenangkan.
Kalau nanti ada yang mau ditanyain, keluh kesah, atau sekadar butuh bantuan, langsung aja ke fitur Live Chat di aplikasi Floq.

Stay happy dan semoga harimu semanis review kamu tadi~",2026-04-24 07:37:05,1.12.0
7e83fa9b-d2a0-4725-95d0-6e8ed701ab58,Egha Pratama,https://play-lh.googleusercontent.com/a-/ALV-UjUYJC1az6iJUD_RAaD5gBdjYbqq1ACyGGKCjxEEuZP5KaV4_xpe,Ini exc sebenernya udah bagus. Ringan dan mudah digunakan. Ga ribet. Tapi sayangnya biaya penarikan crypto maupun idr cukup mahal.,3,2,1.11.0,2026-04-06 09:51:05,"Hai!
Maaf banget ya atas kendala yang kamu alami.
Biar bisa kami bantu lebih lanjut, kamu bisa langsung hubungi tim support melalui fitur Live Chat di aplikasi Floq.
Terima kasih sudah sabar — kita akan pastikan prosesnya berjalan lancar secepat mungkin! ✨",2026-04-06 09:58:25,1.11.0
26f1e850-1f14-4171-b04f-d358c8790717,Jodi GP,https://play-lh.googleusercontent.com/a-/ALV-UjVPRpuPd8MmmaPtaIuQafEp2Xk8qNDPPZdhIChpRj0MFq0xX5DA,"karena floq saya makin disiplin berinvestasi bitcoin karena mudah untuk para pemula yng ingin belajar aset digital hanya bermodal Rp1.000 perak sudah bisa untuk memiliki bitcoin, aplikasi ini sudah legal di awasi oleh ojk jadi tidak perlu khawatir untuk mulai investasi dari sekarang. ingat belajar juga tentang Self-custody karena Not your keys, not your coins. usermane :@jodigp #investasiKripto",5,1,1.11.0,2026-04-11 05:41:17,"Hai! Terima kasih banyak buat bintangnya!
Seneng banget bisa jadi bagian dari pengalaman kamu yang menyenangkan 💫
Kalau nanti ada yang mau ditanyain, keluh kesah, atau sekadar butuh bantuan, langsung aja ke fitur Live Chat di aplikasi Floq.
Stay happy dan semoga harimu semanis review kamu tadi~ ✨",2026-04-11 05:47:07,1.11.0
6b526f86-d826-424b-a6ad-8e7559f04b61,Halim Halim,https://play-lh.googleusercontent.com/a/ACg8ocLeTZKNEY6VfLzaVw7btPCLvhcFJ1JfTZIqXotBrQPoaEuNKw=mo,pengalaman saya di floq ini sangat sangat bagus transaksi nya cepat dann sangat sangat muda untuk yang pemula saya kalo milih tempat beli cripto tercepat yahh saya pilih floq ini dari yang lainn nyaa karna memang bagi saya floq ini aplikasi yang muda dan cepat dan juga muda di pahamin tetapi karna memang aplikasi floq ini baru jadii memang gak terlalu lengkap memang gak ada kayak kaspa gitu tapii saya sangat bangga dengan aplikasi floq ini Dann memang floq ini no satu bagi saya tempat yg cepat,5,1,1.11.0,2026-04-11 05:58:05,"Hai! Terima kasih banyak buat bintangnya!
Seneng banget bisa jadi bagian dari pengalaman kamu yang menyenangkan 💫
Kalau nanti ada yang mau ditanyain, keluh kesah, atau sekadar butuh bantuan, langsung aja ke fitur Live Chat di aplikasi Floq.
Stay happy dan semoga harimu semanis review kamu tadi~ ✨",2026-04-11 06:29:57,1.11.0
3a4b56fc-adba-41fe-8cfd-2fff534737e3,Fajar Natanael Ambarita,https://play-lh.googleusercontent.com/a-/ALV-UjWAXWN2hywbmrk0OlHyY3SMMe-ms2nvbJe4xHD0nYShWfjJeb8w,"floq ko tutup paksa aplikasi di akun saya, saya kan cuman lihat perkembangan saham saya kenapa bisa ditutup permanen,apakah floq sengaja menutup dengan alsan internal,untuk nilep uang,dan saya sudah menghubungi customer service namun tidak ada solusi,akun saya tidak kembali. gak percaya sma floq hanya karna masalah internal akun gak bisa login lagi",1,10,1.12.0,2026-05-02 14:02:50,"Hai!
Maaf banget ya atas kendala yang kamu alami.
Biar bisa kami bantu lebih lanjut, kamu bisa langsung hubungi tim support melalui fitur Live Chat di aplikasi Floq.
Terima kasih sudah sabar — kita akan pastikan prosesnya berjalan lancar secepat mungkin!",2026-05-03 00:08:24,1.12.0
53119ae0-12da-43ec-a279-2bb26a61f9dc,Ja'far Ahmad Al-faruq,https://play-lh.googleusercontent.com/a/ACg8ocKQ6xJ43e0bXf7P-60xSwKoMFOzvX2SSIN_YijLChFhRAXapQ=mo,"Saya menganggap aplikasi ini sangat mudah digunakan dan untuk modalnya sangat terjangkau, untuk mulai berinvestasi kripto bisa di mulai dari Rp 1.000 saja. Terima kasih untuk tim floq. #investasikripto",5,0,1.12.0,2026-04-30 01:20:03,"Hai! Terima kasih banyak buat bintangnya!

Seneng banget bisa jadi bagian dari pengalaman kamu yang menyenangkan.
Kalau nanti ada yang mau ditanyain, keluh kesah, atau sekadar butuh bantuan, langsung aja ke fitur Live Chat di aplikasi Floq.

Stay happy dan semoga harimu semanis review kamu tadi~",2026-04-30 01:59:26,1.12.0
0670252e-15ac-4a01-9dc5-c1bb98c1fa9f,Dzikri Rahmat,https://play-lh.googleusercontent.com/a-/ALV-UjVqaWzVfh8Qhuz8LUdqhBcPy2RXhHIZwZDwENYRvZcxhcazTmI,"Aplikasi trading yang sangat membantu, terutama untuk pemula maupun yang sudah berpengalaman. Interface-nya user-friendly, eksekusi order cepat, dan fitur-fiturnya cukup lengkap. Semoga ke depannya bisa ditambahkan lebih banyak tools analisis dan peningkatan stabilitas agar pengalaman trading semakin maksimal. Sukses terus untuk tim FLOQ!",5,0,1.12.0,2026-04-21 10:50:59,"Hai! Terima kasih banyak buat bintangnya!
Seneng banget bisa jadi bagian dari pengalaman Kakak yang menyenangkan

Kalau nanti ada yang mau ditanyain, keluh kesah, atau sekadar butuh bantuan, langsung aja ke fitur Live Chat di aplikasi Floq.

Stay happy dan semoga harimu semanis review Kakak tadi",2026-04-21 12:43:43,1.12.0
1c385110-d181-4040-8dec-f28ce7fa0310,Dedi Ardiansyah,https://play-lh.googleusercontent.com/a/ACg8ocJs2p3OxFUcdQZLiN1LIYIwShhXzA4PsZOOyU-cfAUNXfKTSQ=mo,"“Investasi super mudah, cocok untuk pemula!” Saya baru tahu kalau investasi kripto bisa semudah ini. Aplikasi FLOQ sangat ramah pengguna, semua fitur jelas dan gak ribet. Registrasi cepat, verifikasi wajah cuma beberapa menit, lalu langsung bisa deposit dan mulai trading. Yang paling saya suka: Minimal transaksi cuma Rp1.000 Pokoknya, kalau mau mulai investasi tanpa ribet dan legal diawasi OJK, FLOQ adalah pilihan tepat. Rekomendasi banget!@floqdediardiansyah#InvestasiKripto",5,0,1.12.0,2026-05-01 06:37:34,"Hai! Terima kasih banyak buat bintangnya!
Seneng banget bisa jadi bagian dari pengalaman kamu yang menyenangkan 💫
Kalau nanti ada yang mau ditanyain, keluh kesah, atau sekadar butuh bantuan, langsung aja ke fitur Live Chat di aplikasi Floq.
Stay happy dan semoga harimu semanis review kamu tadi~ ✨",2026-05-01 07:03:43,1.12.0
94579624-8e2e-4125-8aee-d48a360cbdfa,Riski Bravo,https://play-lh.googleusercontent.com/a-/ALV-UjVBUwryAyhMgzG0VkiHSyxoFOjjCfBTHWv5hcVCdARzB3XZho-I,@riskirianto12 #investasikripto aplikasi sekuritas dengan tampilan yg mudah di fahami dan untuk minimal isi saldo bahkan bisa cuman 50rb itu sangat membantu buat saya yang masih merintis terimakasih flooq telah hadir dan trimakasih juga koh Timothy yg selalu memberikan edukasi tentang keuangan saya sangat terbantu,5,0,1.12.0,2026-04-17 21:57:30,"Haiii, makasih banyak udah sempetin kasih review!
Kita seneng banget bisa nemenin perjalanan kamu bareng FLOQ
Kalau nanti ada yang bikin bingung, pengen tanya-tanya, atau cuma mau say hi, langsung aja ke Live Chat ya!
Semoga hari kamu secerah semangatnya",2026-04-17 22:20:32,1.12.0
bf07ff43-b6b2-42d5-8ba4-396bd9ee6d20,Aris Sahakiki,https://play-lh.googleusercontent.com/a/ACg8ocL2yaoT13AkFtfUja8Qm7E8k4elTLSgBl8netla4c2kI_vrwQ=mo,"berinvestasi di flooq sangat mudah dan aman,saya sangat suka dengan aplikasi ini,dan juga untuk deposit atau witdraw sangat mudah karena bisa langsung menggunakan ATM Indonesia atau e-walltet,sangatt kerenn dan recomend 🥰👍👍 @ARIS SAHAKIKI #InvestasiKripto",5,1,1.12.0,2026-04-28 03:08:38,"Hai! Terima kasih banyak buat bintangnya!

Seneng banget bisa jadi bagian dari pengalaman kamu yang menyenangkan.
Kalau nanti ada yang mau ditanyain, keluh kesah, atau sekadar butuh bantuan, langsung aja ke fitur Live Chat di aplikasi Floq.

Stay happy dan semoga harimu semanis review kamu tadi~",2026-04-28 03:16:51,1.12.0
58e9119b-6e4e-4d27-80ed-c297447c94a2,Dafin Alfian,https://play-lh.googleusercontent.com/a/ACg8ocL3PDie4kkEdlJbj9R8WmQQd_yNh7rmi0RIw0Y0fSyHz6sPSbQ=mo,"di apk FLOQ bisa beli crypto Rp.1000 perak doang jadi, mau belajar trading jadi nggak takut terhambat finansial. Tampilan navigasinya juga estetik modern yang minimalis dan mudah dipahami buat pemula kaya saya. proses KYC cepat dan nggak berbelit-belit. @daexx007 #InvestasiKripto",5,0,1.12.0,2026-04-27 10:57:12,"Hai! Terima kasih banyak buat bintangnya!
Seneng banget bisa jadi bagian dari pengalaman kamu yang menyenangkan 💫
Kalau nanti ada yang mau ditanyain, keluh kesah, atau sekadar butuh bantuan, langsung aja ke fitur Live Chat di aplikasi Floq.
Stay happy dan semoga harimu semanis review kamu tadi~ ✨",2026-04-27 11:15:32,1.12.0
be18358d-1606-4ac5-8e74-abd2e89e22ee,Kilat Wardha K,https://play-lh.googleusercontent.com/a-/ALV-UjXNMn3TUNtBlPhtr4hk_BlQ888TwbtgyT2Y-nmUTocMVsQnqVhH,"Platform yang baik untuk pemula dalam menabung Kripto terutama Bitcoin. Penggunaan mudah, tinggal top up lalu kita alokasikan di aset yang diinginkan.",5,0,1.11.0,2026-04-10 12:11:25,"Hai! Terima kasih banyak buat bintangnya!

Seneng banget bisa jadi bagian dari pengalaman kamu yang menyenangkan.
Kalau nanti ada yang mau ditanyain, keluh kesah, atau sekadar butuh bantuan, langsung aja ke fitur Live Chat di aplikasi Floq.

Stay happy dan semoga harimu semanis review kamu tadi~ ✨",2026-04-10 12:31:36,1.11.0
85696a8e-4308-4b75-bd88-29fe65ec9e72,Salamuddin AL029,https://play-lh.googleusercontent.com/a-/ALV-UjX7hi_XkBZJfHtGYH1_S9dGGCTWZX9o1Y_1TbHp_O9eDsEMlGoB,"FLOQ aplikasi investasi cripto yang sangat di butuhkan bagi setiap orang yang ingin membeli beberapa aset aset yang di inginkan FLOQ adalah platform terbaik karena kita bisa menyimpan uang walet kita sendiri tanpa ada yang mengendalikannya. FLOQ juga unggul dalam bertransaksi fee kecil dan bagusnya dg FLOQ kita bisa DCA koin termasuk BTC dg 1000 perak min deposit juga jelas dan ada berbagai bank serta walet seperti, dana,ovo,dll. beli BTC jg 100% tanpa fee🚀 FLOQ SALAMUDDIN #InvestasiKripto",5,0,1.13.1,2026-05-06 08:39:04,"Hai! Terima kasih banyak buat bintangnya!
Seneng banget bisa jadi bagian dari pengalaman kamu yang menyenangkan
Kalau nanti ada yang mau ditanyain, keluh kesah, atau sekadar butuh bantuan, langsung aja ke fitur Live Chat di aplikasi Floq.
Stay happy dan semoga harimu semanis review kamu tadi~",2026-05-06 08:54:01,1.13.1
dc061ae7-f529-4fca-b595-0f9e4e2498f7,Jhon Sweden,https://play-lh.googleusercontent.com/a/ACg8ocJDf4LqZbgkWDgqkkbXfr-F_Eprxusjb4cQsqiozMTKjMpIag=mo,"apk ini sangat mudah di mengerti terlebih untuk para invesmen yang mau memulai investasi pertamanya,dan untuk fitur top up nya juga mudah hampir semua metode ada terbaiklah lah pokok untuk floq “@inves26”",5,0,1.12.0,2026-05-02 07:01:17,"Hai! Terima kasih banyak buat bintangnya!

Seneng banget bisa jadi bagian dari pengalaman kamu yang menyenangkan.
Kalau nanti ada yang mau ditanyain, keluh kesah, atau sekadar butuh bantuan, langsung aja ke fitur Live Chat di aplikasi Floq.

Stay happy dan semoga harimu semanis review kamu tadi~",2026-05-02 08:22:24,1.12.0
02482d61-1c40-4154-ae23-0c9d73b28cb6,ENDA 3,https://play-lh.googleusercontent.com/a-/ALV-UjXKQ5foGt4Ox1L4VGRcQ2_9pdWs5GXOE2ZmkuXFxG6_Qn8qn80,"​""Investasi paling simpel! Tampilannya bersih, modal mulai Rp1.000, dan bebas biaya transaksi. Cocok banget buat pemula yang mau mulai tanpa ribet.saat ini saya pertama kali mulai,yuk konsisten. ✊@byynihmah #InvestasiKripto",5,0,1.12.0,2026-04-17 08:26:27,"Hai! Terima kasih banyak buat bintangnya!

Seneng banget bisa jadi bagian dari pengalaman kamu yang menyenangkan .
Kalau nanti ada yang mau ditanyain, keluh kesah, atau sekadar butuh bantuan, langsung aja ke fitur Live Chat di aplikasi Floq.

Stay happy dan semoga harimu semanis review kamu tadi~",2026-04-17 09:33:02,1.12.0
1102a1a6-fdd4-45ef-b178-f81022ed8aea,Gandhang Wibowoperdana,https://play-lh.googleusercontent.com/a-/ALV-UjUODu7wp2E7mZ-VNbqZMP_4Oej-3_asD7ESUK-LzafEnYsQQ1Zipg,"aplikasinya sangat bagus, saya sering beli crypto disini. minesnya kadang-kadang susah masuk ke dalam aplikasinya. semoga kedepannya lebih baik lagi @gandhanggg #investasikripto",5,0,1.11.0,2026-04-10 10:32:06,"Hai! Terima kasih banyak buat bintangnya!
Seneng banget bisa jadi bagian dari pengalaman Kakak yang menyenangkan

Kalau nanti ada yang mau ditanyain, keluh kesah atau sekadar butuh bantuan, langsung aja ke fitur Live Chat di aplikasi Floq.

Stay happy dan semoga harimu semanis review Kakak tadi.",2026-04-10 10:58:30,1.11.0
03d01c43-f071-4b93-83a1-23202a344899,Bill Novris Christiand,https://play-lh.googleusercontent.com/a-/ALV-UjW1TSsu2N-uzMam6PG3YXqHtVLafZHgM0NYVjDur2bE2cWsYCk,"saya masih mununggu Token TAO bisa di akses di exchange ini, overall floq exchange yang paling mudah di akses dan fee tiap transaksi itu paling terjangkau. jujurly untuk sekarang exchange ini yang paling aku suka izinnn",5,0,1.11.0,2026-04-01 07:19:02,"Hai Kak! Koin tersebut belum bisa dibeli karena masih menunggu proses aktivasi sistem perdagangan Tapi tenang aja, begitu sudah siap, info listing-nya bakal langsung kami update lewat IG dan aplikasi Floq yaa! 👀🚀",2026-04-01 07:23:21,1.11.0
1c78f464-87d7-49f0-8003-3cd0a50196b7,Bernardo Silva20,https://play-lh.googleusercontent.com/a/ACg8ocKcS9hAls0Lq8WPvvhTXx-l1LWZeyT741dP5eJJnIrEZy4g=mo,yaa aplikasi sangat bagus untuk para pemula yang mau berinvestasi terutama di bitcoin nyaa karena di aplikasi ini kita bisa berinvestasi dengan nominal yang sangat ramah di kantong dan bisa dilakuin buat siapa aja @nanangabatasa1164 #investasiKripto semoga aplikasi inii bisa tambah maju dan jaya terus selama lamanya,5,0,1.11.0,2026-04-12 10:57:05,"Halo! Wah, terima kasih udah kasih rating bagus buat kami!
Seneng deh bisa jadi bagian dari perjalanan kamu di dunia kripto bareng FLOQ 💫
Butuh bantuan atau mau ngobrol? Tim kita siap sedia di Live Chat aplikasi!
Semoga harimu seceria pesan yang kamu kirim tadi ya ✨",2026-04-12 11:23:06,1.11.0
29d8c372-8b6f-4274-a9be-0940c425dc16,angin malam,https://play-lh.googleusercontent.com/a-/ALV-UjWPN_CM7ruQ_Xp8AmT0fK6BG_bMjxl25e7-P8LLLrbcTBWPdcU9,"sudah lama coba nabung crypto di banyak exchange, dan baru sekarang ketemu tempat yang cocok buat menabung dan investasi, asli biaya 0. beli aset juga bisa dengan 1000 rupiah, mantab.. ayo kembangkan asetmu untuk investasi masa depan bersama floq, @senem4n #InvestasiKripto",5,0,1.12.0,2026-05-01 16:30:50,"Hai! Terima kasih banyak buat bintangnya!
Seneng banget bisa jadi bagian dari pengalaman Kakak yang menyenangkan

Kalau nanti ada yang mau ditanyain, keluh kesah, atau sekadar butuh bantuan, langsung aja ke fitur Live Chat di aplikasi Floq.

Stay happy dan semoga harimu semanis review Kakak tadi",2026-05-01 16:40:41,1.12.0
9efd9f19-259e-4f61-aa20-42c2b33f678e,Tunder Sky,https://play-lh.googleusercontent.com/a/ACg8ocIeai3veQQCF3AHQGy8mS0LX8y4Uqh7eOH7ZC2OtWKWsPE4Ig=mo,"FLOQ adalah aplikasi jual beli aset cripto/altcoin yg sangat bagus untuk di gunakan ,,dan saya sebagai pengguna FLOQ sangat terbantu dalam transaksi aset ,Karan begitu cepat ,begitu mudah dan begitu fast respon ,,harapan saya ,smoga FLOQ menjadi aplikasi no 1 di Indonesia dan smua anak muda bisa membeli cripto/altcoin dengan mudah panjang umur juga buat para owner/co owner FLOQ yg sangat bagus membuat aplikasi ini . GOD BLES YOU ALL username: GIVEN HARIYANTO BANO #investasikripto",5,0,1.12.0,2026-04-16 15:50:20,"Hai! Terima kasih banyak buat bintangnya!
Seneng banget bisa jadi bagian dari pengalaman kamu yang menyenangkan 💫
Kalau nanti ada yang mau ditanyain, keluh kesah, atau sekadar butuh bantuan, langsung aja ke fitur Live Chat di aplikasi Floq.
Stay happy dan semoga harimu semanis review kamu tadi~ ✨",2026-04-16 16:03:13,1.12.0
917de79f-dddc-492c-9154-e63500a8f28c,Vhere,https://play-lh.googleusercontent.com/a-/ALV-UjWCpBJjhzXEGkMZL3ffqRePKp8z5KxYaYDiYRoLam6QygyIlwto,"saya baru mulai belajar kripto. dan langsung coba aplikasi floq. saking mudahnya saya langsung mengerti cara menggunakan floq,gak ribet, 1000 rupiah bisa beli😍 @vefloq2121 #InvestasiKripto",5,1,1.12.0,2026-04-13 17:13:42,"Hai! Terima kasih banyak buat bintangnya!
Seneng banget bisa jadi bagian dari pengalaman kamu yang menyenangkan

Kalau nanti ada yang mau ditanyain, keluh kesah, atau sekadar butuh bantuan, langsung aja ke fitur Live Chat di aplikasi Floq.

Stay happy dan semoga harimu semanis review kamu tadi",2026-04-13 18:24:28,1.12.0
7b26aecf-49e8-488c-994f-1756c41c7c0f,UJI UTOMO,https://play-lh.googleusercontent.com/a/ACg8ocLRx82ZNsg_X9VtV8ijPZw2I2YJAVg2rYurN-dFXU-cPre5Kg=mo,"rekomendasi yg para pemula, dari segi fiturnya enak di pahami mudah di gunakan cepat sekali transaksi, menurutku ini rekomendasi (FLOQ)",5,0,1.12.0,2026-04-21 10:51:38,"Hai! Terima kasih banyak buat bintangnya!
Seneng banget bisa jadi bagian dari pengalaman Kakak yang menyenangkan

Kalau nanti ada yang mau ditanyain, keluh kesah, atau sekadar butuh bantuan, langsung aja ke fitur Live Chat di aplikasi Floq.

Stay happy dan semoga harimu semanis review Kakak tadi",2026-04-21 12:42:57,1.12.0
55cc0489-c023-4843-b115-e25ef8227acb,FahriFahrizal,https://play-lh.googleusercontent.com/a/ACg8ocKkjD3h_rN0grhHe7Z5b00DFWAxeYy8ptgMNac3kFSEJBTAew=mo,"kenapa tiba-tiba aplikasinya tidak bisa di buka, email yang di masukan juga jadi tidak terdaftar, untung gak beli terlalu banyak. masih selamat alhamdulillah",1,5,1.12.0,2026-04-20 06:33:59,"Hai!
Maaf ya atas kendala yang kamu alami. Yuk, langsung hubungi tim support lewat Live Chat di aplikasi atau kamu bisa menghubungi kami melalui email customerservice@floq.id biar bisa kami bantu lebih cepat.
Kalau sudah teratasi, kami akan senang banget kalau kamu mau update review-nya.
Makasih banyak atas dukungannya!",2026-04-20 06:51:20,1.12.0
7128330a-c443-4b14-8a84-3d7cbd512dab,teuku fadly natsir,https://play-lh.googleusercontent.com/a/ACg8ocJzZSQMrXGeoHGlp1eF-vKNdCNIhEdG1jjUfdAuMTVZgA8_5A=mo,"Aplikasi nya bagus untuk para trader pemula, fitur-fitur nya engak ribet,mudah dan cepat. gua saranin sih ini platfrom terbaik untuk sekarang @aksal28 #investasikripto",5,1,1.12.0,2026-04-15 17:45:09,"Haiii, makasih banyak udah sempetin kasih review! 🌟
Kita seneng banget bisa nemenin perjalanan kamu bareng FLOQ
Kalau nanti ada yang bikin bingung, pengen tanya-tanya, atau cuma mau say hi, langsung aja ke Live Chat ya!
Semoga hari kamu secerah semangatnya ✨",2026-04-15 19:01:57,1.12.0
157a0782-ee6d-4446-8e0d-496e4b521506,Rohman dittiya,https://play-lh.googleusercontent.com/a-/ALV-UjWh-3kDE0hhDfsO6UGQQjPWo5x9qmIrTbn-f1IPIGMTB5Rt7zo,"emang bener sangat membatu bagi pemula. Invesi kripto, atau BTC. MAKASIH FLOQ. tapi masih ada yang kurang grafiknya biar modah di pahami",5,0,1.12.0,2026-04-27 16:06:55,"Hai! 👋
Terima kasih banyak atas review positifnya 🙌 Senang banget dengar kamu nyaman pakai aplikasi Floq.
Masukan soal fitur Futures sudah kami catat ya 👍 Tim kami terus berinovasi, semoga segera bisa hadir.
Jangan lupa terus pantau update dari Floq 🚀",2026-04-27 16:20:26,1.12.0
7209d4c8-8656-4e52-ab5f-142d13669738,Feri Surya,https://play-lh.googleusercontent.com/a-/ALV-UjV3mM3dGK7cPDkpkX7A3GviRD9g9B6h-LWyoh0iT91co0VljofJ,Makasih floq uda nemenin aku susah senang nemenin masa treding ku wd ku dan Deposit ku uda top up mudah gampang wd gampang gak ribet masuk gampang aplikasi gak berat cepat the best pokok la makasih floq tetap selalu di hati,5,0,1.11.0,2026-04-10 19:08:30,"Haiii, makasih banyak udah sempetin kasih review! 🌟
Kita seneng banget bisa nemenin perjalanan kamu bareng FLOQ
Kalau nanti ada yang bikin bingung, pengen tanya-tanya, atau cuma mau say hi, langsung aja ke Live Chat ya!
Semoga hari kamu secerah semangatnya ✨",2026-04-10 20:04:52,1.11.0
95dc3313-d570-4042-bb71-b67277be5047,Rian Andrian syah,https://play-lh.googleusercontent.com/a/ACg8ocKoe53MaJiOmKNFTD2ZcVPOOKeQ7LqMv3QgaNSMgHwynBqXzw=mo,"Sebagai pemula di dunia kripto, saya merasa aplikasi FLOQ sangat membantu karena tampilannya sederhana dan mudah dipahami. Proses pendaftaran hingga KYC juga cepat dan tidak ribet, jadi saya bisa langsung mulai berinvestasi tanpa kendala.Semangat terus Floq update mu mempermudah Investor baru di Indonesia. Username Floq:floq60391073 #InvestasiKripto",5,1,1.12.0,2026-04-13 12:48:46,"Halo! Wah, terima kasih udah kasih rating bagus buat kami!
Seneng deh bisa jadi bagian dari perjalanan kamu di dunia kripto bareng FLOQ 💫
Butuh bantuan atau mau ngobrol? Tim kita siap sedia di Live Chat aplikasi!
Semoga harimu seceria pesan yang kamu kirim tadi ya ✨",2026-04-13 13:19:42,1.12.0
dd61b2ce-fb72-4e98-8040-ef54d6bbc1c1,nur muad,https://play-lh.googleusercontent.com/a-/ALV-UjXbPdzLWk6rUkoTZX4DQCxZe5twFlszG7DSSipWzo1508hVCyw,kenapa belum ada investasi2 di PT ternama. sebaik nya di tambah lagi. bnyak yg blm bisa terbuka semua. tambahkan dong inveatasi2 di PT besar.,5,0,1.12.0,2026-04-28 15:16:44,"Hai!
Terima kasih banyak untuk bintangnya! Senang banget tahu kamu suka dengan aplikasi Floq.
Soal fitur Futures, noted banget ya! Tim kami terus berusaha mengembangkan fitur-fitur baru, jadi semoga bisa segera hadir.
Stay tuned dan terus support Floq, ya!",2026-04-28 15:35:53,1.12.0
90cc1bea-5f9b-4cea-960c-9050c2635273,erniki,https://play-lh.googleusercontent.com/a-/ALV-UjVZcnOn5aMyjyuzYJ7TOGQ9XVKzh7DP564_wXKt5CFlAwvZ9k4,"Luar biasa! Aplikasi yang sangat fungsional, ringan, dan sangat membantu kebutuhan sehari-hari saya terkait betapa mudahnya berinvestasi di floq. Update rutinnya menunjukkan pengembang sangat peduli dengan masukan pengguna. Keep up the good work! #InvestasiKripto @erniki",5,0,1.11.0,2026-04-12 10:56:59,"Haiii, makasih banyak udah sempetin kasih review! 🌟
Kita seneng banget bisa nemenin perjalanan kamu bareng FLOQ
Kalau nanti ada yang bikin bingung, pengen tanya-tanya, atau cuma mau say hi, langsung aja ke Live Chat ya!
Semoga hari kamu secerah semangatnya ✨",2026-04-12 11:21:34,1.11.0
9fa746c9-4e9e-44b4-960c-87de1f1abc62,Fanzcest Maulana,https://play-lh.googleusercontent.com/a/ACg8ocL_yMwCe0a-kdqbPp31d974Oa6IaHgaSahwNOAf7-G26OzwxQ=mo,aplikasinya muter terus/pending padahal jaringan lancar,1,0,1.14.4,2026-06-08 00:59:11,"Hai! 👋 Maaf banget ya untuk kendala di aplikasi. Coba update dulu ke versi terbaru dan pastikan koneksi internet stabil. Kalau masih bermasalah, silakan hubungi tim support email ke customerservice@floq.id biar bisa kami bantu cek lebih lanjut. Kalau sudah teratasi, kami akan senang sekali kalau kamu bersedia update review 💛",2026-06-08 06:02:26,1.14.4
4becf416-53ca-4b15-81c0-8312b5e34975,Anna,https://play-lh.googleusercontent.com/a/ACg8ocK1z7JQqY9eHYFthOQY4hVwLSgQiyRktE8BFBm0W37IjolKxA=mo,setelah update liveness gabisa beli dan jual lagi kamera hp jelek blur jadi ga bisa beli dan jual,1,1,1.15.1,2026-06-25 01:34:11,"Halo Kak!
Mohon maaf atas kendala yang dialami ya

Untuk dapat membantu pengecekan dan penanganan lebih lanjut, mohon Kakak dapat menghubungi tim Customer Service Floq melalui fitur Live Chat di aplikasi atau melalui email resmi kami.

Terima kasih atas pengertiannya",2026-06-25 01:42:49,1.15.1
78fb5d2d-af4a-476d-9d17-5d57ad4686c3,TKH CAPITAL,https://play-lh.googleusercontent.com/a-/ALV-UjWIr7QJTsk4IeGSoXJiuVwBtt6EOleq2LFpcmkQgjrI0q6cAik,"floq sudah sangat baik dan sangat nyaman apalagi buat investor,tapi saya inginkan usulkan fitur yang mungkin bisa dipertimbangkan untuk ditambahkan kedepannya. 1.fitur trading lavarage,karna saya rasa aplikasi lain sangat tidak nyaman dan agak ribet,kalo floq bisa menyediakan dan dibuat mudah dan simpel pasti sangat membantu sekali. 2.fitur alarm harga,yang tidak usah memantau harga terus"" an atau tanpa langsung mengantri di harga tertentu. 3.cs (bukan ai) yang lebih cepat lagi😊.",4,0,,2026-06-25 14:43:54,"Hai! 👋
Terima kasih banyak untuk review positifnya! Senang banget tahu kamu suka dengan aplikasi Floq.

Soal fitur-fitur, noted banget ya! Tim kami terus berusaha mengembangkan fitur-fitur baru, jadi semoga bisa segera hadir.
Stay tuned dan terus support Floq, ya! 🚀",2026-06-25 16:33:33,
30e7d595-74d7-4d95-baba-ace3fa23994d,Legi Sanjaya,https://play-lh.googleusercontent.com/a/ACg8ocLpLkRnifDn79Z8H-x-ijvyp1jISyCGVFHwUNsgzB70uGuEvQ=mo,sangat lah membantu dan sangat bagus lebih mudah dari top AP nya dari beli crypto nya..pokok nya sangat membantu,5,0,1.11.0,2026-04-11 06:34:28,"Hai! Terima kasih banyak buat bintangnya!
Seneng banget bisa jadi bagian dari pengalaman kamu yang menyenangkan 💫
Kalau nanti ada yang mau ditanyain, keluh kesah, atau sekadar butuh bantuan, langsung aja ke fitur Live Chat di aplikasi Floq.
Stay happy dan semoga harimu semanis review kamu tadi~ ✨",2026-04-11 07:47:34,1.11.0
07af0de8-a064-46d3-b755-937014be8437,Yaksa Bibi,https://play-lh.googleusercontent.com/a/ACg8ocKW46Kh-zGOnafzfIK4ymVMj5UjRJGejtcQS9ZTtRgigouI7A=mo,"gua masuk 156.000 nah knp kenaikan BTC (0.41%) 649 bukan nya 156.649 malah 155.457. saya juga bingung, ini kek di ambil ap gimn. semngt floq untuk memperbaiki sebelum temen temen pindah APK.",3,4,1.11.0,2026-04-03 12:24:06,"Hai! Terima kasih atas feedback fitur P&L. Masukan kamu sudah kami catat dan akan terus kami kembangkan. Jika butuh bantuan, silakan hubungi Live Chat di aplikasi Floq. Kami akan sangat menghargai jika kamu bersedia memperbarui review setelah kendala teratasi. Terima kasih ✨",2026-04-03 12:33:22,1.11.0
e49d7134-60d4-499f-9a42-5bd14f8bd45b,Andre Pranata,https://play-lh.googleusercontent.com/a/ACg8ocKnq3IfPryhxwzMTaWv5zMlC2hDfoYGNjWGGp-cdrPGXpOpOg=mo,menurut saya pribadi FLOQ aplikasi jual beli crypto tersimpel buat pemula seperti saya gampang di mengerti dan tidak rumit metode top up nya pun gampang semua apa lagi menggunakan gopay enak bener otomatis bralih ke apk gopay tinggal masukin pin next semoga makin maju FLOQ Usn FLOQ : @andreintan #InvestasiKripto,5,0,1.11.0,2026-04-12 11:23:29,"Haiii, makasih banyak udah sempetin kasih review! 🌟
Kita seneng banget bisa nemenin perjalanan kamu bareng FLOQ
Kalau nanti ada yang bikin bingung, pengen tanya-tanya, atau cuma mau say hi, langsung aja ke Live Chat ya!
Semoga hari kamu secerah semangatnya ✨",2026-04-12 11:27:41,1.11.0
54a659a1-af91-4a56-a9ba-bd0422fc6ffb,Putu Pramana,https://play-lh.googleusercontent.com/a-/ALV-UjUhe4U-jXHbWXvRMpwy3eYjACDKJM6_sRfG8bwZtTbsW3vRfn-A0g,aplikasi exchange crypto terbaik saat ini. cocok bgt untuk investasi bitcoin long term..,5,0,1.14.3,2026-06-02 05:27:55,"Hai! Terima kasih banyak buat bintangnya!
Seneng banget bisa jadi bagian dari pengalaman Kakak yang menyenangkan

Kalau nanti ada yang mau ditanyain, keluh kesah, atau sekadar butuh bantuan, langsung aja ke fitur Live Chat di aplikasi Floq.

Stay happy dan semoga harimu semanis review Kakak tadi
",2026-06-02 06:04:25,1.14.3
afcabd8a-e131-4828-a233-69a25f637806,Holis Nurholismajid,https://play-lh.googleusercontent.com/a/ACg8ocLYFPonubmQAANqCX-wvqfU7doZL1k33w721ihK6kiYyNLrug=mo,aplikasi crypto satu ini sangat mudah di pahami dan gampang banget ngerti nya bagi pemula yang baru berkecimplung di dunia crypto,5,1,1.12.0,2026-04-14 08:08:03,"Hai! Terima kasih banyak buat bintangnya!
Seneng banget bisa jadi bagian dari pengalaman kamu yang menyenangkan
Kalau nanti ada yang mau ditanyain, keluh kesah, atau sekadar butuh bantuan, langsung aja ke fitur Live Chat di aplikasi Floq.
Stay happy dan semoga harimu semanis review kamu tadi~",2026-04-14 08:14:26,1.12.0
4e6dac82-2b17-4025-a10c-32c80c31e1e1,Bahtiar Zen,https://play-lh.googleusercontent.com/a-/ALV-UjX2TgHiEpV9m8IXUGkOVmDnRvWWVtLuIq0E954U9RDy03Q3w1sN,Cocok buat pemula seperti saya aplikasi nya ringan banget lancar,5,0,1.16.0,2026-07-15 21:00:42,"""Haiii, makasih banyak udah sempetin kasih review! 🌟
Kita seneng banget bisa nemenin perjalanan kamu bareng FLOQ

Kalau nanti ada yang bikin bingung, pengen tanya-tanya, atau cuma mau say hi, langsung aja ke Live Chat ya!
Semoga hari kamu secerah semangatnya ✨""",2026-07-15 21:21:48,1.16.0
c3dccf62-eb64-48a3-9fa5-c61cd15b61c0,Achmadfarelliantio Dwi wicaksana,https://play-lh.googleusercontent.com/a/ACg8ocIti9Cp7nxd6cVAu0xI_FxBgESGv_rHUBg-HfI41LGgXBp9=mo,"Aplikasinya cukup mudah digunakan, tampilannya sederhana dan tidak membingungkan untuk pengguna baru. Proses beli emas juga cepat dengan nominal yang terjangkau. Fitur pemantauan harga emas membantu saat ingin menentukan waktu membeli atau menjual. Secara keseluruhan, pengalaman menggunakan aplikasi ini cukup nyaman untuk investasi emas sehari-hari.",5,0,,2026-06-03 10:18:58,"Hai! Terima kasih banyak buat bintangnya!
Floq merupakan aplikasi jual beli (trading) aset kripto.
Kalau nanti ada yang mau ditanyain, keluh kesah, atau sekadar butuh bantuan, langsung aja ke fitur Live Chat di aplikasi Floq.
Stay happy dan semoga harimu menyenangkan.",2026-06-03 10:31:00,
125fd5d5-cb24-4ec8-bc34-662a4d0b0389,Rizky Sirait,https://play-lh.googleusercontent.com/a/ACg8ocI37kmkuuGuYRrXBIEwdGPsWVT30JlHizN_oOjb1TvePyvnTQ=mo,"hati hati dgn apk ini, saya daftar Dan sudah verifikasi.Setelah ada uang masuk sebesar $ 5.1 , Dan mau saya transfer di tolak .Alasanya butuh verifikasi lagi untuk mengaktifkan transfer Dan penarikan.Sampai minta rekening koran 3 bulan.Dan di tanyain kenapa deposit dengan nominal yang sama tiap hari.Padahal hasil investasi di trading itu fixed 0.55$ perhari.Duit saya udah di kuasai oleh mereka ini dgn permintaan mavam macam.HATI HATI APK INI JGN SAMPAI KALIAN KORBAN BERIKUTNYA.Perampok",1,6,1.14.0,2026-05-22 06:45:14,"Hai!

Setelah kami cek, kendalamu sudah diproses oleh tim kami dan akan segera diinfokan lebih lanjut lewat email ya.

Mohon ditunggu kabarnya, ya!
Kalau sudah tidak ada kendala, kami akan sangat senang kalau kamu bersedia mengupdate review-nya.

Terima kasih banyak atas feedback-nya!",2026-05-22 03:49:25,1.14.0
33734a93-b028-40cb-91c2-4e4cebe3680e,Scott James Watt Sagala,https://play-lh.googleusercontent.com/a-/ALV-UjVqNAQDpvSVfWY4CYrNchyYeNksG0oBnMG-aNQxxP2-cllJR6Q,Mantap nih aplikasinya! Transaksi cepat dan dukungan deposit Rupiah-nya lancar jaya tanpa drama.,5,0,1.14.0,2026-05-19 03:44:36,"Hai! Terima kasih banyak buat bintangnya!

Seneng banget bisa jadi bagian dari pengalaman kamu yang menyenangkan.
Kalau nanti ada yang mau ditanyain, keluh kesah, atau sekadar butuh bantuan, langsung aja ke fitur Live Chat di aplikasi Floq.

Stay happy dan semoga harimu semanis review kamu tadi~",2026-05-19 04:37:00,1.14.0
0fac26da-c185-4478-84f5-d6da3ee34102,Rendi,https://play-lh.googleusercontent.com/a-/ALV-UjWW6CUI6Z26JCt_NuYqKj_BH5Maj5FRKsnzzXZqjIeQIBwkZBGe,knapa sering ada masalah belum bisa ke buka lagih apk nyh,2,0,1.18.0,2026-08-04 03:00:24,,,1.18.0
996157c8-56f9-468f-8402-bae57a4e8b84,nurul dimaskusuma,https://play-lh.googleusercontent.com/a-/ALV-UjVLuy0WYm_oxgODrsyPL1MO7GpmIcOKjoyuLWnyzbTbowOmUzJ9,harapan saya bisa memberi P&L sendiri jujur saya masih bingung melihat keuntungan di jadikan 1 semoga bisa kaya tokocrypto saya yakin floq menjadi exchange terbaik kedepannya,5,0,1.14.4,2026-06-09 18:32:04,"Hai! Terima kasih banyak buat bintangnya!
Seneng banget bisa jadi bagian dari pengalaman kamu yang menyenangkan 💫

Kalau nanti ada yang mau ditanyain, keluh kesah, atau sekadar butuh bantuan, langsung aja ke fitur Live Chat di aplikasi Floq.

Stay happy dan semoga harimu semanis review kamu tadi~ ✨",2026-06-09 18:45:08,1.14.4
bdc13281-0d67-4f13-b8e1-2419e4c030b2,Mazz Kevin,https://play-lh.googleusercontent.com/a-/ALV-UjVElpPKcGo9-c4eD9__PcQRVPzTXdDw9TUA64u3CUvhQIc31r5N,"FLOQ sangat membantu sekali buat belajar dan berinvestasi, transaksi jual belinya mudah, murah dan cepat selama saya bertransaksi semangat terus pantang mundur semua😊 @floqakifin4 #InvestasiKripto",5,0,1.11.0,2026-04-10 19:29:46,"Haiii, makasih banyak udah sempetin kasih review! 🌟
Kita seneng banget bisa nemenin perjalanan kamu bareng FLOQ
Kalau nanti ada yang bikin bingung, pengen tanya-tanya, atau cuma mau say hi, langsung aja ke Live Chat ya!
Semoga hari kamu secerah semangatnya ✨",2026-04-10 20:06:27,1.11.0
004fdddb-10a3-481b-b210-bdc3c4fd6234,Nabil Cahyadi,https://play-lh.googleusercontent.com/a-/ALV-UjWpzD6xA9c1kAn2gtDd-mgW4ZmHGQzs6aAt-eEPTV6oT-Qcm9nD,masih ada bug nih tolong perbaiki,5,0,1.16.0,2026-07-17 11:43:05,"Terima kasih banyak ya kak atas rating bintang 5 yang sudah diberikan! ⭐⭐⭐⭐⭐ 🙏

Mohon maaf atas kendala bug yang masih kakak temukan. Masukan dari kakak sangat berarti bagi kami dan akan menjadi bahan evaluasi untuk perbaikan aplikasi ke depannya.

Apabila kakak mengalami kendala atau menemukan bug lainnya, jangan ragu untuk menghubungi kami me...",2026-07-17 11:48:23,1.16.0
e4cfe2b7-b12d-4bce-95fb-8449ab9ea2ec,Rofi Ur,https://play-lh.googleusercontent.com/a-/ALV-UjWNZ_7mqIWRZF3qXqKFIMi5kUyi4Q6_O76r85T141OpnH3FIf3V,untuk semuanya menurutku bagus sih sedikit tambahan tambahkan widget agar mempermudah mendapatkan info naik turun harga😁🙏,5,0,1.12.0,2026-04-23 11:13:24,"Hai! Terima kasih banyak buat bintangnya!
Seneng banget bisa jadi bagian dari pengalaman Kakak yang menyenangkan

Kalau nanti ada yang mau ditanyain, keluh kesah, atau sekadar butuh bantuan, langsung aja ke fitur Live Chat di aplikasi Floq.

Stay happy dan semoga harimu semanis review kamu tadi",2026-04-23 12:15:09,1.12.0
92cd34be-cc06-4912-9a63-dad4e030d555,A Inho,https://play-lh.googleusercontent.com/a/ACg8ocKvw_SGzM1WSwZ9Ck6b5yJh1haLKblc3rNRaNRIFee_0ri5fw=mo,"Aku udah coba beberapa aplikasi kripto, dan FLOQ ini termasuk yang paling simpel dipakai. Daftarnya cepat, tampilannya juga nggak ribet, jadi langsung ngerti cara beli dan jual kripto bahkan buat yang baru mulai. Yang aku suka, semua fiturnya jelas dan nggak bikin bingung. Aplikasinya juga lancar, jadi enak buat dipakai tanpa drama. Buat yang pengen mulai investasi kripto tapi nggak mau pusing, FLOQ ini worth it banget buat dicoba. @ainho #InvestasiKripto",5,0,,2026-04-23 09:59:48,"Hai! Terima kasih banyak buat bintangnya!
Seneng banget bisa jadi bagian dari pengalaman Kakak yang menyenangkan

Kalau nanti ada yang mau ditanyain, keluh kesah, atau sekadar butuh bantuan, langsung aja ke fitur Live Chat di aplikasi Floq.

Stay happy dan semoga harimu semanis review Kakak tadi",2026-04-23 10:27:59,
b3c5f102-7207-4991-a22f-e41bcff7b263,0%,https://play-lh.googleusercontent.com/a/ACg8ocKe8y8j8jG9xcTqp4rusGfzUO90QFuQOLSpuyrruF1H1KDyew=mo,btt (bittorent) trx (tron) kapan listing dan kapan bisa di perjualbelikan? kenapa belum bisa membeli coin itu,4,0,1.14.3,2026-06-04 08:42:17,"Hai!
Terima kasih banyak untuk review positifnya! Senang banget tahu Kakak suka dengan aplikasi Floq.

Soal fitur Futures, noted banget ya! Tim kami terus berusaha mengembangkan fitur-fitur baru, jadi semoga bisa segera hadir.
Stay tuned dan terus support Floq, ya!",2026-06-04 09:00:47,1.14.3
cb1461ee-9268-4afb-840d-3a7e433e5611,Agung Dirga,https://play-lh.googleusercontent.com/a-/ALV-UjVpDI0ZTXq-yJrXbPFFh1YwRoWAX23lP7qo3eYpu2jAZ-cdYQQ,"aplikasi ui nya bagus, mudah buat pemula, tapi kenapa ya tiap login harus ulang di tampilan daftar dan masuk, sering juga min kalau udah masuk di mintai in live lines terus , kalau bisa di tingkatin lagi min, aplikasi nya karna kedepan nya mungkin floq bisa lebih baik 👍, dan masih ada berapa bug juga dan saya maklum karna floq masih baru, semoga bisa jadi exchange yg lebih terpercaya kedepan nya 💪",5,0,,2026-05-30 00:52:13,"Hai!
Maaf banget ya atas kendala yang kamu alami.
Biar bisa kami bantu lebih lanjut, kamu bisa langsung hubungi tim support melalui fitur Live Chat di aplikasi Floq.",2026-05-30 01:42:51,
6a51b5f5-37ae-4754-bf4b-a7e6991b5e27,ahmad fariq,https://play-lh.googleusercontent.com/a/ACg8ocJEqeGA9JP1MOr_xVVXYj99myf9wWfdho2YRjsnabFdx1YBPA=mo,tolong untuk penarikan bisa di perkecil lagi minimal 5000 rupiah selain itu sudah bagus semua sih dan mudah di mengerti,5,0,1.11.0,2026-03-09 23:10:22,"Hai! 👋
Terima kasih banyak untuk review positifnya! Senang banget tahu kamu suka dengan aplikasi Floq.
Soal fitur Futures, noted banget ya! Tim kami terus berusaha mengembangkan fitur-fitur baru, jadi semoga bisa segera hadir.
Stay tuned dan terus support Floq, ya! 🚀",2026-03-09 23:30:28,1.11.0
0acc4672-57f9-4260-bc96-753453e36525,Harun Turnip,https://play-lh.googleusercontent.com/a/ACg8ocKMEMHPUfHmu204KN7MBgHI7FW1lF9pbGvsZq150UE_KJWZWA=mo,"Harga beli dan harga jual sangat jauh berbeda. harga beli solana 1,85 juta harga jual solana 1,63 juta Sangat tidak sebanding, mohon di perbaiki 🙏😊",3,1,1.13.1,2026-05-05 11:22:09,"Halo!
Kami turut menyesal atas pengalaman yang kurang nyaman ini.
Terima kasih telah menyampaikan masukan ini. Umpan balik Kakak sangat berharga bagi kami dalam meningkatkan kualitas aplikasi kami.",2026-05-05 13:55:35,1.13.1
8fcdf5aa-f921-48b2-9fa1-3fb2d77b0b9b,Ricko Gumilar,https://play-lh.googleusercontent.com/a-/ALV-UjUzEZ89d8KeY8VN_4mONVHEQ12IDPXmEynKAgmTzX0DPMzy7W2v,"Apk Yang cocok buat pemula yang ingin berinvestasi di Floq dengan modal 1000 sudah bisa beli asett Crypto dengan features yang lengkap apk Floq ini bagus dan sangat rekomen bangett, mudahnya lagi kalian bisa topup dengan e-walet Gopay,Dana,dan Ovo kalian juga berkesempatan mendapatkan hadiah lainya dari floq,jutaan rupiah, buruan tunggu apalagi,tupup sekarang di floq . @Floqrikogumilar #InvestasiKripto",5,1,1.13.1,2026-05-06 12:53:28,"Hai! Terima kasih banyak buat bintangnya!
Seneng banget bisa jadi bagian dari pengalaman kamu yang menyenangkan 💫
Kalau nanti ada yang mau ditanyain, keluh kesah, atau sekadar butuh bantuan, langsung aja ke fitur Live Chat di aplikasi Floq.
Stay happy dan semoga harimu semanis review kamu tadi~ ✨",2026-05-06 14:53:13,1.13.1
25ee3c68-4325-4945-8fcd-fe5516eed067,Salman nur azis,https://play-lh.googleusercontent.com/a/ACg8ocJ2SU0YJlM59ahoUyZ-1TIzJ3_uMVZM1ug_Y-MT72Ruy74f7A=mo,"Jujur, FLOQ ini enak dipakai buat yang baru mau mulai investasi. Daftarnya nggak ribet, tampilannya juga simpel jadi nggak bikin bingung. Yang paling penting, bisa mulai dari uang kecil jadi nggak perlu nunggu punya banyak dulu. Deposit dan withdraw nya cepet. Menurutku sih, bakal lebih mantap lagi kalau nanti ada fitur edukasi biar pengguna bisa belajar juga, nggak cuma langsung investasi. Overall, cocok buat pemula yang pengen mulai dengan cara yang santai. @salcrypt73 #InvestasiKripto",5,0,,2026-04-12 11:29:47,"Hai! Terima kasih banyak buat bintangnya!
Seneng banget bisa jadi bagian dari pengalaman kamu yang menyenangkan

Kalau nanti ada yang mau ditanyain, keluh kesah, atau sekadar butuh bantuan, langsung aja ke fitur Live Chat di aplikasi Floq.

Stay happy dan semoga harimu semanis review kamu tadi",2026-04-12 11:32:27,
89d0b8e9-fd48-467d-8726-e904f58e1e51,Ha Lisah,https://play-lh.googleusercontent.com/a/ACg8ocJXuVh8SJ7oOAfqukBcIjN-Yia830YyyI8mF9eENojlQ-R2eg=mo,Sekarang makin sering buka app ini karena trading nggak seribet bayangan gue sebelumnya… tinggal sentuh layar aja udah selesai!,5,0,1.13.1,2026-05-13 12:34:12,"Hai! Terima kasih banyak buat bintangnya!
Seneng banget bisa jadi bagian dari pengalaman Kakak yang menyenangkan 💫
Kalau nanti ada yang mau ditanyain, keluh kesah, atau sekadar butuh bantuan, langsung aja ke fitur Live Chat di aplikasi Floq.
Stay happy dan semoga harimu semanis review kamu tadi~ ✨",2026-05-13 12:40:58,1.13.1
1a82f2d7-fea1-4189-8bdd-907decddcde0,Andi Si ritel,https://play-lh.googleusercontent.com/a-/ALV-UjVLebhC3g9oeU9qJnMJc1Ryvpuj4VEyf6T0qB_HhdtUZMPUumY,"pokoknya exchange ini paling best lah buat orang orang yg mau invest atau trading aset crypto, exchange ini paling best lah👍, semoga kedepannya lebih berkembang lagi",5,0,1.12.0,2026-04-20 11:00:24,"Hai! Terima kasih banyak buat bintangnya!
Seneng banget bisa jadi bagian dari pengalaman kamu yang menyenangkan.
Kalau nanti ada yang mau ditanyain, keluh kesah, atau sekadar butuh bantuan, langsung aja ke fitur Live Chat di aplikasi Floq.
Stay happy dan semoga harimu semanis review kamu tadi.",2026-04-20 11:03:34,1.12.0
5d99ce14-b3ff-48d1-8090-8367112a0c43,Zyair Powell,https://play-lh.googleusercontent.com/a-/ALV-UjWbS7ohMnb4x_6xVqIikTa0QABuWhLA9Zl-WlNuGvJpyUwjHB9i,"aplikasinya secara keseluruhan udah baguss, tapi tolong dong pihak developer tambahkan fitur beli otomatis",5,0,1.13.1,2026-05-09 14:53:51,"Hai!
Terima kasih banyak atas review positifnya. Senang banget dengar kamu nyaman pakai aplikasi Floq.
Soal fitur Futures, noted banget ya! Tim kami terus berusaha mengembangkan fitur-fitur baru, jadi semoga bisa segera hadir.
Stay tuned dan terus support Floq, ya!",2026-05-09 15:40:34,1.13.1
fa058c26-0564-48fb-a9eb-640b32f64ffc,Igo jackal,https://play-lh.googleusercontent.com/a-/ALV-UjXYkb2Wp1200u5Ot7FI4GXAsFD135n8qfvhcj_jwFi5RtZT5Is,"aplikasi nya bagus, ramah sekali, dan sangat mudah di pahami untuk pemula, deposit juga sangat mudah , top lah untuk FLOQ ini",5,1,1.11.0,2026-04-12 11:07:02,"Halo! Wah, terima kasih udah kasih rating bagus buat kami!
Seneng deh bisa jadi bagian dari perjalanan kamu di dunia kripto bareng FLOQ 💫
Butuh bantuan atau mau ngobrol? Tim kita siap sedia di Live Chat aplikasi!
Semoga harimu seceria pesan yang kamu kirim tadi ya ✨",2026-04-12 11:24:28,1.11.0
a87aec76-37fb-4d1a-a68f-7739998d1c17,Regals Mbajing,https://play-lh.googleusercontent.com/a-/ALV-UjWJVUfF7JxuaLHtWcBT78OyiykbAM9KWi7r1WC8ahhkvgoY2AA,eror terus setiap mau login tolong segera dibenerin,1,0,1.18.0,2026-08-04 06:09:46,"Hai!

Mohon maaf atas ketidaknyamanan yang Kakak alami. Berkaitan dengan kendala login yang terus mengalami error, kami memahami hal ini tentu mengganggu aktivitas Kakak. kami informasikan untuk pemeliharaan sistem saat ini sudah selesai ya, Kak, dan aplikasi Floq sudah dapat digunakan kembali seperti biasa. Jika masih mengalami kendala, silakan...",2026-08-05 01:24:22,1.18.0
1d6e2971-f610-45e3-995f-a2959d9ad240,Rolis Sahadat siregar,https://play-lh.googleusercontent.com/a/ACg8ocJlovyaC6-MK6PO2TLk1gGmSOM6-XD4ItNKfmQY8_TTzNJYJw=mo,ko sandi saya bisa salah yah padahal sandi yg saya buat benar tolong dong bantuannya min segera diperbaiki,3,0,1.18.0,2026-08-03 16:33:00,,,1.18.0
80794b85-d15f-40d2-be53-787e78106f4c,Akun Usman,https://play-lh.googleusercontent.com/a/ACg8ocKUf2wJQaQIdJXhO0NBqQpssCqIXFg8zcztI3XkGmJ77-gZFQ=mo,jgn coba investasi di sini aku sendiri sudah investasi btc banyak ujung ujungnya apk gk bisa di buka cukup aku jadi korban,1,0,1.18.0,2026-08-04 05:45:03,"Hai!

Mohon maaf atas ketidaknyamanan yang Kakak alami. Berkaitan dengan kendala aplikasi yang tidak dapat dibuka sehingga Kakak khawatir terkait investasi yang dimiliki, kami memahami kekhawatiran tersebut. Kami informasikan untuk pemeliharaan sistem saat ini sudah selesai ya, Kak, dan aplikasi Floq sudah dapat digunakan kembali seperti biasa. ...",2026-08-05 01:29:48,1.18.0
3c130785-5c2d-486c-ab84-b40499f0a7f3,Raharjo,https://play-lh.googleusercontent.com/a-/ALV-UjX8e2QlBm0BmW834PnpIAfvrw33FQwBW2NGgCDRko8XJxb-vuc,aplikasi yang sangat bagus dan sangat membatu buat saya belajar investasi sangat mudah dan nyaman..terima kasih floq,5,0,1.12.0,2026-04-18 00:19:23,"Hai! Terima kasih banyak buat bintangnya!
Seneng banget bisa jadi bagian dari pengalaman kamu yang menyenangkan
Kalau nanti ada yang mau ditanyain, keluh kesah, atau sekadar butuh bantuan, langsung aja ke fitur Live Chat di aplikasi Floq.
Stay happy dan semoga harimu semanis review kamu tadi~",2026-04-18 00:29:11,1.12.0
059c3dda-f71d-4aa4-b910-3c7f39ad714d,Haikal Husein,https://play-lh.googleusercontent.com/a/ACg8ocJfRHRkw6nQRmlbd7pPmGMnBjfN-OsgQfPKVnllQWFCTf-5jA=mo,asli si saya udah nyaman di aplikasi floq tapi kenapa kok akun virtual account bank permata nya di hilangin padahal kan bisa untuk efisiensi biaya admin investasi bitcoin jangka panjang..... dah gitu ada virtual account bank BRI tapi top up nya pun harus pakai rekening bank BRI sedangkan aku ngga punya rekening BRI plus ngga sempat bikin rekening nya. asli si nyesel banget aku mindahin aset bitcoin ke aplikasi floq ini. kurang ajar. dah di kasih kepercayaan dari investor Ritel malahan ganti akun,1,4,1.13.1,2026-05-15 11:32:21,"Hai!
Maaf ya atas kendala yang dialami. Yuk, langsung hubungi tim support lewat Live Chat di aplikasi atau melalui email customerservice@floq.id biar bisa kami bantu lebih cepat.
Kalau sudah teratasi, kami akan senang banget kalau Kakak mau update review-nya.
Makasih banyak atas dukungannya!",2026-05-15 12:24:28,1.13.1
41bf3e6c-10f7-4d2d-9478-50d71ef33a82,Fikri Wanagiel,https://play-lh.googleusercontent.com/a-/ALV-UjVrfBLHElYyzVDETquJldnIF0wSvDiS2KjCj0cX4psIX6HqmPNh,"FLOQ merupakan paket lengkap untuk exchange crypto yang sudah resmi teregulasi oleh OJK, UI/UX ramah dan simple untuk pengguna pemula, trading start from 1000 rupiah saja, bahkan kalian bisa trading stock US disana, untuk withdraw rupiah kalian bisa dengan hanya minimal 10.000 rupiah saja. Bagi saya FLOQ merupakan exchange dengan gebrakan terbaru untuk orang-orang retail seperti kita ini untuk bisa tetap membeli crypto dengan budget tipis. My reff: kocakgudang",5,0,1.13.1,2026-05-05 17:25:13,"Haiii, makasih banyak udah sempetin kasih review!
Kita seneng banget bisa nemenin perjalanan kamu bareng FLOQ
Kalau nanti ada yang bikin bingung, pengen tanya-tanya, atau cuma mau say hi, langsung aja ke Live Chat ya!
Semoga hari kamu secerah semangatnya",2026-05-05 17:29:35,1.13.1
edef0d87-5538-414a-b62d-c47d7390671c,Mulyadi Iscool,https://play-lh.googleusercontent.com/a-/ALV-UjUCfCarJz2Cua6j5gwpBY_GVoItq77furBtssxa2Zld0nn46yI,aplikasi bagus dan sangat membantu untuk investasi krypto mudah di pahami untuk orang awam sekalipun @muly401 #investasikripto,5,0,1.12.0,2026-04-24 10:05:50,"Hai! Terima kasih banyak buat bintangnya!
Seneng banget bisa jadi bagian dari pengalaman kamu yang menyenangkan 💫
Kalau nanti ada yang mau ditanyain, keluh kesah, atau sekadar butuh bantuan, langsung aja ke fitur Live Chat di aplikasi Floq.
Stay happy dan semoga harimu semanis review kamu tadi~ ✨",2026-04-24 10:14:40,1.12.0
78b2db2b-ac58-49cc-8323-72ecaed45c2e,hanif Fahru,https://play-lh.googleusercontent.com/a/ACg8ocJFWyTDl9-qyxBw-jYuSecsG-ePtG9pAA6OFJIIb_yGDym_vA=mo,"untuk trade pemula ini sangat mudah karna disini untuk metode hold tapi untuk tampilannya memang agak tidak menyenangkan mungkin bisa di kasih pilihan dark or light banyak juga yang mengeluh di harga jual dan beli jadi ini bisa diberi transparansi spread harga jual dan beli dan untuk chart, indikator order book, info detail koin, mungkin juga bisa ditambah indikator fear and greed dan market derivatif untuk pengalaman (gak terlalu penting sih tapi buat mereka yang mau euforia di derivatif🤣)",2,0,,2026-05-07 01:11:51,"Hai!
Maaf banget ya atas kendala yang kamu alami.
Biar bisa kami bantu lebih lanjut, kamu bisa langsung hubungi tim support melalui fitur Live Chat di aplikasi Floq.
Terima kasih sudah sabar — kita akan pastikan prosesnya berjalan lancar secepat mungkin!
",2026-05-07 01:22:26,
3f401307-b585-4135-bbd3-c0317fff9c73,Ruby Snyder,https://play-lh.googleusercontent.com/a-/ALV-UjWGBNAJfVrJRutnkr6sLI4bRhhjgmyQJQypEWiwzKXHa3GCox8,Punya fitur lengkap untuk deposit dengan GoPay bikin semuanya lebih simpel daripada aplikasi lain yang pernah gue pake sebelumnya!,5,0,1.13.1,2026-05-16 11:16:06,"Halo! Wah, terima kasih udah kasih rating bagus buat kami!
Seneng deh bisa jadi bagian dari perjalanan kamu di dunia kripto bareng FLOQ 💫
Butuh bantuan atau mau ngobrol? Tim kita siap sedia di Live Chat aplikasi!
Semoga harimu seceria pesan yang kamu kirim tadi ya ✨",2026-05-16 11:34:35,1.13.1
2edeee82-eae6-48df-a491-efd771817c0e,Hakim Chasbuloh,https://play-lh.googleusercontent.com/a/ACg8ocLxRTj34hbNr9FEOXtzkOHow_ROPkaL_WBRMxUfetJ95WrB1w=mo,"di apk ini saya belajar investasi dengan uang yang saya sisakan untuk membangun masa depan saya. Floq mengajarkan saya menyisihkan bukan menyisahkan , Ayo bangun aset mu di Floq dengan mudah dan cepat! floq59501770 #InvestasiKripto",5,0,1.11.0,2026-04-11 01:08:55,"Hai! Terima kasih banyak buat bintangnya!
Seneng banget bisa jadi bagian dari pengalaman kamu yang menyenangkan 💫
Kalau nanti ada yang mau ditanyain, keluh kesah, atau sekadar butuh bantuan, langsung aja ke fitur Live Chat di aplikasi Floq.
Stay happy dan semoga harimu semanis review kamu tadi~ ✨",2026-04-11 14:55:02,1.11.0
f1e336a6-c436-438e-a033-78f6ebf3c037,Gambeing Zr,https://play-lh.googleusercontent.com/a-/ALV-UjVR4BtCiM_6sZ2mVcQLPBrkzZ6u-rFtt2BTi_pSoZasgsPhlZqy,"apk bagus mudah di pahami, bagus buat pemula yang mau berinvestasi, simpel, semoga kedepannya lebih baik lagiiii",5,0,1.11.0,2026-04-12 14:49:22,"Hai! Terima kasih banyak buat bintangnya!
Seneng banget bisa jadi bagian dari pengalaman kamu yang menyenangkan 💫
Kalau nanti ada yang mau ditanyain, keluh kesah, atau sekadar butuh bantuan, langsung aja ke fitur Live Chat di aplikasi Floq.
Stay happy dan semoga harimu semanis review kamu tadi~ ✨",2026-04-12 15:14:38,1.11.0
77aa8788-2bad-47dd-a07a-d58789e4ab53,Stenly Kaparang,https://play-lh.googleusercontent.com/a-/ALV-UjWYVqEseNxW0D0CHY3YveWoxLYs1C-WqxgDY8-rUAZjiPPHZA0X,"Udah 2 Tahun gua pake ,bgus apk nya simpel ,buat pemula cpat ngerti Investasi jdi lbih mudah 👌🙏",5,0,1.11.0,2026-04-10 17:23:24,"Hai! Terima kasih banyak buat bintangnya!
Seneng banget bisa jadi bagian dari pengalaman kamu yang menyenangkan 💫
Kalau nanti ada yang mau ditanyain, keluh kesah, atau sekadar butuh bantuan, langsung aja ke fitur Live Chat di aplikasi Floq.
Stay happy dan semoga harimu semanis review kamu tadi~ ✨",2026-04-10 21:19:42,1.11.0
d96d4bcd-2ce5-46b3-b8fd-b38961a88e75,Aldo Adinata,https://play-lh.googleusercontent.com/a-/ALV-UjU3jFJfqkb5t87AKgrvLDg-pQ7VFDlKC0581wq4nuU2O3S-6pyc,"aplikasi ini didesign hanya untuk menghabiskan uangmu di BTC, alasannya: 1. grafik tidak bisa di analisa secara detail 2. hanya ada harga market 3. banyak menu/fitur ketika dipencet diarahkan ke BTC top up sekarang berbayar meskipun kecil tapi hitungan persen (semakin besar persen semakin besar biaya adminnya)",1,1,,2026-03-14 21:03:42,"Hai! 👋
Maaf ya atas kendala yang kamu alami. Yuk, langsung hubungi tim support lewat Live Chat di aplikasi atau kamu bisa menghubungi kami melalui email customerservice@floq.id biar bisa kami bantu lebih cepat 💬
Kalau sudah teratasi, kami akan senang banget kalau kamu mau update review-nya 🌟
Makasih banyak atas dukungannya! 💛",2026-03-14 21:15:55,
b4ea11ab-ec12-4055-9067-8094e2033b42,adam taufik ilham,https://play-lh.googleusercontent.com/a/ACg8ocI5T9dlfJbqYhOjFfU5r6xRiqiGOhEk5JpqYqTT6tTFo-DDKg=mo,"pengen hapus akun saya sebelumnya, biar ktp nya bisa dipake sekarang bisa ga min",5,0,1.15.2,2026-07-01 08:12:43,"Hai!

Maaf ya atas kendala yang Kakak alami di aplikasi Floq.

Boleh bantu jelaskan lebih detail mengenai masalah yang terjadi? Tim kami siap membantu Kakak melalui fitur Live Chat di aplikasi atau Kakak dapat menghubungi kami melalui email: customerservice@floq.id.

Sebagai informasi tambahan, setiap 1 KTP hanya dapat digunakan untuk 1 akun, da...",2026-07-01 08:26:25,1.15.2
41869e08-0689-4273-ad92-74140e7fe769,Muhamad Bahtiar,https://play-lh.googleusercontent.com/a-/ALV-UjVBfkvTM1P3pEs-uvAvvXsKJy6y0uheytgYopieEZAJYg0oJsvgdA,"simpel , cuma belum lengkap aja fiturnya semoga kedepannya makin bagus 👌🏻",5,0,1.11.0,2026-04-12 16:35:29,"Hai! 👋
Terima kasih banyak untuk review positifnya! Senang banget tahu kamu suka dengan aplikasi Floq.
Soal fitur Futures, noted banget ya! Tim kami terus berusaha mengembangkan fitur-fitur baru, jadi semoga bisa segera hadir.
Stay tuned dan terus support Floq, ya! 🚀",2026-04-12 19:59:25,1.11.0
38b3ebe6-6fe1-4047-88a0-a1988e67942f,Sony Makmur Surbakti,https://play-lh.googleusercontent.com/a/ACg8ocIHe9-SnuNuZTKp4D-q5pRYJXMMyOuGlxZ5OrbG4sdORoDbFBPv=mo,"aplikasi nggak jelas,nambah rekening untuk penarikan tidak bisa",1,0,1.15.2,2026-07-01 11:55:05,"Halo Kak, mohon maaf atas ketidaknyamanan yang dialami
Terkait kendala penambahan rekening untuk penarikan, mohon Kakak dapat menghubungi tim Customer Service Floq melalui fitur Live Chat di aplikasi atau email resmi kami di customerservice@floq.id agar dapat kami bantu lakukan pengecekan lebih lanjut ya.
Terima kasih atas feedback yang telah d...",2026-07-01 17:33:52,1.15.2
fbb31fd1-6f2a-4d46-80ae-26999fe057e7,Ujot Uwong,https://play-lh.googleusercontent.com/a/ACg8ocJIyfTreV1CRa109UnTVhhzB7F826yS-pdr1s8E63knjNRdaQ=mo,"Sangat kecewa dengan aplikasi Floq. Akun saya dibekukan karena alasan “transaksi mencurigakan”, namun tanpa penjelasan detail. Proses penanganan lambat dan saldo tidak bisa ditarik. Sangat merugikan dan membuat tidak nyaman.",1,2,,2026-04-15 15:18:16,"Hai! 👋
Maaf ya atas kendala yang kamu alami. Yuk, langsung hubungi tim support lewat Live Chat di aplikasi atau kamu bisa menghubungi kami melalui email customerservice@floq.id biar bisa kami bantu lebih cepat 💬
Kalau sudah teratasi, kami akan senang banget kalau kamu mau update review-nya 🌟
Makasih banyak atas dukungannya! 💛",2026-04-15 15:58:26,
89e1ba84-4f3b-4d01-ac88-a12291045c26,Ade Purnawirawan,https://play-lh.googleusercontent.com/a-/ALV-UjVQNp_px_OV_6q31R2OsQiRvOiwrdT70VzNsEKrBGCXanEzqM8,durasi iklan nya terlalu lama,1,1,1.14.2,2026-05-29 16:53:43,"Hai!
Maaf ya atas kendala yang kamu alami di aplikasi Floq. Bisa tolong jelaskan lebih detail mengenai masalahnya? Kami siap membantu kamu lewat fitur Live Chat di aplikasi.
Kalau masalahnya sudah teratasi, kami akan sangat menghargai jika kamu bersedia memperbarui ulasannya.
Terima kasih banyak atas feedback kamu!",2026-05-30 00:28:23,1.14.2
0ebdc98e-9df4-429d-aeaa-fbaad8d40e43,Muh Suhaemi,https://play-lh.googleusercontent.com/a-/ALV-UjWei7Pv_zyFDNGF0dw_DtiwUWsH1k00fDJBqXq0XoYgG7ecwpVT,saya coba dulu kalau bener via iklan dapat hadiahnya,4,0,1.14.4,2026-06-08 15:34:46,"Hai! Terima kasih banyak buat bintangnya!
Seneng banget bisa jadi bagian dari pengalaman kamu yang menyenangkan 💫
Kalau nanti ada yang mau ditanyain, keluh kesah, atau sekadar butuh bantuan, langsung aja ke fitur Live Chat di aplikasi Floq.",2026-06-09 00:47:11,1.14.4
2f412cab-0525-433e-838c-d61b4a4d97b9,Evan Aditya,https://play-lh.googleusercontent.com/a/ACg8ocIugxA4lrWhDeUAv1y942i3JlYQQjsVs7ouD1UkCEFP3aL0xA=mo,"terimakasih floq sudah membantu saya untuk membangun habbit menabung, mulai dari 1000 perhari dan bisa sampai 1,5 juta perbulan, sedih rasanya berpisah dari floq karena sebenernya kurang suka dengan fiturnya yang terlalu seperti untuk pemula sekali, coba aja tampilannya kaya indodax, bisa limit order bisa beli diharga terkini, klo di floq beli koin kena spread harga lumayan , thanks floq semoga berkembang lebih baik",5,0,,2026-04-17 02:43:20,"Hai! Terima kasih banyak buat bintangnya!
Seneng banget bisa jadi bagian dari pengalaman kamu yang menyenangkan 💫",2026-04-17 02:46:27,
0fcbb8db-ea34-4dc1-b2dd-94f421cfe021,Wong Lombok,https://play-lh.googleusercontent.com/a-/ALV-UjVprvEwXWKBGMPwKo_FwBLI17R65EQFn2eOjM4FyH5niyVW7HjD,"Tolong dong di perbaiki, saya coba daftar akun baru kok kode OTP nya salah terus padahal itu sudah benar, saya coba ulang tetap aja salah, saya coba login menggunakan akun email yang saya daftar itu bisa tapi sandinya yang gak bisa atau salah, saya login dengan nomornya itu gak bisa karena belum terdaftar, ayoo dong secepatnya di perbaiki🙏🏻 aneh banget tiap kode salah, masukin sandi bener malah salah, coba reset sandi nomor sama email masih aktif kodenya yang gak ketrima, padahal itu sesuai",3,0,,2026-04-02 11:51:52,"Hai!
Maaf ya atas kendala yang kamu alami. Yuk, langsung hubungi tim support lewat Live Chat di aplikasi atau kamu bisa menghubungi kami melalui email customerservice@floq.id biar bisa kami bantu lebih cepat.
Kalau sudah teratasi, kami akan senang banget kalau kamu mau update review-nya.
Makasih banyak atas dukungannya!",2026-04-02 12:07:08,
d88cb78c-b95a-4157-9d34-e07d29801aab,Yuni Widiastuti,https://play-lh.googleusercontent.com/a-/ALV-UjW70Z065lgfJUqVpYEVp4qlZOtzGKkBT9qwH07VrRjAQKeSYjxFZA,"Pengalaman beli bitcoin di aplikasi ini terasa cepat dan aman. Tampilan yang sederhana membuat proses transaksi jadi lebih mudah, bahkan untuk pemula yang baru mulai masuk ke dunia aset digital. Fitur notifikasi harganya juga membantu banget buat menentukan waktu terbaik untuk beli atau jual. Secara keseluruhan, aplikasinya nyaman dipakai sehari-hari. #AplikasiCrypto",5,1,,2025-11-14 09:21:10,"Hai! Terima kasih banyak buat bintangnya!
Seneng banget bisa jadi bagian dari pengalaman kamu yang menyenangkan 💫

Kalau nanti ada yang mau ditanyain, keluh kesah, atau sekadar butuh bantuan, langsung aja ke fitur Live Chat di aplikasi Floq.

Stay happy dan semoga harimu semanis review kamu tadi~ ✨",2025-11-14 09:36:27,
53187ea9-96e2-46bb-8555-167173ac31f9,Abdu Rahman,https://play-lh.googleusercontent.com/a-/ALV-UjU54il2_wK_5muS9MZK9b0iQWBL4JsKsX53sf_uu8XhefNUGn8,apk udah bagus tapi yang kadang bikin itu sesi kadaluwarsa harus pake acara login lagi hadeh.Let's fly higher buat Bro Timothy Ronald Kalimasada dkk sekaligus Tim Floq🔥✊🏻,5,1,1.14.4,2026-06-13 13:50:01,"Haiii, makasih banyak udah sempetin kasih review! 🌟
Kita seneng banget bisa nemenin perjalanan kamu bareng FLOQ
Kalau nanti ada yang bikin bingung, pengen tanya-tanya, atau cuma mau say hi, langsung aja ke Live Chat ya!
Semoga hari kamu secerah semangatnya ✨",2026-06-13 13:56:23,1.14.4
d92cf465-0113-4267-81c3-0e86b7ce3a2b,Okedeh,https://play-lh.googleusercontent.com/a-/ALV-UjVf3h0a0tAo-W2jYasacg3XyIouRLWnUnA32COGN7oTZ7gmd6A,"Gue suka banget cara transaksi di sini cepet tanpa ribet, terus juga deposit Rupiah lancar banget.",5,0,1.14.0,2026-05-18 11:20:38,"Hai! Terima kasih banyak buat bintangnya!
Seneng banget bisa jadi bagian dari pengalaman Kakak yang menyenangkan 💫
Kalau nanti ada yang mau ditanyain, keluh kesah, atau sekadar butuh bantuan, langsung aja ke fitur Live Chat di aplikasi Floq.
Stay happy dan semoga harimu semanis review kamu tadi~ ✨",2026-05-18 11:48:26,1.14.0
ba4a2d8c-e2d5-4fac-b273-9d3afc6d208a,Cecep Dindin (Arif),https://play-lh.googleusercontent.com/a-/ALV-UjVBI5Efcw9tPbWnUohznJh4cfLYM-jh8YO6s5isWkr34mRyIkhI,Meskipun baru coba kemarin malam sudah lihat hasil awal dari investasikan beberapa aset kripto populer di dalam sini..,5,0,1.13.1,2026-05-17 09:27:17,"Hai! Terima kasih banyak buat bintangnya!

Seneng banget bisa jadi bagian dari pengalaman kamu yang menyenangkan.
Kalau nanti ada yang mau ditanyain, keluh kesah, atau sekadar butuh bantuan, langsung aja ke fitur Live Chat di aplikasi Floq.

Stay happy dan semoga harimu semanis review kamu tadi~",2026-05-17 09:30:46,1.13.1
373db583-a739-42b6-a0dd-5190177422ff,Alifa Rabbani,https://play-lh.googleusercontent.com/a/ACg8ocJHHKYno7MXH2aYukMKzWc0rhgAkS8pf73Ye2iQn-PvG905SA=mo,Seneng pakai Floq karena aset kriptonya lengkap-lengkap semua populer! Apalagi proses belinya super cepet!,5,0,1.13.1,2026-05-16 16:20:59,"Hai! Terima kasih banyak buat bintangnya!
Seneng banget bisa jadi bagian dari pengalaman Kakak yang menyenangkan 💫
Kalau nanti ada yang mau ditanyain, keluh kesah, atau sekadar butuh bantuan, langsung aja ke fitur Live Chat di aplikasi Floq.
Stay happy dan semoga harimu semanis review kamu tadi~ ✨",2026-05-16 16:42:32,1.13.1
a2bb0890-0945-4027-86f6-472577eb02fa,Riley Lawrence,https://play-lh.googleusercontent.com/a/ACg8ocLbd6l7esY1wlp0ijrlFrBx6zXzLzzJJV5lV4s6N7X18XyhjA=mo,apk ini sangat bagus buat pemulah dah mudah dipahami,5,0,1.14.0,2026-05-19 09:04:51,"Hai! Terima kasih banyak buat bintangnya!

Seneng banget bisa jadi bagian dari pengalaman kamu yang menyenangkan.
Kalau nanti ada yang mau ditanyain, keluh kesah, atau sekadar butuh bantuan, langsung aja ke fitur Live Chat di aplikasi Floq.

Stay happy dan semoga harimu semanis review kamu tadi~",2026-05-19 09:12:03,1.14.0
80b67fc8-56c9-431a-b319-efa5ed952f8f,Gilang Gumelar,https://play-lh.googleusercontent.com/a-/ALV-UjV_87eyd4787orAtrLd-8l33np-TiixRObdFs992aPUtiFSLSDw,"min saran tambahin ada informasi rata rata/avg pricenya dong ketika membeli aset,contoh gua beli bitcoin setiap bulan DCA,nah gua pingin tahu rata rata/average gua beli BTC itu diharga berapa✊👍 bantu UP lurr. oh iya, tolong tampilan PNL dirapikan dan dirata. Tambahkan juga ringkasan PNL bulanan (profit/loss) serta total keseluruhan, supaya pengguna bisa langsung lihat kondisi aset sedang plus atau minus saat beli. Jadi lebih mudah monitor performa investasi. nanti gua bintang 5 kalau udah min",4,7,1.10.0,2026-02-17 06:42:35,"Hai! 👋
Terima kasih banyak untuk review positifnya! Senang banget tahu kamu suka dengan aplikasi Floq.
Soal fitur Futures, noted banget ya! Tim kami terus berusaha mengembangkan fitur-fitur baru, jadi semoga bisa segera hadir.
Stay tuned dan terus support Floq, ya! 🚀",2026-02-17 06:45:20,1.10.0
1c84aa11-0ea6-4fdb-b3fd-bc4e0a42cee6,Gondes Adji,https://play-lh.googleusercontent.com/a-/ALV-UjVX2c4ekfs8tUy5zWOmi0hoXg9VAfnxl1bdj5zTq7KZ52_hjBDK,"dah coba daftar apk ini, ok daftar cepat gak ribet, cuma saran aja klo trading di 1000an bisa depo dan wd nya di kecilkan ..klo wd 100k di trading 1000an yah kebesar an ..( log out lagi krna sama dengan apk lain yg aku punya...) btw apk ini Ok punya juga...",5,0,,2026-05-27 06:36:20,"Hai! 👋
Terima kasih banyak untuk review positifnya! Senang banget tahu kamu suka dengan aplikasi Floq.
Soal fitur Futures, noted banget ya! Tim kami terus berusaha mengembangkan fitur-fitur baru, jadi semoga bisa segera hadir.
Stay tuned dan terus support Floq, ya! 🚀",2026-05-27 06:57:06,
f9ac1dd1-6beb-4311-be85-6a1913f868ca,Dedi Putra,https://play-lh.googleusercontent.com/a-/ALV-UjVJyc02uVQc6YPTeRJBlTIrJl0krXZ91xe9UqkSlzO3MMx0ars,"apk sebenarnya bagus cuman masih banyak yang harus di tambahkan misalnya model grafiknya,terus harga tiap aset,dan perbedaan antara jual/beli asetnya itu terlalu kejauhan.karena jujur saya sangat bingung di apk ini.berbeda sama yg saya pakai di indodax",5,53,1.9.0,2026-01-28 12:52:34,"Hai! 👋
Terima kasih banyak atas review positifnya 🙌 Senang banget dengar kamu nyaman pakai aplikasi Floq.
Masukan soal penambahan model grafik sudah kami catat ya 👍 Tim kami terus berinovasi, semoga segera bisa hadir.
Jangan lupa terus pantau update dari Floq 🚀",2026-01-28 13:41:59,1.9.0
6fba2f48-1ed8-4bd5-a4f3-9b2a7cbf8084,Nana Cin,https://play-lh.googleusercontent.com/a-/ALV-UjW5Ymk9BO2NX5reeEXq6dZE6MYhLQdA7KlJMBeyLzDwdYHJ2Ak,"Dulu aku cuma penasaran sama dunia kripto, tapi bingung harus mulai dari mana. Setelah baca banyak review, akhirnya aku coba FLOQ, soalnya katanya ini salah satu aplikasi crypto Indonesia yang aman dan mudah dipahami pemula. Awalnya cuma beli bitcoin sedikit buat coba-coba, tapi lama-lama aku jadi paham cara trading crypto dan ngerti gimana pentingnya sabar saat harga naik-turun. Sekarang, setiap kali buka aplikasi dan lihat portofolio bergerak, rasanya kayak lihat hasil kerja keras dan keberan",5,1,,2025-11-02 09:04:40,"Hai! Terima kasih banyak buat bintangnya!
Seneng banget bisa jadi bagian dari pengalaman kamu yang menyenangkan 💫
Kalau nanti ada yang mau ditanyain, keluh kesah, atau sekadar butuh bantuan, langsung aja ke fitur Live Chat di aplikasi Floq.
Stay happy dan semoga harimu semanis review kamu tadi~ ✨",2025-11-03 00:50:27,
16d1ecd0-7f4e-406b-a915-a75a61f5e248,ZONA BRILLIANT,https://play-lh.googleusercontent.com/a-/ALV-UjWukWEgW51owsaJbAVf5RywOWcnmeRE5FBVMNK0ZafGVSCwqEOG,kenapa stlah update di dompet pnl gak kliatan ? sblumnya kliatan profit dan lose nya,5,1,1.14.3,2026-05-31 02:54:45,"Hi Kak, pastikan sudah menggunakan versi terbaru, jika ada kendala lebih lanjut dapat hubungi customer service. Biar bisa kami bantu lebih lanjut, kamu bisa langsung hubungi tim support melalui fitur Live Chat di aplikasi Floq.



",2026-05-31 04:32:23,1.14.3
8233465f-7f94-4c0c-ae6a-fb3fc7083d86,Ahmad Nuryanto,https://play-lh.googleusercontent.com/a-/ALV-UjWnladuTiE11imEpwFAZte7BIlah8pPHSZTcG6v7a6MI-_wX54,aplikasi bagus buat investasi buat tabungan dalurat bisa ada manfaat nya ..?👍🙏,5,0,1.16.0,2026-07-23 03:03:06,"Terima kasih banyak atas review positifnya, Kak! ⭐
Senang sekali mendengar bahwa FLOQ bisa menjadi pilihan untuk investasi Kakak.
Semoga pengalaman menggunakan FLOQ selalu menyenangkan dan bermanfaat untuk membantu mencapai tujuan keuangan Kakak. 😊🙏",2026-07-23 03:21:23,1.16.0
1b03f5d5-6d3a-47a5-8a73-06d81940a0f1,Shodikienz Arsha13,https://play-lh.googleusercontent.com/a/ACg8ocKzcuV-dV42oeHMjCouRd6VQqSsIzzrTdYt4Ig8AwlJk4_lNw=mo,kenapa setiap buka aplikasi sering keluar sendiri??,4,0,1.14.2,2026-05-29 12:48:57,"Hai!

Maaf ya atas kendala yang Kakak alami. Yuk, langsung hubungi tim support lewat Live Chat di aplikasi atau melalui email customerservice@floq.id biar bisa kami bantu lebih cepat.

Kalau sudah teratasi, kami akan senang banget kalau Kakak mau update review-nya.
Makasih banyak atas dukungannya!",2026-05-29 12:54:34,1.14.2
764dfab2-c02f-4bfe-9512-4ebc38201bdb,Retnuh Tsaf,https://play-lh.googleusercontent.com/a/ACg8ocJh64IbJMFb6iSom_5PfFAg6Kq9MUS_AVimYZ4o2bBvELsWcw=mo,tambahin grafik trading yg bisa diatur hari atau tahun dong,1,0,1.16.0,2026-07-18 19:22:25,,,1.16.0
ac2c9af5-8f88-4e7e-84f9-a27afdaf650b,Muhammad Bagus,https://play-lh.googleusercontent.com/a-/ALV-UjXiiYCKsv6pw4mQX8DRxtWIbChybYMB8oFC08gXh6wBq7eeL2yr,"semuanya bagus, tapi ada 1 kekurangan fatal di floq yaitu ganti email (ubah email dari yang sebelumnya ke yang baru) kenapa ini bisa fatal, karena proses verif ident itu tidak bisa dilakukan 2×, jadi ketika pengguna kehilangan akses ke emailnya dan pengguna tidak bisa login, maka semua aset + ident nya hilang total (apalagi kalau lupa nama emailnya juga) *tolong tambahkan fitu ""ganti email""",4,17,1.7.2,2026-01-03 09:54:11,"Hai! 👋
Terima kasih banyak untuk reviewnya! Senang banget tahu kamu suka dengan aplikasi Floq.
Soal fitur Futures, noted banget ya! Tim kami terus berusaha mengembangkan fitur-fitur baru, jadi semoga bisa segera hadir.
Stay tuned dan terus support Floq, ya! 🚀",2026-01-03 10:08:26,1.7.2
828ee2dd-e30f-4583-a4e7-9562080339a4,Herdiansyah Saepuloh,https://play-lh.googleusercontent.com/a-/ALV-UjVb5CZQTf7zdBP6kmsrokD15YRPU2cg5IQ_tlgv7tXUzKbQfnU,"Aplikasi FLOQ sangat mudah digunakan, bahkan untuk pemula seperti saya. Prosesnya cepat, tampilannya simpel, dan fitur investasinya jelas sehingga tidak membingungkan. Saya jadi lebih percaya diri untuk mulai investasi kripto. Sangat direkomendasikan buat yang mau mulai tanpa ribet! Username: yuyunyuningsih #InvestasiKripto",5,0,,2026-04-15 05:48:33,"Hai! Terima kasih banyak buat bintangnya!
Seneng banget bisa jadi bagian dari pengalaman kamu yang menyenangkan
Kalau nanti ada yang mau ditanyain, keluh kesah, atau sekadar butuh bantuan, langsung aja ke fitur Live Chat di aplikasi Floq.
Stay happy dan semoga harimu semanis review kamu tadi~",2026-04-15 05:52:25,
05d91732-fdc8-44b7-b257-a438807fc1e6,Apa Kabar,https://play-lh.googleusercontent.com/a-/ALV-UjWyumHjSLIVVyrewemFF5Lr2NReF3AUI-X9jxmHfpcEhCPkj7c,"UI UX nya kurang rapi, fiturnya sederhana tapi tetap membingungkan buat pemula. Naik turun trading spot tidak dibtampilkan real time kita ngak tau ruginya berapa dan jumlah yang diinvestasikan berapa, semangat semoga kedepannya bisa di perbaiki",1,24,1.10.0,2026-02-22 08:12:30,"Hai! 👋

Soal fitur Futures, noted banget ya! Tim kami terus berusaha mengembangkan fitur-fitur baru, jadi semoga bisa segera hadir.
Stay tuned dan terus support Floq, ya! 🚀

Kalau masalahnya sudah teratasi, kami akan sangat senang jika kamu bersedia mengupdate review-nya
Terima kasih atas feedback-nya! 💛",2026-02-22 08:37:08,1.10.0
45510a07-e459-4c6f-be31-1a8d23c47130,Caca Bila,https://play-lh.googleusercontent.com/a/ACg8ocInqxuopL34CMf9-BqVpPP5bAJw8BSFJerpDBhR8pv7DsbALQ=mo,"Saya pemula didunia trading, floq simpel dan mudah digunakan. Sangat bagus untuk pemula. Beli crypto juga jadi lebih mudah, cepet dan gak pake ribet. Untuk aset-aset yang lain juga lebih mudah. @floq35650105 #InvestasiKripto.",5,0,,2026-04-12 10:58:27,"Halo! Wah, terima kasih udah kasih rating bagus buat kami!
Seneng deh bisa jadi bagian dari perjalanan kamu di dunia kripto bareng FLOQ 💫
Butuh bantuan atau mau ngobrol? Tim kita siap sedia di Live Chat aplikasi!
Semoga harimu seceria pesan yang kamu kirim tadi ya ✨",2026-04-12 11:23:47,
a3ba92bc-acc3-419d-87b5-b2353218e121,Rianus Nakluy,https://play-lh.googleusercontent.com/a/ACg8ocJxv-timPvFC428ny7ftc6NT0ivIX3d_aiKp05YgtD_UHVdymk=mo,aplikasi apan ini masuk pake imel pun nga bisa.modussss,1,0,1.17.0,2026-07-28 06:13:35,,,1.17.0
d052f923-88cb-4548-a4b7-cf90e98e9455,Aldila,https://play-lh.googleusercontent.com/a-/ALV-UjUZRG9kQes0_Zj27KyspztFbbRbWeV4zdOapwyEPF0dBLb-40I,"Aplikasi FLOQ ini keren banget buat yang suka trading crypto 🔥 tampilannya simple, fitur-fiturnya lengkap, dan transaksi juga cepet banget tanpa ribet. Cocok banget buat pemula maupun yang udah lama di dunia kripto. Sekarang gak perlu bingung lagi beli bitcoin atau jual crypto, semua bisa langsung dari satu aplikasi aja. Mantap banget sih, recommended banget pokoknya! 💪💰 #AplikasiCrypto",5,0,,2025-11-01 10:23:09,"Hai! Terima kasih banyak buat bintangnya!
Seneng banget bisa jadi bagian dari pengalaman kamu yang menyenangkan 💫
Kalau nanti ada yang mau ditanyain, keluh kesah, atau sekadar butuh bantuan, langsung aja ke fitur Live Chat di aplikasi Floq.
Stay happy dan semoga harimu semanis review kamu tadi~ ✨",2025-11-01 10:39:03,
32103513-bc6e-406b-bd85-ce72b0729dc8,RYAN 2008,https://play-lh.googleusercontent.com/a/ACg8ocLnl3cNnL56G7TsZ-q_Sh-Kh5EHcqgLp-oz2cL08YSz68HPDw=mo,"Saya sangat puas menggunakan aplikasi FLOQ! Proses investasinya sangat mudah, bahkan untuk pemula seperti saya. Tampilan aplikasinya simpel dan jelas, jadi tidak membingungkan sama sekali. Selain itu, fitur-fiturnya membantu saya memahami dunia investasi kripto dengan lebih baik. Transaksi juga terasa cepat dan aman,Sangat direkomendasikan bagi siapa saja yang ingin mulai investasi dengan cara yang praktis dan modern. @ginanjarryandi #InvestasiKripto",5,0,,2026-04-11 07:14:41,"Hai! Terima kasih banyak buat bintangnya!

Seneng banget bisa jadi bagian dari pengalaman kamu yang menyenangkan.

Kalau nanti ada yang mau ditanyain, keluh kesah, atau sekadar butuh bantuan, langsung aja ke fitur Live Chat di aplikasi Floq.

Stay happy dan semoga harimu semanis review kamu tadi~",2026-04-11 07:35:37,
9f90e506-41c5-4d19-a1e8-35b6d24672a6,Juan Felicia Hariani,https://play-lh.googleusercontent.com/a-/ALV-UjW3x0pyOgGcJXGo3kreK_2vRsg-CnwO0RcS9ZYCT30BrR88GqR2,"Aplikasi FLOQ benar-benar membantu banget buat yang mau belajar dan mulai investasi digital! Tampilan aplikasinya simple dan mudah dipahami, cocok banget untuk pemula. Transaksinya juga cepat dan aman, bikin nyaman saat pakai. Rekomen banget buat yang cari aplikasi crypto indonesia yang terpercaya! 🔥",5,0,,2025-11-05 06:58:04,"Hai! Terima kasih banyak buat bintangnya!
Seneng banget bisa jadi bagian dari pengalaman kamu yang menyenangkan 💫
Kalau nanti ada yang mau ditanyain, keluh kesah, atau sekadar butuh bantuan, langsung aja ke fitur Live Chat di aplikasi Floq.
Stay happy dan semoga harimu semanis review kamu tadi~ ✨",2025-11-05 07:01:30,
1f6b3520-ddfc-4693-b1d5-0c91772b6969,Anton Abok,https://play-lh.googleusercontent.com/a/ACg8ocJgJRCeMGMEfbl818hk9eeKfBioWuFOwzF4jM9cfaptYHu4qw=mo,tolong min kalau admin nya jgn trllu besr jga kirm k luar wallet gede kena admnnya jdi biar org jga bnyk yg make exchen nya,3,0,1.15.1,2026-07-02 11:00:20,,,1.15.1
0647a3fd-37de-4cdc-944a-4e0cb074ab52,rierin nafisah,https://play-lh.googleusercontent.com/a-/ALV-UjWJic37_HfiFSSexXKOmUpIKV06Lb7tadLfMnnnmprIShLUgc86,"Aplikasinya bagus! saya suka karena mudah dipahami bagi saya yang pemula, yang baru belajar trading crypto. Dengan modal sedikit pun sudah bisa deposit.Kita bisa membeli koin mulai dari 1000 rupiah.Transaksinya juga cepat dan aman#Aplikasicrypto",5,0,,2025-11-10 04:03:38,"Hai! Terima kasih banyak buat bintangnya!
Seneng banget bisa jadi bagian dari pengalaman kamu yang menyenangkan 💫
Kalau nanti ada yang mau ditanyain, keluh kesah, atau sekadar butuh bantuan, langsung aja ke fitur Live Chat di aplikasi Floq.
Stay happy dan semoga harimu semanis review kamu tadi~ ✨",2025-11-10 04:08:52,
911f70bb-d238-40c7-92d7-195b26203231,cinta bella,https://play-lh.googleusercontent.com/a-/ALV-UjU7tyH5lTctHwb2gXiP5cUQcvAWPC0_PRMsExjkAKSRcT4hirdc,semoga aja saya bener bener menemukan aplikasi yg cocok .maka saya akan merekrut tim saya dan menyebarluaskan ke media sosial,5,0,1.14.4,2026-06-10 04:41:44,"Hai! Terima kasih banyak buat bintangnya!
Seneng banget bisa jadi bagian dari pengalaman kamu yang menyenangkan 💫
Kalau nanti ada yang mau ditanyain, keluh kesah, atau sekadar butuh bantuan, langsung aja ke fitur Live Chat di aplikasi Floq.
Stay happy dan semoga harimu semanis review kamu tadi~ ✨",2026-06-10 05:07:23,1.14.4
51b4ea8a-6ec3-45bc-9333-06c9e60704cb,Ricky Gamming,https://play-lh.googleusercontent.com/a-/ALV-UjUg1biephoh_PXxzXdBssbNNsxAwHNboNMf_ET05qEmWp5ngXJc,setelah update kenapa gagal verifikasi perangkat padahal hp saya gak pernah saya root,3,0,1.15.0,2026-06-22 21:26:18,"Hai! 👋

Maaf ya atas kendalanya. Yuk, langsung hubungi tim support lewat Live Chat di aplikasi, atau kamu bisa menghubungi kami melalui email customerservice@floq.id agar bisa kami bantu lebih cepat.

Kalau sudah berhasil, kami akan senang banget kalau kamu mau update review-nya.

Makasih banyak atas dukungannya! 💛

",2026-06-23 00:01:07,1.15.0
f90dd939-3474-47e1-8953-987d6b1e8b05,Alfa Pr0,https://play-lh.googleusercontent.com/a/ACg8ocIL5WTThJNHXE6Jb3ghNz9gPfLgPyiX1PMo6Pxx11LyrM5ZbA=mo,anjay ini aplikasi bagus bgt transaksinya ada yg 0 fee+biaya transaksinya rendah,5,0,1.14.2,2026-05-28 22:00:12,"Hai! Terima kasih banyak buat bintangnya!
Seneng banget bisa jadi bagian dari pengalaman kamu yang menyenangkan 💫
Kalau nanti ada yang mau ditanyain, keluh kesah, atau sekadar butuh bantuan, langsung aja ke fitur Live Chat di aplikasi Floq.
Stay happy dan semoga harimu semanis review kamu tadi~ ✨",2026-05-28 23:57:13,1.14.2
3fbe8b59-dbb9-476e-a6a5-b250448fa9b8,Yasnadi Sikumbang,https://play-lh.googleusercontent.com/a-/ALV-UjVHgMNeaAKJBFzeIEZS5A1gwigF_7dg0A_TLbOQije3fsQV0yYR,"Tertipulah saya,katanya bisa mulai dari seribu rupiah,ngak taunya setelah selesai buat akun mulai dari lima puluh ribu,panteklah",1,0,1.14.4,2026-06-08 15:19:38,"Hai Kak, Pengguna bisa mulai trade Rp1.000 namun untuk melakukan top up dan transaksi real, minimal deposit yang berlaku adalah Rp10.000.",2026-06-09 00:39:33,1.14.4
3d57b251-8e6f-4b7e-b58b-08aa4acb7409,Wawan Kurniawan,https://play-lh.googleusercontent.com/a/ACg8ocJH0ZAoI2LtLdTVjMkYtic4QlSCkqfBCQXqcx7Mi0CqwaidwA=mo,"banyak banget aset yang tidak bisa di jual belikan, padahal harga aset yang merosot tajam itu kesempatan investor untuk membeli",5,0,1.14.4,2026-06-12 03:28:25,"Hi Kak, mohon ditunggu ya update selanjutnya untuk coin yang belum listing. Stay tuned 🙂",2026-06-12 04:10:39,1.14.4
0701b120-ea60-4bbb-a99c-f36fc2c43a98,Arasy Muhi,https://play-lh.googleusercontent.com/a/ACg8ocIsvAulxbYW140LikRo8kzQ3K93iqazbWaAxp_vMTYlKCzs6w=mo,apk mudah dan bisa cicil aset,5,0,1.15.1,2026-06-24 21:07:27,"Halo! Wah, terima kasih udah kasih rating bagus buat kami!
Seneng deh bisa jadi bagian dari perjalanan kamu di dunia kripto bareng FLOQ 💫

Butuh bantuan atau mau ngobrol? Tim kita siap sedia di Live Chat aplikasi!
Semoga harimu seceria pesan yang kamu kirim tadi ya ✨",2026-06-24 21:28:23,1.15.1
b3bde120-8de2-4f69-800b-765ac06f85ef,Osika Nurse,https://play-lh.googleusercontent.com/a-/ALV-UjW-YYwtqKsvk35hZEE_nsDOpiLIpNgofuWHltjFbTyhBD6pZw,mudah dipahami bgt buat orng seperti aku yang sebagai pemula,5,0,1.15.1,2026-06-24 12:56:27,"Hai Kak! Terima kasih banyak buat bintangnya!
Seneng banget bisa jadi bagian dari pengalaman Kakak yang menyenangkan 💫

Kalau nanti ada yang mau ditanyain, keluh kesah, atau sekadar butuh bantuan, langsung aja ke fitur Live Chat di aplikasi Floq.

Stay happy dan semoga harimu semanis review Kakak tadi~ ✨",2026-06-24 13:04:35,1.15.1
e39fd3d6-3c10-4b58-9ec6-e580738d8b97,Maxs Mexs,https://play-lh.googleusercontent.com/a/ACg8ocIgX-Ve7kFPjUN8wDw6QSJ-Jjh4rRqeYR9K820zxc3dzyjtOw=mo,apk nya sudah bagus untuk mencicil untuk jangka panjang. cuma masalah utama nya di penarikan yng lumayan lambat tolong diperbaiki secepat nya.,2,0,,2026-08-06 16:28:01,,,
8b43d47b-32cf-41cf-b85c-dff0e3e1044b,Ramadani Septian,https://play-lh.googleusercontent.com/a-/ALV-UjXth7-so-UwQ5e6oxwpm-iFCEDD-tUwLtIXtP3ALkijypyqrgY,"Min ko saya gak bisa login, muncul keterangan ""CustomSMSSender invocation failed due to error AccessDeniedException."" Tolong di bantu Min, saya mau melakukan penarikan.",1,0,,2026-08-04 05:43:32,,,
36a3ffb7-cd03-4473-a597-289f2f5d772b,VIRGIYANKA SAPUTRA,https://play-lh.googleusercontent.com/a-/ALV-UjUwgH1-rH5eRB67EvFFTblyncQoBr0_NH4QB3azKmswG_NnfEcu6Q,Aplikasi yang sangat bagus dan mudah di mengerti,5,0,1.14.0,2026-05-22 18:14:22,"Haiii, makasih banyak udah sempetin kasih review!
Kita seneng banget bisa nemenin perjalanan kamu bareng FLOQ
Kalau nanti ada yang bikin bingung, pengen tanya-tanya, atau cuma mau say hi, langsung aja ke Live Chat ya!
Semoga hari kamu secerah semangatnya.",2026-05-22 19:03:11,1.14.0
6b425003-c7dc-4689-981c-06bc8c66f3a8,Afiq Ghazi Al Asyi,https://play-lh.googleusercontent.com/a-/ALV-UjXB9TP1ZVgmiIRUxSknCPVTZDBDX50AMlJUaKaow8fo3AOE320,"selama pemakaian aplikasi saya merasa puas dikarenakan tampilan aplikasi yang simple dan bersih, apalagi sekarang sudah ada fitur limit jadi gak perlu mantengin chart tiap hari. Cuman saya kesulitan membuka aplikasi di tempat umum yang harus memasukkan pin sandi, jadi mungkin kedepannya bisa ditambahkan fingerprint untuk akses aplikasi agar lebih mudah. @kid24 #InvestasiKripto",5,0,,2026-05-06 08:15:32,"Hai! Terima kasih banyak buat bintangnya!

Seneng banget bisa jadi bagian dari pengalaman kamu yang menyenangkan.
Kalau nanti ada yang mau ditanyain, keluh kesah, atau sekadar butuh bantuan, langsung aja ke fitur Live Chat di aplikasi Floq.

Stay happy dan semoga harimu semanis review kamu tadi~",2026-05-06 08:38:30,
bf517894-e3df-46be-b8a8-78d36585f5d3,Carlton Grant,https://play-lh.googleusercontent.com/a/ACg8ocK3begOT6rpne22PjmLco1y76BNz3IzxMU8v05V2Y_vbF1yCQ=mo,"Ini Gak Ada Menu Buat Stalking Koin Crypto Yang Kita Beli Kah? Seperti Koin Shiba, Bitcoin Dll. Kalo Gak Ada Menu Stalking Ini Sih Kekurangan Floq.",3,0,1.15.1,2026-06-27 08:36:59,"Hai! 👋

Soal fitur Futures, noted banget ya! Tim kami terus berusaha mengembangkan fitur-fitur baru, jadi semoga bisa segera hadir.

Stay tuned dan terus support Floq, ya! 🚀

Kalau masalahnya sudah teratasi, kami akan sangat senang jika kamu bersedia mengupdate review-nya

Terima kasih atas feedback-nya! 💛",2026-06-27 09:24:23,1.15.1
821414b8-3788-4851-87a3-483ed6055a4c,Bilal Rizki,https://play-lh.googleusercontent.com/a-/ALV-UjUI-igpDjx9aoEYKK-LyHjdjRBIWlrawlZ6FxjUGHuuo0_sO_U,"saya berharap koin yang dapat dibeli disini di perbanyak, masak sekelas TAO aja sampai sekarang belum bisa dibeli. dan grafiknya harganya tolong bisa dilebarin dalam jangka waktu yang lebih luas. untuk yang lainnya udah bagus kok",4,0,,2026-06-24 08:34:03,"Hai! 👋

Soal fitur Futures, noted banget ya! Tim kami terus berusaha mengembangkan fitur-fitur baru, jadi semoga bisa segera hadir.
Stay tuned dan terus support Floq, ya! 🚀

Kalau masalahnya sudah teratasi, kami akan sangat senang jika kamu bersedia mengupdate review-nya
Terima kasih atas feedback-nya! 💛",2026-06-24 09:27:18,
700dad6c-e138-4dfb-9362-3b56e2af5fac,Aditiya Apansa,https://play-lh.googleusercontent.com/a-/ALV-UjU_5gHUWK1tFIBE5y0uR9IR_iGwABW3XEq-jAAL2Dxq8_2yqvI,keren aplikasi nya cocok untuk menabung uang kek sini,5,0,1.14.0,2026-05-22 16:27:38,"Hai! Terima kasih banyak buat bintangnya!
Seneng banget bisa jadi bagian dari pengalaman kamu yang menyenangkan.
Kalau nanti ada yang mau ditanyain, keluh kesah, atau sekadar butuh bantuan, langsung aja ke fitur Live Chat di aplikasi Floq.
Stay happy dan semoga harimu semanis review kamu tadi.",2026-05-22 16:35:30,1.14.0
ab28885e-8a2c-4c4b-b5fb-62366ce8aa68,Reynaldi Gusti Prayoga,https://play-lh.googleusercontent.com/a-/ALV-UjVxy7DI-1jrMQlWgxwUyOvgdHZfPGvcqQG1dtWZHruav1bJJ-0,"mau login tp kode verifikasi tidak dikirim...jadinya gak bisa login, padahal akun gua ada saldonya ..gimana ini",1,2,1.11.0,2026-03-24 13:15:36,"Hai! 👋
Maaf ya atas kendala yang kamu alami. Yuk, langsung hubungi tim support lewat Live Chat di aplikasi atau kamu bisa menghubungi kami melalui email customerservice@floq.id biar bisa kami bantu lebih cepat 💬
Kalau sudah teratasi, kami akan senang banget kalau kamu mau update review-nya 🌟
Makasih banyak atas dukungannya! 💛",2026-03-24 13:18:33,1.11.0
abc46f8e-f024-4dec-a016-2cc70601615f,Richie Arzen,https://play-lh.googleusercontent.com/a-/ALV-UjWRuT1e9Nj_lTbpWVJKqpH39Nv2oJ7X-q5L5eWMYWvyVHSTH_8D,bang tim ini kenapa akun vlog tbtb ilang sendiri setelah 3 Mingguan ga buat transaksi?,1,2,1.11.0,2026-03-10 01:21:36,"Hai!
Maaf banget ya atas kendala yang kamu alami.
Biar bisa kami bantu lebih lanjut, kamu bisa langsung hubungi tim support melalui fitur Live Chat di aplikasi Floq.
Terima kasih sudah sabar — kita akan pastikan prosesnya berjalan lancar secepat mungkin! ✨",2026-03-10 01:25:56,1.11.0
a8d7aad8-5b77-4f4c-8721-6853d6bb3569,Fahri Akbar,https://play-lh.googleusercontent.com/a/ACg8ocIbRUQbBYMGSsKxXsTh3IgXaOjUfde4oL1xjqR4wyzG7kFh7A=mo,saran saya buatkan e-wallet juga di penarikan kalau gak ada bank sangat susah sekali kalau mau ngambil.,3,2,1.11.0,2026-04-03 13:37:59,"Hai! 👋
Soal fitur Futures, noted banget ya! Tim kami terus berusaha mengembangkan fitur-fitur baru, jadi semoga bisa segera hadir.
Stay tuned dan terus support Floq, ya! 🚀

Terima kasih atas feedback-nya! 💛",2026-04-03 14:07:39,1.11.0
7a993232-93a3-4fe0-a7ba-b60504c52d6f,Nabil Hikam ahmad,https://play-lh.googleusercontent.com/a/ACg8ocKihIkWSYvoDz3L_rqbVepvNP-EBso_67C_7U-ZNMRnc92g0A=mo,"min tolong tambahin fitur trailing stop,kalo ada fitur ini aplikasi flooq jadi aplikasi paling top",5,0,1.12.0,2026-04-16 11:32:50,"Hai! 👋
Terima kasih banyak untuk review positifnya! Senang banget tahu kamu suka dengan aplikasi Floq.
Soal fitur Futures, noted banget ya! Tim kami terus berusaha mengembangkan fitur-fitur baru, jadi semoga bisa segera hadir.
Stay tuned dan terus support Floq, ya! 🚀",2026-04-16 12:05:04,1.12.0
93964940-6e8e-4fcc-80ac-4d885aa9ed5a,Bangkrut Dah,https://play-lh.googleusercontent.com/a/ACg8ocKTmPzvEz2hqY7F2r12AH49xxG7K3_VERBR2oTJXqqWy9fumw=mo,Selain mendidik alat sangat informatif pandangan ekonomi masa depan.Itu sukses beri bobot memiliki detail bagus samakin tertarik,5,0,1.13.1,2026-05-15 16:37:27,"Hai! Terima kasih banyak buat bintangnya!
Seneng banget bisa jadi bagian dari pengalaman Kakak yang menyenangkan 💫
Kalau nanti ada yang mau ditanyain, keluh kesah, atau sekadar butuh bantuan, langsung aja ke fitur Live Chat di aplikasi Floq.
Stay happy dan semoga harimu semanis review kamu tadi~ ✨",2026-05-15 16:43:20,1.13.1
5406d740-996d-4437-9808-4e0137c25b80,Suaibah Azzahra,https://play-lh.googleusercontent.com/a/ACg8ocJTjDXW2Sq9eZAYEuxhPUvhp-k0b7WqWr0EpfT5L-hVX2-yIQ=mo,mantap bisa ketemu apk investasi yang sangat menjajikan semoga kedepan nya semakin lancar.,5,0,1.13.1,2026-05-15 11:32:44,"Hai! Terima kasih banyak buat bintangnya!
Seneng banget bisa jadi bagian dari pengalaman Kakak yang menyenangkan

Kalau nanti ada yang mau ditanyain, keluh kesah, atau sekadar butuh bantuan, langsung aja ke fitur Live Chat di aplikasi Floq.

Stay happy dan semoga harimu semanis review Kakak tadi
",2026-05-15 12:20:27,1.13.1
6a7a1327-3644-4af9-af12-cb5f08032887,Dana Stay,https://play-lh.googleusercontent.com/a/ACg8ocI8UaY0J9KLdrn1vCj6qIZzWfQZNkyrfbXqxWp962aMz0YhHA=mo,"aplikasi ini memudahkan dalam ber investasi crypto, bisa mulai dari 1000 rupiah cocok buat pemula",5,0,1.11.0,2026-04-12 06:27:09,"Hai! Terima kasih banyak buat bintangnya!
Seneng banget bisa jadi bagian dari pengalaman kamu yang menyenangkan 💫
Kalau nanti ada yang mau ditanyain, keluh kesah, atau sekadar butuh bantuan, langsung aja ke fitur Live Chat di aplikasi Floq.
Stay happy dan semoga harimu semanis review kamu tadi~ ✨",2026-04-12 06:52:40,1.11.0
e5a101e2-36ef-4261-a51d-1505f1faf886,Mahmud Lzd,https://play-lh.googleusercontent.com/a-/ALV-UjVeFSH-emdVFa-YsKzpjN7c2NQw4OfdpoMEuhV3tC_jFxKY5nQG,"menarik sangat mudah digunakan, mungkin kedepannya diadakan fitur convert small amount/future/web3 .",5,0,1.11.0,2026-04-11 10:11:10,"Hai! 👋

Terima kasih banyak untuk review positifnya! Senang banget tahu kamu suka dengan aplikasi Floq.

Soal fitur yang kamu inginkan, noted banget ya! Tim kami terus berusaha mengembangkan fitur-fitur baru, jadi semoga bisa segera hadir.

Stay tuned dan terus support Floq, ya! 🚀",2026-04-11 11:04:01,1.11.0
92e6ce0c-0e76-4857-8b32-9f80fc2bade4,Reiga Ramadan,https://play-lh.googleusercontent.com/a-/ALV-UjV_EPGEc1tbDxoy5V3_DT9ddk7wqNhHYFE8xMlHXQB-qkQS7Bg,memuaskan Dan berguna untuk investasi dan terus belajar menambah wawasan agar dapat banyak uang,5,0,1.13.1,2026-05-05 14:08:25,"Hai! Terima kasih banyak buat bintangnya!
Seneng banget bisa jadi bagian dari pengalaman kamu yang menyenangkan.
Kalau nanti ada yang mau ditanyain, keluh kesah, atau sekadar butuh bantuan, langsung aja ke fitur Live Chat di aplikasi Floq.
Stay happy dan semoga harimu semanis review kamu tadi.",2026-05-05 14:25:07,1.13.1
2b98b82e-4bc7-49b0-a9a9-44dbdd806955,Ahmad Faisal,https://play-lh.googleusercontent.com/a-/ALV-UjVgeQm35AQXl1OjHRGq8VzE5MsMvVBOQZ7zIupXhPkC1CpoAiyr,aplikasi bagus interface mudah di mengerti gampang di operasikan cocok buat pemula yang baru mau memulai nabung coin crypto. @faisalgg #InvestasiKripto,5,0,1.12.0,2026-04-16 15:11:39,"Hai! Terima kasih banyak buat bintangnya!
Seneng banget bisa jadi bagian dari pengalaman kamu yang menyenangkan 💫
Kalau nanti ada yang mau ditanyain, keluh kesah, atau sekadar butuh bantuan, langsung aja ke fitur Live Chat di aplikasi Floq.
Stay happy dan semoga harimu semanis review kamu tadi~ ✨",2026-04-16 15:25:48,1.12.0
74557f54-8727-4e02-a082-a93f2ff218ca,M Mujaddid Al Hasan,https://play-lh.googleusercontent.com/a-/ALV-UjXslabO8Ch8kAg4webcrIcyc1Q2S3eEYhqgCbJh8fnEtqL2XTPz,Sangat cocok dan baguslah buat investasi crypto.,5,0,1.11.0,2026-04-11 05:27:45,"Hai! Terima kasih banyak buat bintangnya!

Seneng banget bisa jadi bagian dari pengalaman kamu yang menyenangkan
Kalau nanti ada yang mau ditanyain, keluh kesah, atau sekadar butuh bantuan, langsung aja ke fitur Live Chat di aplikasi Floq.

Stay happy dan semoga harimu semanis review kamu tadi",2026-04-11 05:57:40,1.11.0
58dc2f99-42ef-4afe-a70c-8dce861025d5,khoirul Alwii,https://play-lh.googleusercontent.com/a-/ALV-UjUFGEdcTe9OtDxGWB_aCCGl3Sa82OR6qu57C8FvC597Wiv16Eo,"mudah, gampang, dan peraktis, klo bisa tambahkan QIURIS min hehhe Siapp pokoknaahh mahhh😁🤝😇☺Tetep setia hingga saat ini aplikasi gampang dan mudah, Ttp semangat tuk para Development dan karyawan flow Timothy Ronal 🙏😁🤝  #InvestasiKripto user : @alwisihab",5,0,1.12.0,2026-04-15 07:04:46,"Hai! Terima kasih banyak buat bintangnya!
Seneng banget bisa jadi bagian dari pengalaman kamu yang menyenangkan 💫
Kalau nanti ada yang mau ditanyain, keluh kesah, atau sekadar butuh bantuan, langsung aja ke fitur Live Chat di aplikasi Floq.
Stay happy dan semoga harimu semanis review kamu tadi~ ✨",2026-04-15 07:07:25,1.12.0
860734b8-52db-4312-8652-b9519fc508bb,Davis Kho,https://play-lh.googleusercontent.com/a/ACg8ocLseGBxP4_AB-UvMG-xEQLuiVv9eGkWlVibZGalXuud0jErCg=mo,bah parah top up bank nya cuma bisa dari bri bank selain bri tu gabisa apanya ini malas kali kalo mw pake gopay bahkan sebelumnya bisa pake via other bank punya sekarang ga bisa downgrade ini,2,2,1.12.0,2026-05-01 17:55:50,"Hai!
Maaf ya atas kendala yang Kakak alami. Yuk, langsung hubungi tim support lewat Live Chat di aplikasi atau melalui email customerservice@floq.id biar bisa kami bantu lebih cepat.
Kalau sudah teratasi, kami akan senang banget kalau Kakak mau update review-nya.
Makasih banyak atas dukungannya!",2026-05-01 21:19:50,1.12.0
0a49544e-dd93-46a9-9393-747422810ea8,Umu K,https://play-lh.googleusercontent.com/a/ACg8ocJb-VJ1h1qqtDuXzi-MKGaubG9Iem4olGpTGWCJGOsu81elOQ=mo,Belum ada PnL total atau kumulatif bukan harian. Seharusnya ada harga rata-rata per aset koin.,1,0,1.13.1,2026-05-12 07:57:07,"Hai!
Soal fitur Futures, noted banget ya! Tim kami terus berusaha mengembangkan fitur-fitur baru, jadi semoga bisa segera hadir.
Stay tuned dan terus support Floq, ya!
Terima kasih atas feedback-nya!",2026-05-12 08:05:06,1.13.1
9c693e6b-a472-4e74-a66d-fe63507dad0e,M Fathur Rahman,https://play-lh.googleusercontent.com/a-/ALV-UjVbB7Tk0Pb8r27E5nNqzQFVTjWZSBUaHm1fAns6qqMf6EeA123F,"Terimakasih Floq Karena menyediakan beli crypto minimal Rp 1.000, Sangat Membantu",5,0,1.11.0,2026-04-01 13:01:13,"Hai! Terima kasih banyak buat bintangnya!
Seneng banget bisa jadi bagian dari pengalaman kamu yang menyenangkan
Kalau nanti ada yang mau ditanyain, keluh kesah, atau sekadar butuh bantuan, langsung aja ke fitur Live Chat di aplikasi Floq.
Stay happy dan semoga harimu semanis review kamu tadi~ ✨",2026-04-01 13:04:34,1.11.0
466a84f3-dfa2-4fc5-b44a-ae327a3f9482,Arman Zalukhu,https://play-lh.googleusercontent.com/a-/ALV-UjWQWp1QtvuXo72mWE_GEDBiFqlFGZcqSVEJf_DLx7gyWcH8xvI,aplikasi sangat mudah dan sangat aman di gunakan. user : floq25507433 #investasikiypto,5,0,1.11.0,2026-04-10 15:36:43,"Hai! Terima kasih banyak buat bintangnya!
Seneng banget bisa jadi bagian dari pengalaman kamu yang menyenangkan 💫
Kalau nanti ada yang mau ditanyain, keluh kesah, atau sekadar butuh bantuan, langsung aja ke fitur Live Chat di aplikasi Floq.
Stay happy dan semoga harimu semanis review kamu tadi~ ✨",2026-04-10 15:47:09,1.11.0
3f844cf3-ee1b-479b-92e0-868f8472b212,JIMMY WAILSON,https://play-lh.googleusercontent.com/a-/ALV-UjWgTk8vx7BnnhyVZm2DuLa_BjkKWBUAmVAYku86yRP9hCmDqZ84,"Tampilannya simpel sekali dan sangat memudahkan, mantap",5,0,1.12.0,2026-05-04 00:23:43,"Hai! Terima kasih banyak buat bintangnya!
Seneng banget bisa jadi bagian dari pengalaman kamu yang menyenangkan 💫
Kalau nanti ada yang mau ditanyain, keluh kesah, atau sekadar butuh bantuan, langsung aja ke fitur Live Chat di aplikasi Floq.
Stay happy dan semoga harimu semanis review kamu tadi~ ✨",2026-05-04 00:31:18,1.12.0
84f0f03f-02b9-4f4a-bd30-d57b1be0587c,NURIL AMANDA,https://play-lh.googleusercontent.com/a-/ALV-UjVEYuU6U995Z8gzhPB0-ifqlYnET-xa-E6KLuBbaccYKGpj30Dj,"maaf, saya kasih bintang dua, untuk VA nya ga bagus karena terkhusus, untuk e-wallet fee nya cukup terasa🙏🏻",2,1,1.12.0,2026-04-29 18:57:40,"Hai!
Saat ini top up di FLOQ baru bisa lewat bank tertentu aja ya. Kami terus berusaha menambah pilihan bank biar makin fleksibel. Sambil nunggu, kamu bisa pakai metode yang tersedia dulu yaa. Makasih udah dukung FLOQ!",2026-04-29 19:06:27,1.12.0
7a5de6de-e302-4085-9ded-eba8a8f39e72,Rio Aldi,https://play-lh.googleusercontent.com/a/ACg8ocLlAl4wxu8M443nn_vOdHu6Rf9RzNclDrcI6cfq7niu4biNLQ=mo,sangat mudah di gunakan tapi potongan wd nya terlalu besar,5,0,1.13.1,2026-05-14 18:32:04,"Hai! Terima kasih banyak buat bintangnya!
Seneng banget bisa jadi bagian dari pengalaman kamu yang menyenangkan.
Kalau nanti ada yang mau ditanyain, keluh kesah, atau sekadar butuh bantuan, langsung aja ke fitur Live Chat di aplikasi Floq.
",2026-05-14 18:53:33,1.13.1
e37b3371-ccd7-4ecd-b80d-9071b5c14fd8,Mujiz,https://play-lh.googleusercontent.com/a/ACg8ocKqHHFtYpT-UwQ3QkWDTy2d2nFTw5qVgWqWDgQqUdAefNO7LA=mo,tolong dong min candle nye di buat di perbaiki biar jelas... gak bisa baca candel bingung liat grafik nya,5,0,1.13.1,2026-05-15 22:20:31,"Hai!
Terima kasih banyak untuk reviewya! Senang banget tahu kamu suka dengan aplikasi Floq.
Soal fitur, noted banget ya! Tim kami terus berusaha mengembangkan fiturnya, jadi semoga bisa lebih baik lagi.
Stay tuned dan terus support Floq, ya!",2026-05-15 22:46:57,1.13.1
15f25c3c-87d7-4cf5-86f5-2434ca8b7615,ERIK RUSMADI,https://play-lh.googleusercontent.com/a/ACg8ocK5RH7vOAMm-llFAULJDtksC7Ui79QT-kPNklbIjKFN4WGcIQ=mo,sukses deposit tapi gak masuk. tanya cs disuruh nunggu 1x24 jam. direspon tetapi juga tidak masuk asetnya.,1,3,1.13.1,2026-05-14 11:15:57,"Hai! 👋
Kami  Mohon Maaf ya atas kendala yang Kakak alami. Yuk, langsung hubungi tim support lewat Live Chat di aplikasi atau melalui email customerservice@floq.id biar bisa kami bantu lebih cepat.
Kalau sudah teratasi, kami akan senang banget kalau Kakak mau update review-nya.
Makasih banyak atas dukungannya!",2026-05-14 14:24:38,1.13.1
599c399d-cef9-468f-9c0d-895fd577c5b5,A5IHZA,https://play-lh.googleusercontent.com/a-/ALV-UjVT0ljIKvgli_brcM6SSPxl3U-byx4Llk-yguasnX-KeRO8G0xd,"Good, aplikasi investasi masa depan dengan respon costumer service yang bagus",5,0,1.12.0,2026-04-19 07:45:20,"Hai! Terima kasih banyak buat bintangnya!
Seneng banget bisa jadi bagian dari pengalaman kamu yang menyenangkan
Kalau nanti ada yang mau ditanyain, keluh kesah, atau sekadar butuh bantuan, langsung aja ke fitur Live Chat di aplikasi Floq.
Stay happy dan semoga harimu semanis review kamu tadi~",2026-04-19 07:55:30,1.12.0
e13c7d56-fdb1-4352-b3a0-424910c09d4a,ALFATAH RIZKI MAULANA,https://play-lh.googleusercontent.com/a-/ALV-UjXE-zcJ7Jz_h_2GlIaM25-r5Ie5yaeLPgEsHAWGPIZOyuqs_-gK,sudah bagus buat cicil cicil btc dll saran saja tong kalo bisa di tambah keamanan Fingerprint,5,0,1.13.1,2026-05-05 08:03:44,"Hai! 👋
Terima kasih banyak untuk review positifnya! Senang banget tahu kamu suka dengan aplikasi Floq.
Soal fitur Futures, noted banget ya! Tim kami terus berusaha mengembangkan fitur-fitur baru, jadi semoga bisa segera hadir.
Stay tuned dan terus support Floq, ya! 🚀",2026-05-05 08:07:22,1.13.1
52b6aef6-f224-4e6b-ab59-f066c4897c9f,Hu Tao,https://play-lh.googleusercontent.com/a-/ALV-UjXks-hAqFz3oYDJEWosZaeI6KPOQyc4mwmMXDAxsVTMZnFf1uoi,"sakit mata tema putih, tambahkan tema gelap lah, biar nyaman mata saat buka aplikasinya",5,0,1.12.0,2026-04-14 06:05:55,"Hai!
Terima kasih banyak untuk review positifnya! Senang banget tahu kamu suka dengan aplikasi Floq.
Terkait saran mengenai tema gelap untuk kenyamanan mata, masukan ini sudah kami catat ya. Tim kami akan mempertimbangkannya agar pengalaman menggunakan aplikasi bisa semakin nyaman.
Stay tuned dan terus support Floq, ya!",2026-04-14 06:28:08,1.12.0
9a70963c-8c61-48df-8047-9fbf7599f77c,Zihan atatarista,https://play-lh.googleusercontent.com/a/ACg8ocKOqWBM-eavUTtZ4sQMOO4PfipyJar3uT7PHl4uFxGHVa-pQA=mo,gak ribet untuk pemula semoga kedepan nya aplikasi nya makin maju dan Aman🙏,5,0,1.13.1,2026-05-13 00:25:10,"Hai! Terima kasih banyak buat bintangnya!

Seneng banget bisa jadi bagian dari pengalaman kamu yang menyenangkan.
Kalau nanti ada yang mau ditanyain, keluh kesah, atau sekadar butuh bantuan, langsung aja ke fitur Live Chat di aplikasi Floq.

Stay happy dan semoga harimu semanis review kamu tadi~",2026-05-13 00:33:23,1.13.1
cd3b2d97-51aa-4fc4-a420-d01426796b85,Elly Yuliyani,https://play-lh.googleusercontent.com/a/ACg8ocJe_jn-zCxP4cPv1c3fQMxDqrGTAa0WHAQAyk0gfUKwTK29WQ=mo,"mantap aplikasi nya, bisa jual beli, dan trading dengan nyaman",5,0,1.13.1,2026-05-13 02:26:02,"Hai! Terima kasih banyak buat bintangnya!

Seneng banget bisa jadi bagian dari pengalaman kamu yang menyenangkan.
Kalau nanti ada yang mau ditanyain, keluh kesah, atau sekadar butuh bantuan, langsung aja ke fitur Live Chat di aplikasi Floq.

Stay happy dan semoga harimu semanis review kamu tadi~",2026-05-13 02:41:18,1.13.1
5fe7fdb9-c423-4b07-8e4c-e2b810880a67,Abay Gamers BTL,https://play-lh.googleusercontent.com/a-/ALV-UjVuaD4uKzAIiPLIDt9GsKsjRuWhdtS3yfyw20nZBPxjVWQSZPbG,"kalau ada coin memecoin MOG gw ksih bintang 5 kak,soalnya mau cicil distu,klau indodax adminnya mahal🧑‍💻+klau bisa pakai qris bayar,biar simple",3,0,1.11.0,2026-03-22 20:42:39,"Hai!
Maaf ya atas kendala yang kamu alami. Yuk, langsung hubungi tim support lewat Live Chat di aplikasi atau kamu bisa menghubungi kami melalui email customerservice@floq.id (mailto:customerservice@floq.id) biar bisa kami bantu lebih cepat.
Kalau sudah teratasi, kami akan senang banget kalau kamu mau update review-nya.
Makasih banyak atas duku...",2026-03-22 20:51:10,1.11.0
2cb31a52-844c-4212-be49-cdeb83eabbc5,Almoez Lim,https://play-lh.googleusercontent.com/a-/ALV-UjVMhhFWZR6yA2ANOSWVwWz-PpO-rnYof1RsGa2z8LwxLLSv4w1V,bagus aplikasi nya mudah2an ada perubahan ke depan,5,0,1.12.0,2026-04-19 11:42:37,"Hai! Terima kasih banyak buat bintangnya!
Seneng banget bisa jadi bagian dari pengalaman kamu yang menyenangkan
Kalau nanti ada yang mau ditanyain, keluh kesah, atau sekadar butuh bantuan, langsung aja ke fitur Live Chat di aplikasi Floq.
Stay happy dan semoga harimu semanis review kamu tadi~",2026-04-19 11:58:00,1.12.0
cf58df97-86d3-4b5c-bd83-77d6da072845,Ramadani Hadi,https://play-lh.googleusercontent.com/a-/ALV-UjWpFg0feNVaBb9S_0oetReP4m1N8ILswhgvlkjcgh7uMLfU0kw,aplikasi nya mudah bangat untuk dipakai enak buat pemula,5,0,1.11.0,2026-03-10 06:36:22,"Hai! Terima kasih banyak buat bintangnya!
Seneng banget bisa jadi bagian dari pengalaman kamu yang menyenangkan 💫
Kalau nanti ada yang mau ditanyain, keluh kesah, atau sekadar butuh bantuan, langsung aja ke fitur Live Chat di aplikasi Floq.
Stay happy dan semoga harimu semanis review kamu tadi~ ✨",2026-03-10 06:42:29,1.11.0
1918899d-b48b-4d90-aa14-91e7350f7575,Raka,https://play-lh.googleusercontent.com/a-/ALV-UjUCt15tXtLvae7YuMZbCh08tI4WgU6AuXf-f6oQQ-H9QfPnWfy7,tambahkan fitur pin sidik jari dan fitur mode gelap,4,0,1.12.0,2026-04-22 13:00:19,"Hai!
Terima kasih banyak untuk review positifnya! Senang banget tahu Kakak suka dengan aplikasi Floq.

Soal fitur Futures, noted banget ya! Tim kami terus berusaha mengembangkan fitur-fitur baru, jadi semoga bisa segera hadir.
Stay tuned dan terus support Floq, ya!",2026-04-22 13:19:21,1.12.0
d42766e4-a223-48f6-bca0-60b061fa2734,Reza Putra,https://play-lh.googleusercontent.com/a/ACg8ocI5Jo2h53MvZZa9SDPHdLdc-ESN4-OnYNcWuvbAJlNV52d33A=mo,"Aplikasi crypto ini benar-benar memudahkan saya untuk trading dan investasi kripto kapan saja. Fitur-fiturnya lengkap mulai dari beli dan jual bitcoin sampai tukar berbagai jenis aset digital. Tampilan aplikasinya bersih, mudah dipahami, dan cocok buat pemula yang baru mulai belajar crypto. Transaksi berlangsung cepat dan aman, ditambah dukungan customer service yang responsif kalau ada kendala. Saya juga suka karena aplikasinya punya exchange crypto lokal.#AplikasiCrypto",5,0,,2025-11-01 22:53:58,"Hai! Terima kasih banyak buat bintangnya!
Seneng banget bisa jadi bagian dari pengalaman kamu yang menyenangkan 💫

Kalau nanti ada yang mau ditanyain, keluh kesah, atau sekadar butuh bantuan, langsung aja ke fitur Live Chat di aplikasi Floq.

Stay happy dan semoga harimu semanis review kamu tadi~ ✨",2025-11-02 02:38:58,
81d2a6b1-773e-4e45-b6f5-e9d6556b90da,Farrel Ramadhan,https://play-lh.googleusercontent.com/a-/ALV-UjXo1kU9T55Ec4R1GXuABRTvpLVayn32gyXAQsisbODfCmtBPnw,"misi min kenapa flog suka ke logout sendiri ya ,trus kalau mau login web nya tidak terjangkau/tidak di temukan tolong saya juga pengguna flog lama kurang nyaman pada hal² seperti ini,tolong juga untuk di perbaiki....... trims🙏🏻",4,5,1.7.2,2026-01-04 08:18:55,"Hai! 👋
Terima kasih banyak untuk reviewnya! Maaf banget ya atas kendala yang kamu alami.
Biar bisa kami bantu lebih lanjut, kamu bisa langsung hubungi tim support melalui fitur Live Chat di aplikasi Floq.
Terima kasih sudah sabar — kita akan pastikan prosesnya berjalan lancar secepat mungkin! ✨
Stay tuned dan terus support Floq, ya! 🚀",2026-01-04 08:51:36,1.7.2
28cab456-7318-4f99-ae05-a2d703142396,Rame S,https://play-lh.googleusercontent.com/a-/ALV-UjWKKbYM7QUaxNGkKo6SKWB-ZaHTYi7PLqus3gYXmgFFNro-2m6N,"ribet sekarang , stiap transfer harus isi nama dan alamat penerima padahal mau transfer ke wallet sendiri",3,3,1.11.0,2026-03-23 08:50:54,"Hai!

Soal transfer harus mengisi nama dan alamat penerima untuk menjaga keamanan data Kakak dan menghindari salah kirim saat melakukan transfer kripto ya. Tim kami terus berusaha mengembangkan fitur-fitur baru di aplikasi, semoga transaksi Kakak selalu aman di Floq.

Terima kasih atas feedback-nya!",2026-03-23 09:00:32,1.11.0
2319d36d-f9be-49a5-b54d-53ed0627dbe0,Febrian,https://play-lh.googleusercontent.com/a/ACg8ocK15ob0woxx6pcbh1NT6nWKzKoTwqrHMP95_tgDWWcdtd6HaA=mo,jangan pernah Inves di sini.apk suka ngunci sendiri.,1,0,1.18.0,2026-08-04 01:30:38,,,1.18.0
16e34e0a-32e7-4404-aaac-09b4536bef20,Rizky Pasmawi,https://play-lh.googleusercontent.com/a/ACg8ocIMAiQESK_T8C02_cFptKGlBzihgJgU-84PTyhe8N2Ip8noeA=mo,"kondisi sekarang masih kurang optimal karena tidak menampilkan kondisi pasar secara real-time, namun ada poin lebih untuk floq karena bisa menggunakan modal yang sangat minim yaitu 1000 cocok banget untuk pemula yang mau belajar",4,0,,2026-06-02 13:10:27,"Haiii, makasih banyak udah sempetin kasih review!
Kita seneng banget bisa nemenin perjalanan kamu bareng FLOQ
Kalau nanti ada yang bikin bingung, pengen tanya-tanya, atau cuma mau say hi, langsung aja ke Live Chat ya!
Semoga hari kamu secerah semangatnya.tra",2026-06-02 13:19:17,
81d3bf3d-fa49-45f2-a9b8-8203fc1a449a,Video Baru,https://play-lh.googleusercontent.com/a-/ALV-UjXnNKqh4ejTGNeZSxp0YyCQbSMOTdYbxy-w7AsFfSULmnQqRyk,"ini apk aman,jual beli mudah,dan jujur..?tapi sayang pembelinya, harga tidak sesuai profit live, misal anda beli BTC di live 1,12milyar, pas mau beli harga pasar katanya 1,14milyar.. setelah beli BTC jalannya sesuai profit live,1,12M naik 200jt,1,14M,yg beli belum untung, yg bener aja..😁ini baru harga beli?? tolong di stabilkan harga beli dan harga jual jangan jauh2..seperti trede lainnya.. memang apk ploq ini ada kelebihan bisa modal receh,tapi ada kekurangannya juga..itu?",2,0,,2026-06-26 19:28:48,"Hai! 👋
Soal fitur Futures, noted banget ya! Tim kami terus berusaha mengembangkan fitur-fitur baru, jadi semoga bisa segera hadir.
Stay tuned dan terus support Floq, ya! 🚀
Kalau masalahnya sudah teratasi, kami akan sangat senang jika kamu bersedia mengupdate review-nya
Terima kasih atas feedback-nya! 💛",2026-06-27 00:52:36,
20ebb45f-3d9d-4411-8d79-69b3a647a463,Tiktok Right Official,https://play-lh.googleusercontent.com/a-/ALV-UjU6hY-OIfNZx57pkq_5rmgTPpLMGID1zUNtTg5lL1eJhiIRE7c,lebih enak kalo tiap aset ada plus brapa persen atau minus brapa persen gtu min . kembalikan yg kayak itu aja kalo versi ini ga ada tampilan persentase kenaikan atau penurunan nya .,4,0,,2026-06-14 15:00:00,"Hai!
Terima kasih banyak atas review positifnya 🙌 Senang banget dengar kamu nyaman pakai aplikasi Floq.
Masukan soal fitur Futures sudah kami catat ya 👍 Tim kami terus berinovasi, semoga segera bisa hadir.
Jangan lupa terus pantau update dari Floq 🚀",2026-06-14 15:01:50,
8f808769-8d34-4425-b32f-6a59a25b287b,Sugik Irawan,https://play-lh.googleusercontent.com/a-/ALV-UjXx1wX7m1eAqEYxp74_7fCz0wsVdO4FlrrceaSiRSuq6ylAVDLr,"mohon maaf kak setelah beberapa saat yang lalu saya mencoba melakukan penarikan dan terjadi masalah penarikan tidak tersedia, saya sudah menghubungi customer service dan masih dalam proses pengecekan karna masalah ini saya jadi merasa khawatir melakukan investasi di floq",1,0,,2026-06-29 12:17:12,,,
59739ece-b4cf-4d8b-ab7e-574653aab78e,Fikri Gaming,https://play-lh.googleusercontent.com/a/ACg8ocLCSos3Xz-kYClG_jhQjF8cbHJ9G9rfbVs0oAeNy55Liu6bH6g=mo,"ini kenapa dah akhir-akhir ini keluar sendiri mulu aplikasi, setiap mau buka aplikasinya pasti disuruh login ulang keterangannya sesi kadaluarsa mulu, capek cok harus masukin akun ulang muluuuu ahh",1,0,,2026-06-01 15:39:12,"Hai! 👋 Maaf banget ya kalau sempat ada error di aplikasi. Coba update dulu ke versi terbaru dan pastikan koneksi internet stabil. Kalau masih bermasalah, silakan hubungi tim support email ke customerservice@floq.id biar bisa kami bantu cek lebih lanjut. Kalau sudah teratasi, kami akan senang sekali kalau kamu bersedia update review 💛",2026-06-02 06:09:34,
cb0a8de1-e88a-423a-8654-6e12a00b71d3,Farm 1111,https://play-lh.googleusercontent.com/a/ACg8ocKn0IBmipDVHn1H8rc2Ob6jE8KY7hpk2j37q0IeljBiuumu1w=mo,"bantu dong, ini kenapa ya? saya transfer aset ke dompet kripto, di floq tulisan sudah berhasil tapi di dompet kripto nya gak masuk",5,0,,2026-06-13 17:29:59,"Hai! Terima kasih banyak buat bintangnya!
Seneng banget bisa jadi bagian dari pengalaman Kakak yang menyenangkan

Kalau nanti ada yang mau ditanyain, keluh kesah, atau sekadar butuh bantuan, langsung aja ke fitur Live Chat di aplikasi Floq.

Stay happy dan semoga harimu semanis review Kakak tadi",2026-06-14 00:39:22,
930f3d5f-70c4-496c-9b6d-95bae232d68a,Irul Smd,https://play-lh.googleusercontent.com/a/ACg8ocIMLHhBdf5s-wvttPO9XWrj7ATHePirI00chBZDKHjTgciEMQ=mo,"Aplikasinya mudah digunakan, cuma perlu satu klik buat trading Bitcoin. Cocok banget buat yang baru mulai belajar di dunia crypto!",5,0,,2026-05-20 20:32:50,"Hai! Terima kasih banyak buat bintangnya!
Seneng banget bisa jadi bagian dari pengalaman Kakak yang menyenangkan 💫
Kalau nanti ada yang mau ditanyain, keluh kesah, atau sekadar butuh bantuan, langsung aja ke fitur Live Chat di aplikasi Floq.
Stay happy dan semoga harimu semanis review kamu tadi~ ✨""",2026-05-20 23:21:05,
96d0ae06-2f9e-473f-8816-9cfd7e5fddfc,Arkan Pka,https://play-lh.googleusercontent.com/a/ACg8ocJgFTYMLb4MVDxdI6z0EDsreIXDfZm3txOg_VpMpG0dh2goow=mo,"overall bagus, simpel, tapi kenapa harga yang ditampilkan diberanda berbeda dengan harga saat akan buy/sell dan harga saat buy selalu lebih tinggi, dan juga saran untuk tampilan P&L kalau bisa jangan hari ini, tapi total dari harga rata"" posisi kita",4,0,,2025-12-10 03:10:01,"Hai! 👋
Terima kasih banyak untuk review positifnya! Senang banget tahu kamu suka dengan aplikasi Floq.

Soal fitur Futures, noted banget ya! Tim kami terus berusaha mengembangkan fitur-fitur baru, jadi semoga bisa segera hadir.
Stay tuned dan terus support Floq, ya! 🚀",2025-12-10 03:34:01,
0ffe888b-833c-485d-9283-1ccbe57510fa,Alberto,https://play-lh.googleusercontent.com/a/ACg8ocKjpE9FAiwCc73PYHC7GYOcl2xB0swVePrOqxYPqZJ2nZhIZg=mo,Pembelian aset cripto sanggat cepat dan murah menejemen vi nya,5,0,1.11.0,2026-03-05 11:42:40,"Halo! Wah, terima kasih udah kasih rating bagus buat kami!
Seneng deh bisa jadi bagian dari perjalanan kamu di dunia kripto bareng FLOQ 💫
Butuh bantuan atau mau ngobrol? Tim kami siap sedia di Live Chat aplikasi!
Semoga harimu seceria pesan yang kamu kirim tadi ya ✨",2026-03-05 11:46:58,1.11.0
25727507-fe07-486e-a949-600eb1731f18,Ahmadimam Mahmudi,https://play-lh.googleusercontent.com/a/ACg8ocJR6UAt0Dd9bV7hgbgy8hLhg1PSC47U8BtPf8SgxVhKmFnj5Q=mo,"kak tolong di perbarui lagi masalah total aset nya di halaman depan,karena masih terjadi bug di saya,entah di teman teman lainnya tolong di bantu ya kak, trimakasih 😁",5,0,,2026-06-05 14:35:32,Saat ini pemeliharaan sistem untuk fitur PNL masih berlangsung. Kami akan segera memberikan informasi terbaru terkait kendala tersebut. Terima kasih atas pengertian dan kesabarannya.,2026-06-05 14:45:43,
8ac22358-431a-4d31-b971-d0ab21eaa137,Zidan Faris,https://play-lh.googleusercontent.com/a/ACg8ocJxYowFzEROMgp6Z2S6RxkpHBhp3yjmqRitvQB3P933Te3hbw=mo,Aplikasi bagus untuk saya yang belajar mata uang crypto,5,0,1.13.1,2026-05-16 23:04:23,"Hai! Terima kasih banyak buat bintangnya!
Seneng banget bisa jadi bagian dari pengalaman Kakak yang menyenangkan 💫
Kalau nanti ada yang mau ditanyain, keluh kesah, atau sekadar butuh bantuan, langsung aja ke fitur Live Chat di aplikasi Floq.
Stay happy dan semoga harimu semanis review kamu tadi~ ✨",2026-05-16 23:49:34,1.13.1
23a18005-4cdc-4892-a1b4-46d4fbd7528f,zaza neww,https://play-lh.googleusercontent.com/a-/ALV-UjWIjxDTmeO84unoXFJ-B5dYS8bsCzqtYqY1dKQ4e-VRzDhI12Lv,"Aplikasi Floq benar-benar keren dan mudah digunakan! Proses trading crypto sangat cepat dan aman. Cocok banget buat yang mau mulai investasi kripto atau beli bitcoin tanpa ribet. Tampilan aplikasinya juga simpel dan profesional, jadi nyaman dipakai setiap hari. Dukungan timnya juga responsif banget, bantu kalau ada kendala.Rekomendasi banget buat kamu yang cari aplikasi crypto Indonesia terpercaya! #AplikasiCrypto",5,0,,2025-11-10 22:57:44,"Hai! Terima kasih banyak buat bintangnya!
Seneng banget bisa jadi bagian dari pengalaman kamu yang menyenangkan 💫

Kalau nanti ada yang mau ditanyain, keluh kesah, atau sekadar butuh bantuan, langsung aja ke fitur Live Chat di aplikasi Floq.

Stay happy dan semoga harimu semanis review kamu tadi~ ✨",2025-11-11 00:21:46,
7925acb5-ae2f-4926-9126-3be213a28453,Gamer S,https://play-lh.googleusercontent.com/a/ACg8ocIVcybpym8eWqUNYouMphwHpal2f1q6b0WW7FQoNv2sc1L3CA=mo,"gak ad P&L nya yang bulanan hdeh, gak kayak aplikasi lainnya",1,1,1.15.1,2026-06-24 07:27:17,"Hai! 👋

Soal fitur Futures, noted banget ya! Tim kami terus berusaha mengembangkan fitur-fitur baru, jadi semoga bisa segera hadir.
Stay tuned dan terus support Floq, ya! 🚀

Kalau masalahnya sudah teratasi, kami akan sangat senang jika kamu bersedia mengupdate review-nya
Terima kasih atas feedback-nya! 💛",2026-06-24 08:31:15,1.15.1
1f19c480-cf04-443e-83b0-89ae493bf336,smirz gameplay,https://play-lh.googleusercontent.com/a-/ALV-UjXYmlg7mM7km6CIdB7hQxgtL6SmuiTwCHemWCPa0GUz9I32648,banyak syarat sekarang kalo transaksi crypto,2,0,1.14.4,2026-06-09 17:45:25,"Hai! 👋

Maaf banget atas ketidaknyamanannya 😥

Terkait dengan transaksi Crypto Tim kami terus berusaha mengembangkan untuk syaratnya

Kalau masalahnya sudah teratasi, kami akan sangat menghargai kalau kamu bersedia memperbarui ulasannya 🌟

Terima kasih banyak atas feedback kamu! 💛",2026-06-10 00:44:22,1.14.4
24160eca-92d3-4487-a62e-9745b8307205,Fathul pss,https://play-lh.googleusercontent.com/a/ACg8ocI9P5QtzxIKJYnKDeaokKvZoArPtmPtW7QV0-6zObjw7IC8BQ=mo,"“FLOQ bener-bener jadi aplikasi investasi kripto yang paling gampang dipakai. Tampilan simpel, fitur lengkap, dan transaksinya cepet banget. Buat pemula juga aman karena ada panduannya. Pokoknya investasi jadi lebih gampang dan nggak ribet. Recommended banget buat yang mau mulai investasi kripto! Username FLOQ: fathul #InvestasiKripto”",5,0,,2026-04-10 10:31:03,"Hai! Terima kasih banyak buat bintangnya!
Seneng banget bisa jadi bagian dari pengalaman kamu yang menyenangkan 💫
Kalau nanti ada yang mau ditanyain, keluh kesah, atau sekadar butuh bantuan, langsung aja ke fitur Live Chat di aplikasi Floq.
Stay happy dan semoga harimu semanis review kamu tadi~ ✨",2026-04-10 10:35:40,
fc886118-b233-47ae-876c-380bf008c489,Sidik Malik,https://play-lh.googleusercontent.com/a/ACg8ocLNELho2IP-RwcjaqLsOEl5Oh5oywyg3q75InA19-RgS6ebYA=mo,fitur liveness yang merepotkan saya melakukannya hingga 30x lebih tidak terverifikasi,1,0,1.15.3,2026-07-05 17:57:17,,,1.15.3
f823dee6-c9a9-4d1a-b6bf-691448e3e819,Cak iruel Al khuswa,https://play-lh.googleusercontent.com/a/ACg8ocK-CPOkO84GSAHcRTQ0PPU1Wb5yYuM9Rbg36xt16sQh9fBTlQ=mo,"aplikasi nya bagus, hanya saja kita tidak bisa melihat secara langsng tentang pergerakan grafiknya, trus juga klau bisa untuk penarikan tolonk di tambahkan dengan aplikasi dana, karna supaya enggak kesulitan, mayoritas di Indonesia pakai aplikasi dana dari pada M-BANKING, TOLONK YA",4,7,1.9.0,2026-02-06 09:00:40,"Hai! 👋
Terima kasih banyak untuk review positifnya! Senang banget tahu kamu suka dengan aplikasi Floq.
Soal fitur Futures, noted banget ya! Tim kami terus berusaha mengembangkan fitur-fitur baru, jadi semoga bisa segera hadir.
Stay tuned dan terus support Floq, ya! 🚀",2026-02-06 09:24:28,1.9.0
a5e5b008-8c3d-437b-95e3-23785038d89d,Sandy Agus,https://play-lh.googleusercontent.com/a-/ALV-UjXF5SIQc7tcMq2WuQCjhsSU9KTU-V2RiC2Yxz7hMuEJ2LtRWBw,"untuk kedepanya bisa untuk informasi berita bisa di ubah jadi bahasa Indonesia untuk mempermudah pengguna yang awam bahasa inggris,dari segi adanya aplikasi ini sangat membantu buat semua kalangan terimakasih semoga kedepanya terus update lebih baik dan bagus lagi",4,7,1.8.0,2026-01-12 05:25:45,"Hai! 👋
Terima kasih banyak untuk review positifnya! Senang banget tahu kamu suka dengan aplikasi Floq.
Soal fitur Futures, noted banget ya! Tim kami terus berusaha mengembangkan fitur-fitur baru, jadi semoga bisa segera hadir.
Stay tuned dan terus support Floq, ya! 🚀",2026-01-12 05:39:52,1.8.0
4dd68ad8-8aaf-411f-a765-5ccc56b624c5,mas toni,https://play-lh.googleusercontent.com/a-/ALV-UjUpY13TNlUoPHACWQXYKhs9rGmg2jt2Liiw2mzdhyQQF8u1Lu6u,oke punya buat brlajar invest dan tentunya sangat aman untuk pemula yang masih ragu mau belajar investasi,5,0,1.11.0,2026-04-12 10:57:02,"Hai! Terima kasih banyak buat bintangnya!
Seneng banget bisa jadi bagian dari pengalaman kamu yang menyenangkan

Kalau nanti ada yang mau ditanyain, keluh kesah, atau sekadar butuh bantuan, langsung aja ke fitur Live Chat di aplikasi Floq.

Stay happy dan semoga harimu semanis review kamu tadi",2026-04-12 11:22:28,1.11.0
4d677a05-65e4-4937-82a9-96dcb03e2a78,A Malik,https://play-lh.googleusercontent.com/a/ACg8ocJ1s5pmGr6k9ZtCsmn1w4DmmSi1ki36zlGS5sUW0ljUWGHBVw=mo,"Aku pernah berpikir semua aplikasi itu sama.janji manis di awal, ribet di tengah, dan bikin pusing di akhir. Sampai akhirnya aku ketemu Floq. Floq itu seperti “partner” yang ngerti apa yang kita butuhkan. Dari tampilan yang bersih, navigasi yang simpel, sampai eksekusi yang cepat—semuanya terasa dibuat dengan serius, bukan asal jadi. Yang bikin beda? Floq nggak cuma ngajak kita FOMO tapi ngajak kita berkembang.",5,0,,2026-04-18 13:50:23,"Hai! Terima kasih banyak buat bintangnya!
Seneng banget bisa jadi bagian dari pengalaman Kakak yang menyenangkan

Kalau nanti ada yang mau ditanyain, keluh kesah, atau sekadar butuh bantuan, langsung aja ke fitur Live Chat di aplikasi Floq.

Stay happy dan semoga harimu semanis review Kakak tadi",2026-04-18 15:42:42,
f5e06892-9c4a-477b-9d9a-a4501fb99f2e,Rizki Pesgacor,https://play-lh.googleusercontent.com/a/ACg8ocIj7yRpSEq0ih6UFXTshTcz9iwLXMhQCbirw3jTTsra8RoXqA=mo,"untuk harga beli nya jangan kemahalan lah dan untuk harga jual nya jangan kemahalan,dan untuk penarikan banyak yang bilang bermasalah,jika bermasalah tolong di perbaiki lebih baik🙏",2,3,1.10.0,2026-02-17 11:29:38,"Hai! 👋
Maaf ya atas kendala yang kamu alami. Yuk, langsung hubungi tim support lewat Live Chat di aplikasi biar bisa kami bantu lebih cepat 💬

Kalau sudah teratasi, kami akan senang banget kalau kamu mau update review-nya 🌟
Makasih banyak atas dukungannya! 💛",2026-02-17 11:56:25,1.10.0
2b5512ef-00ac-40f4-903f-72716f877535,Muhamad Haikal,https://play-lh.googleusercontent.com/a/ACg8ocLHVGJVgEcSu-pN1wn3vlC9bTik0CHDHxpqt0JRR-I-1KJ7Tw=mo,"Halo Admin Floq 👋 Saya ingin menyampaikan request fitur untuk aplikasi FLOQ. Saya mengusulkan agar ditambahkan fitur estimasi pembelian kripto walaupun saldo IDR masih Rp0. Contohnya, jika pengguna ingin membeli Bitcoin senilai Rp100.000, aplikasi bisa langsung menampilkan estimasi berapa BTC yang akan didapat berdasarkan harga saat itu tanpa harus top up terlebih dahulu. Fitur ini akan membantu pengguna merencanakan pembelian dan melihat perkiraan jumlah kripto sebelum deposit. Terimakasih. 🙏",5,0,1.8.0,2026-03-13 15:22:00,"Hai! 👋
Terima kasih banyak untuk review positifnya! Senang banget tahu kamu suka dengan aplikasi Floq.
Soal fitur Futures, noted banget ya! Tim kami terus berusaha mengembangkan fitur-fitur baru, jadi semoga bisa segera hadir.
Stay tuned dan terus support Floq, ya! 🚀",2026-03-13 15:23:57,1.8.0
709f7d1b-a8cc-48ad-b499-86ef5af6b8e7,Ytu Truy,https://play-lh.googleusercontent.com/a/ACg8ocIO8mSkoNRZBAvy5F8NctI5qCKe-KT1aVdlJCS6PEFwXm1YEg=mo,"Aplikasi FLOQ sangat membantu saya dalam memahami dan memulai investasi kripto dengan mudah. Tampilannya sederhana, fiturnya lengkap, dan prosesnya juga cepat. Cocok untuk pemula maupun yang sudah berpengalaman. salah fitur yang saya suka adalah hanya dengan 1000 rupiah sudah bisa investasi di app Floq ,Semoga ke depannya semakin berkembang dan menghadirkan lebih banyak fitur menarik. dan semoga sehat selalu para karyawan nya amiiin (@yayanrozy) #InvestasiKripto",5,0,,2026-05-04 17:17:04,"Hai! Terima kasih banyak buat bintangnya!
Seneng banget bisa jadi bagian dari pengalaman Kakak yang menyenangkan

Kalau nanti ada yang mau ditanyain, keluh kesah, atau sekadar butuh bantuan, langsung aja ke fitur Live Chat di aplikasi Floq.

Stay happy dan semoga harimu semanis review Kakak tadi",2026-05-04 18:53:13,
e6d049ec-ef62-4423-9e62-c0cf367a7883,IKRAM NATION,https://play-lh.googleusercontent.com/a/ACg8ocLqf10DpSAImYYWcaoUhJNXWqSi1zar_I-ObvVw7nwBNT54cg=mo,"""Jujur, ini aplikasi trading paling smooth yang pernah gue coba. User friendly banget buat yang baru mau belajar investasi. Gak ada lag, tampilannya cakep, dan fiturnya lengkap. Wajib download!"" Kalau kamu punya fitur spesifik yang paling kamu suka (misalnya: grafik real-time, biaya admin rendah, atau kemudahan deposit), kamu bisa menambahkannya di ulasan tersebut agar pengembang tahu apa yang sudah bagus dari aplikasi mereka.@ramzfloq#investasikripto",5,0,,2026-04-15 18:39:57,"Hai! Terima kasih banyak buat bintangnya!
Seneng banget bisa jadi bagian dari pengalaman kamu yang menyenangkan

Kalau nanti ada yang mau ditanyain, keluh kesah, atau sekadar butuh bantuan, langsung aja ke fitur Live Chat di aplikasi Floq.

Stay happy dan semoga harimu semanis review kamu tadi",2026-04-15 20:00:26,
3409c4bd-84e2-4a07-9115-a39863ea3be6,FerryXrz KEYKAY,https://play-lh.googleusercontent.com/a-/ALV-UjUOfzjeZM-aF0WCjX6csGMJ8bsUWtfBBXmE3eE7IoBe1gVw-Mpy,"kok habis update kayak berat banget/delay saldo pun jadi nol kenapa ada apa ini apa masih dalam perbaikan, kalo dalam perbaikan tolong buatkan fiturnya lebih lengkap dan berkelas. terima kasih",5,0,,2026-05-14 04:04:13,"Hai!

Maaf banget ya atas kendala yang kamu alami.
Biar bisa kami bantu lebih lanjut, kamu bisa langsung hubungi tim support melalui fitur Live Chat di aplikasi Floq.
Terima kasih sudah sabar — kita akan pastikan prosesnya berjalan lancar secepat mungkin!",2026-05-14 05:23:30,
9ac0b08c-a0fe-4afb-9d07-5f50530006ca,An Hari,https://play-lh.googleusercontent.com/a-/ALV-UjXtFFFc915AcO8QWzesdhlrKOgAgGw6ens0CDcxq52dJFp5WmPl,Saya tidak sengaja ketemu teman beliau main FlOQ terus saya ikut mendwonlod teryata setelah saya coba buka mudah dan simple buat pemula dansudah mahir ternyata aplikasi FLOQ enak digunakan semoga buat generasi muda lebih memahami aplikasi FLOQ buat masa depannya dan untuk jangka panjang. @haria6771 #InvestasiKripto.,5,0,,2026-04-18 17:53:56,"Hai! Terima kasih banyak buat bintangnya!
Seneng banget bisa jadi bagian dari pengalaman Kakak yang menyenangkan

Kalau nanti ada yang mau ditanyain, keluh kesah, atau sekadar butuh bantuan, langsung aja ke fitur Live Chat di aplikasi Floq.

Stay happy dan semoga harimu semanis review Kakak tadi",2026-04-18 18:04:54,
4ba45102-6005-445b-807f-c1774119db8d,Rini Istiqmaliah,https://play-lh.googleusercontent.com/a/ACg8ocIOhEK2Y53iXJMfRsgtuR4_DPBQ6t7isjahLGG4eeUtSo89tA=mo,Apknya mudah dan simpel bagi pemula seperti saya yang usianya sudah 50 lewat dan tidak mau kalah untuk berinvestasi kripto seperti anak-anak muda lainnya. Ketika ada masalah cepat direspon oleh adminnya #InvestasiKripto,5,0,,2026-04-12 11:58:09,"Halo! Wah, terima kasih udah kasih rating bagus buat kami!
Seneng deh bisa jadi bagian dari perjalanan kamu di dunia kripto bareng FLOQ 💫
Butuh bantuan atau mau ngobrol? Tim kita siap sedia di Live Chat aplikasi!
Semoga harimu seceria pesan yang kamu kirim tadi ya ✨",2026-04-12 12:04:26,
4d5161b0-8bdf-409d-b679-5821733dcda6,Mood Booster,https://play-lh.googleusercontent.com/a-/ALV-UjUBwcapVXAp6NSqs8BJAJrZIVr0NRV2P2TXepkxdoAhMwOajLM,"FLOQ rekomendasi banget buat yang suka trading crypto,aplikasinya simple mudah di pahami mudah di pelajari,pokoknya the best ,dan yang paling penting penarikannya cepet,dan yang paling saya suka fitur Real-Time WD dan depositnya,Gak peduli hari libur atau tengah malam,dana masuknya cepet banget ke rekening Bank Lokal,UI nya juga bagus banget cocok untuk trader harian!!!",5,0,,2026-04-13 14:14:13,"Hai! Terima kasih banyak buat bintangnya!
Seneng banget bisa jadi bagian dari pengalaman kamu yang menyenangkan 💫
Kalau nanti ada yang mau ditanyain, keluh kesah, atau sekadar butuh bantuan, langsung aja ke fitur Live Chat di aplikasi Floq.
Stay happy dan semoga harimu semanis review kamu tadi~ ✨",2026-04-13 14:17:36,
c07f7fd6-02de-42e7-8774-ea4aa340d6a8,novan,https://play-lh.googleusercontent.com/a-/ALV-UjUAbiWrNoxgi3cOeSK2KK4HxvI-uGXVMxRMslo_NC-t7qhAdDGV,"baru tahu banget ada aplikasi crypto bagus di indonesia, banyak juga pilihan coin dan yang utama adalah ui/ux yang user friendly banget jadi mudah banget baca nya,top emang floq. @ovannai #InvestasiKripto",5,0,,2026-04-13 10:37:57,"Haiii, makasih banyak udah sempetin kasih review! 🌟
Kita seneng banget bisa nemenin perjalanan kamu bareng FLOQ
Kalau nanti ada yang bikin bingung, pengen tanya-tanya, atau cuma mau say hi, langsung aja ke Live Chat ya!
Semoga hari kamu secerah semangatnya ✨",2026-04-13 11:01:04,
165152d6-927a-4640-87e7-3e97e5617841,bilkis salsabila,https://play-lh.googleusercontent.com/a-/ALV-UjW5kmiwr6kao19r3VqJtRlqLo_XxZAtzQgjLCsare4vGU3ipgU,"Floq terlalu mudah untuk mengakses akun, jadi agak khawatir soal keamanan. Harap ada peningkatan di sistem proteksi biar lebih aman ke depannya. @ryan668 #InvestasiKripto# #WaspadaKripto",5,0,,2026-04-18 11:13:03,"Hai!
Tenang aja, keamanan data Kakak jadi prioritas utama kami di FLOQ.
Semua data pribadi dijaga ketat dan nggak akan dibagikan tanpa izin Kakak.

FLOQ juga udah pakai sistem keamanan berlapis supaya aktivitas Kakak tetap aman dan terjaga privasinya.
Kalau masih ada yang bikin khawatir, boleh banget tanya-tanya via Live Chat ya!",2026-04-18 14:35:32,
0245c6a3-d70f-4019-ad13-fc082d87fbab,Enung Nurasiah,https://play-lh.googleusercontent.com/a/ACg8ocIp_Fb7EbI45_Bz7V-rd1k0yYCJjEPhijs0RLa72gdMoPTTsQ=mo,"Awalnya cuma coba-coba, tapi ternyata FLOQ bikin pengalaman investasi jadi seseru ini. Dari proses daftar sampai mulai investasi, semuanya terasa ringkas dan nggak ribet. Buat saya yang bukan expert di dunia kripto, fitur-fitur di FLOQ membantu banget buat memahami langkah demi langkah tanpa bikin pusing. Rasanya seperti punya “teman digital” yang ngebimbing investasi dengan cara yang simpel tapi tetap powerful. Worth it banget buat dicoba! @enungnurasiah #InvestasiKripto",5,0,,2026-05-06 08:31:40,"Hai! Terima kasih banyak buat bintangnya!
Seneng banget bisa jadi bagian dari pengalaman kamu yang menyenangkan
Kalau nanti ada yang mau ditanyain, keluh kesah, atau sekadar butuh bantuan, langsung aja ke fitur Live Chat di aplikasi Floq.
Stay happy dan semoga harimu semanis review kamu tadi~",2026-05-06 08:38:49,
34c1af04-996b-4c5f-9541-add61dc50a42,Ardhiyana,https://play-lh.googleusercontent.com/a-/ALV-UjVbgKVyFt1sSQLqJBjq06WfIeaGQxso0tPj-GUMpoF9uGeHLpVZ,"menurut saya masih bnyak yang hrus di ralat,semacam koin aja masih trbatas dan kurang update,tampilan grafik tidak bagus pergerakan hrga jdi tidak terlihat",3,4,1.10.0,2026-03-01 17:01:19,"Hai! 👋
Soal fitur Futures dan koin, noted banget ya! Tim kami terus berusaha mengembangkan fitur-fitur dan koin baru, jadi semoga bisa segera hadir dan lebih bagus.
Stay tuned dan terus support Floq, ya! 🚀
Terima kasih atas feedback-nya! 💛",2026-03-01 17:08:47,1.10.0
a02db253-aa73-4f7c-9461-9ea819d6dd3a,Risk The new gen,https://play-lh.googleusercontent.com/a/ACg8ocLEHXxFl9ok-kUbkNUZAhlp3ncRWaq-CGMCZxamSmmEBu5Yew=mo,"aplikasinya mudah dan sederhana tapi banyak altcoin yg belum ada ,jadi peluang ga optimal ,kalau lengkap mungkin ini exchange yg terbaik",3,0,,2026-03-23 14:02:59,"Hai! 👋
Terima kasih banyak untuk review positifnya! Senang banget tahu kamu suka dengan aplikasi Floq.
Soal fitur Futures, noted banget ya! Tim kami terus berusaha mengembangkan fitur-fitur baru, jadi semoga bisa segera hadir.
Stay tuned dan terus support Floq, ya! 🚀",2026-03-23 14:08:30,
8ee41251-ec6f-4b8a-8763-9a665139fe16,Arulyoi Aja,https://play-lh.googleusercontent.com/a/ACg8ocIzuQDevsLyzb2WvsbIAckLxDSDqgiU7N1PD2YPLFhM-Rqu_Q=mo,menurut saya broker floq ini sangat cocok untuk orang yang mau belajar investasi dengan memiliki modal seadanya dan fitur deposit juga praktis tambah fee broker atau biaya admin waktu deposit itu sangat kecil. the best dahh pokoknya bintang 5🤩🤩🥳🥳 dengan adanya floq saya bisa melakukan investasi dengan aman dan nyaman@kingrulzz,5,0,,2026-04-14 10:54:32,"Hai! Terima kasih banyak buat bintangnya!
Seneng banget bisa jadi bagian dari pengalaman kamu yang menyenangkan 💫
Kalau nanti ada yang mau ditanyain, keluh kesah, atau sekadar butuh bantuan, langsung aja ke fitur Live Chat di aplikasi Floq.
Stay happy dan semoga harimu semanis review kamu tadi~ ✨",2026-04-14 11:11:00,
56de23bc-a058-4989-9473-3c58e3825072,Putri Amalia Salsabilah,https://play-lh.googleusercontent.com/a-/ALV-UjVnlgXideR1Z2jo4d_yJOGf9XmaZg2kmWCBHWcrqqWdZUEa8_q9,grafiknya gak bisa muncul padahal sinyal bagus saya pengguna lama jadi kecewa pindah ke triv aja jelas grafiknya bisa muncul terima kasih,1,4,1.10.0,2026-02-28 13:54:40,"Hai! 👋
Maaf banget kalau ada error di tampilan aplikasi.
Coba update dulu ke versi terbaru dan pastikan koneksi internet stabil ya
Kalau masih bermasalah, langsung aja hubungi tim support lewat Live Chat di aplikasi Floq atau kamu bisa menghubungi kami melalui email customerservice@floq.id  biar bisa kami bantu cek lebih lanjut 💛",2026-02-28 14:05:54,1.10.0
f4cd82ab-bd22-40e7-8388-07ff08c84a96,aidil yasin3,https://play-lh.googleusercontent.com/a-/ALV-UjX71E00RyAad5X0ep-3SQctBd6NUBrOXA-enrcS1T0ITuwmxsEK,"“Floq sangat membantu untuk mulai investasi dengan mudah. Tampilan aplikasinya simpel, cocok untuk pemula. Proses daftar juga cepat dan fiturnya cukup lengkap.”",5,0,,2026-04-21 11:53:49,"Hai! Terima kasih banyak buat bintangnya!
Seneng banget bisa jadi bagian dari pengalaman Kakak yang menyenangkan

Kalau nanti ada yang mau ditanyain, keluh kesah, atau sekadar butuh bantuan, langsung aja ke fitur Live Chat di aplikasi Floq.

Stay happy dan semoga harimu semanis review Kakak tadi",2026-04-21 12:48:38,
4268d422-42a4-47bb-aeda-af6654757c54,Enggar Paviliun Music,https://play-lh.googleusercontent.com/a-/ALV-UjXU8k9NHhvOyMt1c0wocmj_L774TYCKKO6KQy-sokHf8rR5i6yp,Aplikasi investasi aset kripto terbaik menurutku. Karena biaya pelayanan termurah dan paling mudah digunakan. Cicil bitcoin di floq aja! @enggarpaviliun #InvestasiKripto,5,0,,2026-04-11 05:29:45,"Hai! Terima kasih banyak buat bintangnya!

Seneng banget bisa jadi bagian dari pengalaman kamu yang menyenangkan.

Kalau nanti ada yang mau ditanyain, keluh kesah, atau sekadar butuh bantuan, langsung aja ke fitur Live Chat di aplikasi Floq.

Stay happy dan semoga harimu semanis review kamu tadi~",2026-04-11 06:59:38,
69b08988-27f7-467a-98e2-69e2e9f79096,Eko Purnomo,https://play-lh.googleusercontent.com/a-/ALV-UjUQIYQUU96SNNfGQ8Q_BhDBbMqENfZQhScY4VW9Xx7VbqEXpXoi,"Saya Sudah Mendownload Aplikasinya , Saya Ingin Belajar Tentang Tradingnya Dan Mencoba Untuk Melihat Chart , Tetapi Waktu Masuk Untuk Ke Trade Di Aplikasinya Kok Gak Bisa Liat Chartnya Cuma Hanya Ada Jual Dan Beli. Sama Seperti Menabung Dan Menunggu Harga Naik Begitu. Terima Kasih.",3,8,1.7.2,2025-12-26 20:39:25,"Hai! Terima kasih banyak buat bintangnya!
Seneng banget bisa jadi bagian dari pengalaman kamu yang menyenangkan 💫
Kalau nanti ada yang mau ditanyain, keluh kesah, atau sekadar butuh bantuan, langsung aja ke fitur Live Chat di aplikasi Floq.
Stay happy dan semoga harimu semanis review kamu tadi~ ✨",2025-12-27 02:20:56,1.7.2
cc0e4664-f368-456d-8151-96fa6c004de4,M RAGIT FIRMANSYAH,https://play-lh.googleusercontent.com/a/ACg8ocJCHxAAyWT2NTEqIOJDFEr_M5C7dzI1C6VCYKDWgCAHP_n9Npw=mo,udah bagus apk nya saran Adain market future nya aja,5,0,1.14.4,2026-06-19 04:11:50,"Hai! Terima kasih banyak buat bintangnya!

Seneng banget bisa jadi bagian dari pengalaman kamu yang menyenangkan 💫

Kalau nanti ada yang mau ditanyain, keluh kesah, atau sekadar butuh bantuan, langsung aja ke fitur Live Chat di aplikasi Floq.

Stay happy dan semoga harimu semanis review kamu tadi~ ✨",2026-06-19 04:23:45,1.14.4
79ba871d-ae95-4238-b7bb-1b0a09d0b8f9,Agung ginanjar,https://play-lh.googleusercontent.com/a-/ALV-UjX_F9HO5Gna-qKDdw142JCAbP4s3NDCRV2VHMuigyrOTodHmXqh,"Sangat Mudah dan Terpercaya! Saya baru mencoba investasi kripto, dan FLOQ benar-benar membuat segalanya menjadi sederhana. Proses registrasi dan KYC cepat, antarmuka ramah pemula, serta transaksi yang lancar. Dalam hitungan menit, saya sudah bisa mulai investasi dengan aman. Rekomendasi untuk siapa pun yang ingin mulai investasi kripto tanpa ribet! Username FLOQ: raharjo12 #InvestasiKripto",5,0,1.11.0,2026-04-10 14:59:35,"Haiii, makasih banyak udah sempetin kasih review! 🌟
Kita seneng banget bisa nemenin perjalanan kamu bareng FLOQ
Kalau nanti ada yang bikin bingung, pengen tanya-tanya, atau cuma mau say hi, langsung aja ke Live Chat ya!
Semoga hari kamu secerah semangatnya ✨",2026-04-10 15:06:57,1.11.0
d3808258-a586-463f-867c-526ffbca3bcd,Suhendi Hendi,https://play-lh.googleusercontent.com/a-/ALV-UjWSp32VsP30SHBKkMoy2V6-6YvSpeF3TIjK607HY2z_zgSfMoU,aplikasi floq sangat membantu untuk berinvestasi dengan lengkap aset crypto dan aman di awasi oleh OJK dan bapepti serta transaksi lancar di ada kendala. buat yang masih nunggu berinvestasi di aplikasi floq jangan diragukan lagi 🩵🚀,5,0,,2026-05-12 09:18:27,"Hai! Terima kasih banyak buat bintangnya!
Seneng banget bisa jadi bagian dari pengalaman Kakak yang menyenangkan 💫
Kalau nanti ada yang mau ditanyain, keluh kesah, atau sekadar butuh bantuan, langsung aja ke fitur Live Chat di aplikasi Floq.
Stay happy dan semoga harimu semanis review kamu tadi~ ✨",2026-05-12 09:30:25,
cfa7e490-89a5-4de6-bfe9-734dec1f619c,Rohaini Jepara,https://play-lh.googleusercontent.com/a/ACg8ocITUOV_E6xz4mMJoIpv-Tk4oaNWMPbiEso-p-AZn98Mlrj8mQ=mo,"Sebagai pemula, saya sangat terbantu dengan antarmuka aplikasi FLOQ yang ramah pengguna. Fitur keamanannya juga terjamin, membuat proses jual beli kripto jadi lebih mudah dan nyaman.#AplikasiCrypto",5,0,,2025-11-12 04:27:39,"Halo! Wah, terima kasih udah kasih rating bagus buat kami!
Seneng deh bisa jadi bagian dari perjalanan kamu di dunia kripto bareng FLOQ 💫

Butuh bantuan atau mau ngobrol? Tim kita siap sedia di Live Chat aplikasi!
Semoga harimu seceria pesan yang kamu kirim tadi ya ✨",2025-11-12 04:33:19,
f775e1fa-96f5-45e3-aa6a-89c3e3532a90,RISS Gaming,https://play-lh.googleusercontent.com/a-/ALV-UjWcZTyBA4ir-qeWcHoZwNIRXbJ_r4SOuzKCcmbinp1CpSl-33Y,kapan coin kaspa bisa hadir di flog? saya mau guna cuma apk kaspa belum hadir.,5,0,1.13.1,2026-05-07 22:53:25,"Hai!
Terima kasih banyak untuk review positifnya! Senang banget tahu kamu suka dengan aplikasi Floq.
Soal koin Kaspa, noted banget ya! Tim kami terus berusaha mengembangkan fitur dan koin baru, jadi semoga bisa segera hadir.
Stay tuned dan terus support Floq, ya!",2026-05-08 00:53:04,1.13.1
bcf332f4-9db3-44cf-8598-2a955fa0b007,Wildan Azka,https://play-lh.googleusercontent.com/a-/ALV-UjUxrdwmJSgNN7xKFIfAi1oi_1DqiiKnnXmDv7w3t7M6BGeDdO8,"Bank BNI kenapa tidak ada untuk deposit? terimakasih, semoga di respon",5,1,1.12.0,2026-05-01 04:45:02,"Hai!
Maaf banget ya atas kendala yang kamu alami.
Biar bisa kami bantu lebih lanjut, kamu bisa langsung hubungi tim support melalui fitur Live Chat di aplikasi Floq.
Terima kasih sudah sabar — kita akan pastikan prosesnya berjalan lancar secepat mungkin! ✨",2026-05-01 04:58:24,1.12.0
be7eb7f5-63a0-41fb-bd38-d73c48913a9b,Fan Soffan,https://play-lh.googleusercontent.com/a/ACg8ocJFvJrIxacUUUdex-NKTiA7iab92JksPkg0qZAu6-Jw0wemlg=mo,di akun saya total yg saya investasikan (riwayat transaksi) sama yg dikanan bawah nomisalnya berbeda saran saya kasih total keseluruhan jumlah yg di investasikan dan total kerugian perharga brc contoh semisal saya rugi 1.000.000 habis itu per detik atau sekian menit brc naik total kerugiannya berbeda tapi di aplikasi floq tdk ada seperti itu. cs slow respon banget.,2,3,1.9.0,2026-02-05 04:14:57,"Hai!
Maaf ya atas kendala yang kamu alami di aplikasi Floq. Bisa tolong jelaskan lebih detail mengenai masalahnya? Kami siap membantu kamu lewat fitur Live Chat di aplikasi.
Kalau masalahnya sudah teratasi, kami akan sangat menghargai jika kamu bersedia memperbarui ulasannya.
Terima kasih banyak atas feedback kamu! 💛",2026-02-05 04:23:05,1.9.0
54670db5-a8c5-4095-9ac4-3202a1d2f453,zikril zikril,https://play-lh.googleusercontent.com/a-/ALV-UjWH4spAlAqfDAkSTlhiTvbbb2CSudHdmvq51wUKwWL2U_9gP4s,belajar sama aplikasi yg ada OJK nya lebih yakin,4,0,1.15.2,2026-06-30 05:29:31,"Hai! 👋

Maaf ya kalau Kakak mengalami kendala.

Jika Kakak punya keluh kesah, silakan hubungi tim support lewat Live Chat di aplikasi Floq atau kamu bisa menghubungi kami melalui email customerservice@floq.id biar bisa kami bantu langsung 💬💛",2026-06-30 05:50:23,1.15.2
b4e9ca60-74ab-4ea8-9122-3903898f8311,Ibnu Wijayanto,https://play-lh.googleusercontent.com/a-/ALV-UjUDUBKqG8VqkcNzQW1wok_NSFW6CyB8AFhV1MnUoHn808hHc1dm,masih bnyk yg perlu diperbaiki di aplikasi ini. seperti. 1.limit order tdk ada. 2.harga jual dan harga berli di waktu yg sama berbeda. 3.grafik kurang lengkap. dll,3,12,1.7.2,2025-12-16 22:07:53,"Hai! 👋
Terima kasih banyak untuk review positifnya! Senang banget tahu kamu suka dengan aplikasi Floq.
Soal fitur Futures, noted banget ya! Tim kami terus berusaha mengembangkan fitur-fitur baru, jadi semoga bisa segera hadir.
Stay tuned dan terus support Floq, ya! 🚀",2025-12-17 00:13:32,1.7.2
b14912aa-8f82-4baa-a5f5-a2c73b1575a0,Prisca Ananda,https://play-lh.googleusercontent.com/a-/ALV-UjWZhrc8vBFyjkp6bp6YRxPBHdTXjehKD4F99SQqFOmBil_Nt97Y5g,"aplikasi floq ini aplikasi crypto indonesia yang sangat terpercaya, fitur²nya user firendly dan cocok banget buat yang lagi pertama kali untuk belajar trading, transaksi juga sangat cepat sat set. rekomendasi banget!!!",5,0,,2025-11-01 10:02:48,"Hai! Terima kasih banyak buat bintangnya!
Seneng banget bisa jadi bagian dari pengalaman kamu yang menyenangkan 💫
Kalau nanti ada yang mau ditanyain, keluh kesah, atau sekadar butuh bantuan, langsung aja ke fitur Live Chat di aplikasi Floq.
Stay happy dan semoga harimu semanis review kamu tadi~ ✨",2025-11-01 10:37:49,
dbcb9c3c-d2f9-4b10-abed-9ee383acd6f8,daffa farash,https://play-lh.googleusercontent.com/a-/ALV-UjV2qen1LaG5L722yjM5OMuPvUhJA8l03RWnR2kz0jvoCD8EVrUD,mengapa tidak bisa login Google baru baru ini? apakah sedang maintenance?? tolong benerin dongg,2,0,1.16.0,2026-07-13 16:26:32,,,1.16.0
5df2d713-dc6b-43ea-b988-1fdd36ab77ab,Ramdani AlHusien,https://play-lh.googleusercontent.com/a/ACg8ocLJtNUtcNc3S4DSE5lj5cdmwdE8JaNFVnNsZZ0PQOAo7p2bKw=mo,sangat cocok untuk pemula yang mau Inves crypto👍🏻,5,0,1.14.4,2026-06-09 14:12:40,"Hai! Terima kasih banyak buat bintangnya!
Seneng banget bisa jadi bagian dari pengalaman Kakak yang menyenangkan

Kalau nanti ada yang mau ditanyain, keluh kesah, atau sekadar butuh bantuan, langsung aja ke fitur Live Chat di aplikasi Floq.

Stay happy dan semoga harimu semanis review Kakak tadi
",2026-06-09 14:55:09,1.14.4
5d3363e6-cc06-4f39-960f-6e11e0ee0ffb,Rif Akun gg,https://play-lh.googleusercontent.com/a/ACg8ocKtk8_4x-pTSbLLtCK4d6lsJXe4iuZ2jlW256f665i7B9EgrQ=mo,Exchange yang bagus mudah di pahami dan sistem penarikan yang mudah good job floq #investasikripto #ULASAN TERBAIK. username floq ( ariefawam25 ). terimakasih floq,5,0,,2026-04-13 18:17:49,"Hai! Terima kasih banyak buat bintangnya!
Seneng banget bisa jadi bagian dari pengalaman kamu yang menyenangkan 💫
Kalau nanti ada yang mau ditanyain, keluh kesah, atau sekadar butuh bantuan, langsung aja ke fitur Live Chat di aplikasi Floq.
Stay happy dan semoga harimu semanis review kamu tadi~ ✨",2026-04-13 18:23:39,
02d70f5a-beb6-47ab-9c43-c09aec271c71,Argha,https://play-lh.googleusercontent.com/a/ACg8ocJ0lz6ncEjjmbzIK8F4FIihQbgQg25tDZ2UzINLf7dYMxq56Q=mo,"floQ bagus,cerdas,jujurdan baik di gunakan untuk semua kalangan... ayo gabung bosqu...",5,0,1.13.1,2026-05-05 13:35:47,"Haiii, makasih banyak udah sempetin kasih review!
Kita seneng banget bisa nemenin perjalanan kamu bareng FLOQ
Kalau nanti ada yang bikin bingung, pengen tanya-tanya, atau cuma mau say hi, langsung aja ke Live Chat ya!
Semoga hari kamu secerah semangatnya",2026-05-05 13:59:39,1.13.1
63aa2aa5-7159-4f60-b4fb-8392c02304d0,AFRIZA01,https://play-lh.googleusercontent.com/a-/ALV-UjU041KYcKs-Qefuf6tAPbRKtL0rnyOGs2Epfnpot5wxkZIk7S-y,sangat sat set sat set cepat dan mudah,5,0,1.11.0,2026-04-12 11:47:21,"Hai! Terima kasih banyak buat bintangnya!
Seneng banget bisa jadi bagian dari pengalaman kamu yang menyenangkan

Kalau nanti ada yang mau ditanyain, keluh kesah, atau sekadar butuh bantuan, langsung aja ke fitur Live Chat di aplikasi Floq.

Stay happy dan semoga harimu semanis review kamu tadi",2026-04-12 11:54:25,1.11.0
2a2af9a8-ca79-4290-930d-f56ad970a11c,Ahmad Jaya Wiguna,https://play-lh.googleusercontent.com/a/ACg8ocKw8HhikUl8v2zHUgknVig2whUQGk40pOlu3req4jA7hIG6Rw=mo,"Sejauh ini sih sudah lumayan cukup baik dan bagus cuman kalo boleh saran nih min floq Untuk update bulan depan atau selanjutnya Adain fitur buy and sell, di hari yang di inginkan atau ditentukan sendiri lebih jelas nya Automatic Order, biar pemula yang baru sekali terjun investasi bisa menerapkan strategi Dollar Cost Averaging (DCA), segitu aja sih min floq semoga bisa di pertimbangkan saran dari aku🙏🏻",5,0,,2025-12-17 17:41:54,"Hai! 👋
Terima kasih banyak untuk review positifnya! Senang banget tahu kamu suka dengan aplikasi Floq.
Soal fitur Futures, noted banget ya! Tim kami terus berusaha mengembangkan fitur-fitur baru, jadi semoga bisa segera hadir.
Stay tuned dan terus support Floq, ya! 🚀",2025-12-18 00:01:27,
742a6059-6db7-46f1-af61-b88e15c61b9f,Rifa Alfaruqi,https://play-lh.googleusercontent.com/a-/ALV-UjULkfMYqKBwRQIJovnyKFW1yqCCTeyi3ZphOQG6pPnzGP9OMhjM,"baru pertama kali download apk floq dan baru pertama kali ikutan investasi di btc,semoga tidak ada kendala di apk floq ini untuk jangka panjang kedepanny, untuk apk nya mudah di gunakan dan dinavigasi, sukses terus buat yang punya apk dan tim nya🙏",5,0,,2026-07-01 12:16:35,"Halo! Wah, terima kasih udah kasih rating bagus buat kami!
Seneng deh bisa jadi bagian dari perjalanan kamu di dunia kripto bareng FLOQ 💫
Butuh bantuan atau mau ngobrol? Tim kita siap sedia di Live Chat aplikasi!
Semoga harimu seceria pesan yang kamu kirim tadi ya ✨",2026-07-01 17:29:04,
7458aa47-50a4-4138-a731-d7fc8ff94391,Adhi Phillip,https://play-lh.googleusercontent.com/a/ACg8ocIoL3H6B65CNInjZhQ6vcyDChjm0izMNMQCOzJSqgOAwSsNoQ=mo,kasih total P&L dong biar tau turun apa naik aset kita,3,0,1.17.0,2026-07-24 14:04:04,"Terima kasih atas masukan yang diberikan. Mohon maaf atas ketidaknyamanan yang dialami.

Saat ini fitur Total P&L sedang dalam proses pemeliharaan sistem sehingga belum dapat ditampilkan secara normal. Tim kami sedang melakukan penanganan dan akan segera memberikan informasi terbaru melalui laman resmi FLOQ setelah fitur kembali tersedia.
Apab...",2026-07-24 14:15:35,1.17.0
92121ab7-f273-4138-baa4-0b1eedc51a8b,Wira 0790,https://play-lh.googleusercontent.com/a/ACg8ocLNRIJEjWlODfcthTYq3qzhoOWy7IzgPCaDPw_WLoT72nmmiA=mo,elleh mau daftar ribet amat males gw hapus aja lah,1,0,1.18.0,2026-08-11 05:15:33,"Hai! 👋
Maaf ya atas kendala saat daftar akun di Floq. Yuk, langsung hubungi tim support lewat Live Chat di aplikasi atau kamu bisa menghubungi kami melalui email customerservice@floq.id biar bisa kami bantu lebih cepat.

Kalau sudah berhasil, kami akan senang banget kalau kamu mau update review-nya.
Makasih banyak atas dukungannya! 💛",2026-08-11 06:00:51,1.18.0
47cea742-763a-44aa-9a91-1db07274dcf3,Alpian Nor,https://play-lh.googleusercontent.com/a/ACg8ocK8_p54FHeUWOsP1Y29gJ--mlke__LJkOad7uttLrHybopRMA=mo,error blm bisa di buka,5,0,1.18.0,2026-08-04 05:18:35,"Hai Kak, terima kasih atas rating dan dukungannya untuk Floq.

Mohon maaf atas ketidaknyamanan yang Kakak alami. Berkaitan dengan kendala aplikasi  Floq yang sebelumnya belum bisa dibuka kami informasikan untuk pemeliharaan sistem saat ini sudah selesai ya, Kak, dan aplikasi Floq sudah dapat digunakan kembali seperti biasa. Jika masih mengalami...",2026-08-05 01:15:54,1.18.0
f8f63ccb-1156-4a65-9e27-cabd47f36371,Key,https://play-lh.googleusercontent.com/a/ACg8ocJ06eM30X7LA6ks3g-CeXbe8gDNIgDZZh48P7wp-7krZxsZBA=mo,"Saya baru saja mencoba aplikasi trading crypto yang sangat mudah digunakan, bahkan untuk pemula seperti saya! Dengan aplikasi ini, saya bisa beli crypto dan jual crypto dengan sangat mudah dan cepat. Saya sangat puas dengan pengalaman menggunakan aplikasi ini, dan saya merekomendasikan aplikasi ini. #AplikasiCrypto",5,0,,2025-11-02 07:45:08,"Hai! Terima kasih banyak buat bintangnya!
Seneng banget bisa jadi bagian dari pengalaman kamu yang menyenangkan 💫

Kalau nanti ada yang mau ditanyain, keluh kesah, atau sekadar butuh bantuan, langsung aja ke fitur Live Chat di aplikasi Floq.

Stay happy dan semoga harimu semanis review kamu tadi~ ✨",2025-11-03 00:40:58,
51031304-69ab-48a1-a4e8-c86e1fe6ec5e,Never Foxconn,https://play-lh.googleusercontent.com/a-/ALV-UjUqyJasJUHeSoxZ-7yFtQvJRWVnMkogu04cEHkkLvESjNOWdKM,"Aplikasinya mudah di gunakan dan mudah di mengerti, dan untuk whitedraw sangat cepat",5,0,,2026-05-30 11:39:00,"Hai! Terima kasih banyak buat bintangnya!
Seneng banget bisa jadi bagian dari pengalaman Kakak yang menyenangkan

Kalau nanti ada yang mau ditanyain, keluh kesah, atau sekadar butuh bantuan, langsung aja ke fitur Live Chat di aplikasi Floq.

Stay happy dan semoga harimu semanis review Kakak tadi",2026-05-30 12:18:23,
58f3519b-bcd7-40e8-9ed2-c825db1148b9,Radith Dekan,https://play-lh.googleusercontent.com/a/ACg8ocKJv77BluBkd0nkd4iaiTfcTG0Dc6a0wf8wz15_MEL8eM3bQIY=mo,sedikit saran tanmbahin gambaran portofoliony dong,5,0,1.17.0,2026-08-02 16:01:39,"Hai! Terima kasih banyak buat bintangnya!
Seneng banget bisa jadi bagian dari pengalaman Kakak yang menyenangkan

Mohon maaf atas ketidaknyamanannya Kak. Terima kasih atas saran dan masukan terkait gambaran portofolio. Kami informasikan saat ini sedang terjadi pemeliharaan sistem untuk fitur PNL. Kami akan segera memberikan informasi terbaru ter...",2026-08-02 16:19:29,1.17.0
ef2433d9-f534-4e7a-ae53-a6e14a9460d4,Madz Ridz,https://play-lh.googleusercontent.com/a/ACg8ocKnoA_AftJw73QXE_iYDXLQ5uP9Tkp92LuCFKdUVSoDewj1Bw=mo,"apk sampah, withdraw ke aplikasi Dana gak bisa-bisa semua sudah sesuai syarat, tapi masih aja tidak bisa. jangan install apk ini bro!!",1,0,,2026-04-17 13:01:11,"Hai!
Maaf ya atas kendala yang kamu alami. Yuk, langsung hubungi tim support lewat Live Chat di aplikasi atau kamu bisa menghubungi kami melalui email customerservice@floq.id biar bisa kami bantu lebih cepat.
Kalau sudah teratasi, kami akan senang banget kalau kamu mau update review-nya
Makasih banyak atas dukungannya!",2026-04-17 13:14:31,
5de73c3b-b708-49e9-a434-37d5d061afb1,Anggito Cengik stark,https://play-lh.googleusercontent.com/a-/ALV-UjXM0smC0vhPLy5eCduwZ2kM4Hd3M1FZmNSHLTLZ1RIusxVcZKE,"menurut saya, cukup mudah di mengerti bagi saya yang benar2 ingin belajar investasi. namun penarikan harus pakai rekening bank, dan saya belum punya hahaha. untuk pembelian koin kaspa tolong dong kapan di rilis, btw koin tersebut mau meroket Wkwkwk",4,2,1.7.2,2026-01-05 02:31:38,"Hai! 👋
Terima kasih banyak untuk review positifnya! Senang banget tahu kamu suka dengan aplikasi Floq.
Soal fitur Futures, noted banget ya! Tim kami terus berusaha mengembangkan fitur-fitur baru, jadi semoga bisa segera hadir.
Stay tuned dan terus support Floq, ya! 🚀",2026-01-05 03:12:40,1.7.2
53af24c8-aba5-42e9-bb64-56065951a1db,Muhamad Iqbal,https://play-lh.googleusercontent.com/a/ACg8ocJL1xQTD7pT5jMeMgTvM0ZYXs0PG54jMXefuDmziOKmL1aJyg=mo,udah pasti aman ini mah mantep pokonya nyaman gampang satset proses nya@MUHAMAD IQBAL ROMADON#investasikripto,5,0,1.12.0,2026-04-15 13:17:51,"Hai! Terima kasih banyak buat bintangnya!
Seneng banget bisa jadi bagian dari pengalaman kamu yang menyenangkan 💫
Kalau nanti ada yang mau ditanyain, keluh kesah, atau sekadar butuh bantuan, langsung aja ke fitur Live Chat di aplikasi Floq.
Stay happy dan semoga harimu semanis review kamu tadi~ ✨",2026-04-15 13:24:49,1.12.0
a7ae2008-016e-4aa6-8fd1-1441862f4aee,Vio Ferlanda,https://play-lh.googleusercontent.com/a/ACg8ocJP6SpXBP_m4TShUijt7aPN2VFWvtXM_tRfkzzfiRfIRpot=mo,"gimana ya cara ngomong nya aplikasi ini ada pajaknya, gede itu sampai satu miliyar",5,0,1.13.1,2026-05-15 01:21:25,"Hai! Terima kasih banyak buat bintangnya!
Biar bisa kami bantu lebih lanjut, kamu bisa langsung hubungi tim support melalui fitur Live Chat di aplikasi Floq.
Terima kasih sudah sabar — kita akan pastikan prosesnya berjalan lancar secepat mungkin!",2026-05-15 01:33:40,1.13.1
bc4612b5-d127-43cf-b803-0758cd87a8ee,Abdur Rasyid 26,https://play-lh.googleusercontent.com/a-/ALV-UjUtitAO8u8l3znQi0I-3KeNRwV8xTPSl6UB_YC5YlGEZkd8SE-b,sangat bermanfaat dan mudah di pahami karna saya pemula 😁,5,0,1.12.0,2026-04-14 10:12:31,"Hai! Terima kasih banyak buat bintangnya!
Seneng banget bisa jadi bagian dari pengalaman kamu yang menyenangkan 💫
Kalau nanti ada yang mau ditanyain, keluh kesah, atau sekadar butuh bantuan, langsung aja ke fitur Live Chat di aplikasi Floq.
Stay happy dan semoga harimu semanis review kamu tadi~ ✨",2026-04-14 10:19:20,1.12.0
0c5786d7-ed98-4906-8f1c-3b5295852c3f,dwijayanto dwijayanto,https://play-lh.googleusercontent.com/a/ACg8ocJqPHKUYhwx1kz6o-3xivoSFX9FY2sltVb7VBaU_4FnnDhGGw=mo,"Saya baru pake dan mulai inves kecil""an, cukup memuaskan dengan aplikasinya. mohon di tingkatkan lagi aja untuk pelayananya, terima kasih.",4,0,,2026-06-30 09:19:12,"Haiii, makasih banyak udah sempetin kasih review! 🌟
Kita seneng banget bisa nemenin perjalanan kamu bareng FLOQ
Kalau nanti ada yang bikin bingung, pengen tanya-tanya, atau cuma mau say hi, langsung aja ke Live Chat ya!
Semoga hari kamu secerah semangatnya ✨",2026-06-30 16:27:33,
0c9df41a-f770-40bb-aa02-b7d6cca84928,Grit Intelligence,https://play-lh.googleusercontent.com/a-/ALV-UjU8-KvACET8Cfjwm253L8W2pt_w96evIr-EvieGm9Tm7mPzCdM,"cara kerjanya, aplikasinya, udah terbaik mudah simpel, dan peroses masuk uang dan tarik uang' judah dan simpel",5,0,,2026-06-29 18:13:22,"Hai! Terima kasih banyak buat bintangnya!
Seneng banget bisa jadi bagian dari pengalaman kamu yang menyenangkan 💫

Kalau nanti ada yang mau ditanyain, keluh kesah, atau sekadar butuh bantuan, langsung aja ke fitur Live Chat di aplikasi Floq.

Stay happy dan semoga harimu semanis review kamu tadi~ ✨",2026-06-29 21:52:55,
5b810c15-87a3-4083-80f4-cbdc9c316cc1,Ikhsan Iriawan,https://play-lh.googleusercontent.com/a-/ALV-UjVn11eypQ5dnX2zTIbbuyXwMGNOT9IgLhs1rlCwdGGe1Fy9mL0n,aplikasinya sangat bagus,5,0,1.17.0,2026-07-23 11:11:01,"Hai! Terima kasih banyak buat bintangnya!

Seneng banget bisa jadi bagian dari pengalaman kamu yang menyenangkan 💫
Kalau nanti ada yang mau ditanyain, keluh kesah, atau sekadar butuh bantuan, langsung aja ke fitur Live Chat di aplikasi Floq.

Stay happy dan semoga harimu semanis review kamu tadi~ ✨",2026-07-23 11:30:29,1.17.0
3a81efed-1b92-4bf2-a914-f12aeb8acdaf,Yusuf Kalla,https://play-lh.googleusercontent.com/a-/ALV-UjXKreQWPyQJaLG0y-5UQzrcYWbyfmFcbUK7S7NCh9xAS-0ZmOMH,tolong min penarikan akun saya di nonaktifkan tolong aktifkan kembali,1,0,1.15.2,2026-07-07 03:13:45,,,1.15.2
315de04c-ad3f-4a7e-a213-22093c18255a,Rian Setiawan,https://play-lh.googleusercontent.com/a-/ALV-UjWysMxctR7UzgFQeMRgxdE90rp3OoznxxlULGDRrOnnBwpOUGQ,buat pemula cukup mudah di pahami,5,0,1.11.0,2026-04-10 16:58:59,"Hai! Terima kasih banyak buat bintangnya!
Seneng banget bisa jadi bagian dari pengalaman kamu yang menyenangkan

Kalau nanti ada yang mau ditanyain, keluh kesah, atau sekadar butuh bantuan, langsung aja ke fitur Live Chat di aplikasi Floq.

Stay happy dan semoga harimu semanis review kamu tadi",2026-04-12 03:58:02,1.11.0
00621098-ebaf-4c8c-8036-657e0feddc96,Ali Khaydar (ALIKun.Syah),https://play-lh.googleusercontent.com/a-/ALV-UjWzSnyCEOR9NL-eZUW0XQ91lQHT00Alu0l6DO7HZZy3GYMgmzsJ,"terima kasih untuk tim floq yang sigap dan cepat atas keluhan customer,dan terima kasih email saya cepat dibahas,👍👍👍👍👍",5,0,1.12.0,2026-04-23 07:13:23,"Hai! Terima kasih banyak buat bintangnya!
Seneng banget bisa jadi bagian dari pengalaman kamu yang menyenangkan
Kalau nanti ada yang mau ditanyain, keluh kesah, atau sekadar butuh bantuan, langsung aja ke fitur Live Chat di aplikasi Floq.
Stay happy dan semoga harimu semanis review kamu tadi~",2026-04-23 07:18:55,1.12.0
30b317b6-55a5-4fb6-bf70-924c60d7ab76,Charlie McFadden Charlie McFadden,https://play-lh.googleusercontent.com/a/ACg8ocJXX-6xdgM8KmzYB1atUbb__EGrm5mzxmIFiPgbq9wmuYfQ8g=mo,"semenjak memakai aplikasi floq, membantu sangat mudah untuk berinvestasi,beli koin cuma 1000 Rp,dimn lgi klu lgi di floq, asli tmbh semangat berinvestasi klu gini😁, @chrs16 #investasikripto #investasicrypto",5,0,1.11.0,2026-04-11 11:59:08,"Hai! Terima kasih banyak buat bintangnya.

Seneng banget bisa jadi bagian dari pengalaman kamu yang menyenangkan.
Kalau nanti ada yang mau ditanyain, keluh kesah, atau sekadar butuh bantuan, langsung aja ke fitur Live Chat di aplikasi Floq.

Stay happy dan semoga harimu semanis review kamu tadi",2026-04-11 12:02:25,1.11.0
7dda8f1d-348e-45db-bc59-d9608fe805dc,Cndy Clr,https://play-lh.googleusercontent.com/a-/ALV-UjX4Lil9-0wyYprQW462LsltQDsV_zQPUnmSQP-kbb13kTZGQWQ,"FLOQ ini nggak cuma buat beli bitcoin biasa, tapi juga lengkap buat tranding crypto yang lebih serius. Aplikasi jual beli crypto ini sangat membantu aku memantau harga kapanpun dan investasi kripto jadi lebih terarah. Exchange crypto andalanku! #AplikasiCrypto",5,0,,2025-11-02 07:27:10,"Hai! Terima kasih banyak buat bintangnya!
Seneng banget bisa jadi bagian dari pengalaman kamu yang menyenangkan 💫

Kalau nanti ada yang mau ditanyain, keluh kesah, atau sekadar butuh bantuan, langsung aja ke fitur Live Chat di aplikasi Floq.

Stay happy dan semoga harimu semanis review kamu tadi~ ✨",2025-11-03 00:31:38,
73b48544-d5fa-4d46-b094-b1e16a364533,MakingNews GT,https://play-lh.googleusercontent.com/a-/ALV-UjWhdF_9VglLnAoJCu6a1tITx16o05vYcN1mMPX9N-CYBjnBLpY,"Aku juga suka karena bisa beli crypto dan jual crypto kapan aja tanpa ribet, prosesnya aman dan transparan. Cocok banget buat yang mau mulai investasi kripto atau cari exchange crypto terpercaya. Pokoknya ini aplikasi trading bitcoin terbaik menurutku, pengalaman aplikasi jual beli crypto yang memuaskan banget! #AplikasiCrypto",5,0,,2025-11-02 06:38:15,"Haiii, makasih banyak udah sempetin kasih review! 🌟
Kita seneng banget bisa nemenin perjalanan kamu bareng FLOQ
Kalau nanti ada yang bikin bingung, pengen tanya-tanya, atau cuma mau say hi, langsung aja ke Live Chat ya!
Semoga hari kamu secerah semangatnya ✨",2025-11-02 15:29:11,
