reviewId,userName,userImage,content,score,thumbsUpCount,reviewCreatedVersion,at,replyContent,repliedAt,appVersion
ac9b3d71-ba22-4229-9738-3bcfb86e07de,Cain Carl,https://play-lh.googleusercontent.com/a/ACg8ocIfRXLUn7lOcCBx-ky538Xo9RmkkviGDsEEv1Sax11VKTamxw=mo,"ini exchange udah bagus sebenarnya dari tampilan yang elegan dan simple, tolong di perhatikan lagi yang kurang itu chart time frame harus 24 jam real time dan spread jual beli nya jangan ketinggian asli udah bagus bgt soalnyaa ini floq , saya bisa prediksi bakal maju nih exchange tapi harus cepet berbenah nya dan dengerin. masukan",4,9,1.6.2,2025-12-04 16:58:53,"Hai! 👋
Terima kasih banyak untuk review positifnya! Senang banget tahu kamu suka dengan aplikasi Floq.
Noted banget ya! Tim kami terus berusaha mengembangkan fitur-fitur baru, jadi semoga bisa segera hadir.
Stay tuned dan terus support Floq, ya! 🚀",2025-12-04 17:03:27,1.6.2
5c0ae853-c345-41a5-bc9a-9d88f5ff1e8e,Billy Manzanares30,https://play-lh.googleusercontent.com/a-/ALV-UjWCL0JE3d1wdMXiTntXNbrTKcTqhpoX5APlVSK9UjgQyLuZca4,semoga aplikasinya ini bisa membuat teman teman yang ingin menabung bitcoin menjadi maju semua dan terimakasih telah memberikan akses untuk kita yang baru ingin memulai menabung bitcoin terimakasih semoga aplikasinya sukses dan maju terus .,5,22,1.6.2,2025-12-07 10:16:55,"Hai! Terima kasih banyak buat bintangnya!
Seneng banget bisa jadi bagian dari pengalaman kamu yang menyenangkan 💫
Kalau nanti ada yang mau ditanyain, keluh kesah, atau sekadar butuh bantuan, langsung aja ke fitur Live Chat di aplikasi Floq.
Stay happy dan semoga harimu semanis review kamu tadi~ ✨",2025-12-07 10:46:36,1.6.2
f5af056e-e72b-40ed-94d9-505c9b77e89d,ARief Iмам S,https://play-lh.googleusercontent.com/a-/ALV-UjUr02bnpEibVrlzAXW_c0uDWXmZ3UzPVL0R4npvb_Cw8petDcIP,"aplikasinya bagus, tampilannya simple, mudah dimengerti, ringan juga, tapi masih banyak yg harus di upgrade lagi, seperti pergerakan asset masih jauh dari realtime, jadi harga yang ada di floq sering tertinggal dari aplikasi realtime spt trading view atw coin marketcap, semoga dapat jadi masukan 🙏🏽",5,84,1.5.5,2025-10-31 11:39:17,"Hai! 👋
Terima kasih banyak untuk review positifnya! Senang banget tahu kamu suka dengan aplikasi Floq.
Soal fitur Futures, noted banget ya! Tim kami terus berusaha mengembangkan fitur-fitur baru, jadi semoga bisa segera hadir.
Stay tuned dan terus support Floq, ya! 🚀",2025-10-31 11:47:19,1.5.5
de131299-aa7e-4487-932a-97c3ad7ca6be,deden hendra,https://play-lh.googleusercontent.com/a/ACg8ocLf6ge6vssDprimV3C01kgwZT7P8kSXlSScv3eI-x5pl-HhnQ=mo,"saya kira ini bagus untuk investasi jangka panjang dengan pembelian kripto mulai Rp.1 ribu , hanya saja belum banyak pilihan pilihan kripto nya.dan belum banyak yang di listing..dan tambahkan lagi untuk deposit nya menggunakan QR.. supaya lebih simpel....",5,99,1.5.7,2025-11-19 10:13:56,"Hai! 👋
Terima kasih banyak untuk review positifnya! Senang banget tahu kamu suka dengan aplikasi Floq.
Soal fitur Futures, noted banget ya! Tim kami terus berusaha mengembangkan fitur-fitur baru, jadi semoga bisa segera hadir.
Stay tuned dan terus support Floq, ya! 🚀",2025-11-19 10:17:07,1.5.7
b59d2125-78c9-433b-9d1b-be514006f7ec,ravi Wijaya,https://play-lh.googleusercontent.com/a-/ALV-UjW4wgWIfVQuIw2xjGa9p0uGJRXApARG9EIHILVVdEXrfV2u2QcoIw,"sekarang makin aneh lagi, setiap isi saldo lewat koin crypto, atau transfer koin crypto, selalu di tolak oleh floq, dan uangnya hilang. di floq di tolak, di exchange atau hot wallet lainnya pun tidak kembali saldonya. .. pas awal rilis doang bagusnya nih floq",1,43,1.6.1,2025-11-28 15:50:56,"Hai! 👋
Maaf ya atas kendala yang kamu alami. Yuk, langsung hubungi tim support lewat Live Chat di aplikasi atau kamu bisa menghubungi kami melalui email customerservice@floq.id biar bisa kami bantu lebih cepat 💬
Kalau sudah teratasi, kami akan senang banget kalau kamu mau update review-nya 🌟
Makasih banyak atas dukungannya! 💛",2025-11-28 15:56:25,1.6.1
1534f442-cf63-4998-bcbf-4251f756359b,Squidward Tentacles,https://play-lh.googleusercontent.com/a-/ALV-UjWh5BkAhoaMH2XRhlkk6YG9gypBjwwXHQITXqCCya30nO8WvpA,"Floq sangat menerima transaksi crypto dan mengirim transaksi crypto. Akan lebih baik jika Ditambahkan Fitur Limit Order, chart tradingview lengkap, dan chart wallet",5,1,1.6.1,2025-11-27 18:30:26,"Hai! 👋
Terima kasih banyak untuk review positifnya! Senang banget tahu kamu suka dengan aplikasi Floq.

Soal fitur Futures, noted banget ya! Tim kami terus berusaha mengembangkan fitur-fitur baru, jadi semoga bisa segera hadir.
Stay tuned dan terus support Floq, ya! 🚀",2025-11-27 21:05:39,1.6.1
71ce2862-5f65-4953-afd2-b2e4342ed1e4,Snurhalizah,https://play-lh.googleusercontent.com/a/ACg8ocJIgm8x_xpTccQuAi2cVw0zp_O7AxVAkqDEQTW--7QFL7s2GA=mo,"aku kecewa banget sama floq, cuma 2 hari aku gak buka floq tiba-tiba aku di suruh login/daftar padahal aku udah punya akun sendiri udah punya porto juga padahal udah melakukan segala keamanan, aku kira floq itu bagus ternyata jauh dari kata bagus",1,9,1.6.1,2025-12-02 23:04:02,"Hai! 👋
Maaf ya atas kendala yang kamu alami. Yuk, langsung hubungi tim support lewat Live Chat di aplikasi atau kamu bisa menghubungi kami melalui email customerservice@floq.id biar bisa kami bantu lebih cepat 💬

Kalau sudah teratasi, kami akan senang banget kalau kamu mau update review-nya 🌟
Makasih banyak atas dukungannya! 💛",2025-12-02 23:07:57,1.6.1
6f8ad76c-873f-4b8e-acb2-5f5aafcfbd34,Lisan,https://play-lh.googleusercontent.com/a-/ALV-UjUjK-QTg_R7bEwvg5HC5pGnHhKXMW37VAoKspofL2elKpeAVrke,"bagus sejauh ini, depo minimal bisa kecil banget sampe 10.000. saran aj, adain fitur widget layar HP, kyk statistik dan lain lain.",4,2,1.6.1,2025-11-28 16:53:14,"Hai! 👋
Terima kasih banyak untuk review positifnya! Senang banget tahu kamu suka dengan aplikasi Floq.
Soal fitur Futures, noted banget ya! Tim kami terus berusaha mengembangkan fitur-fitur baru, jadi semoga bisa segera hadir.
Stay tuned dan terus support Floq, ya! 🚀",2025-11-28 17:01:57,1.6.1
0873f879-4e00-45c7-962b-44fe33eef87e,Iya In,https://play-lh.googleusercontent.com/a-/ALV-UjUf6P6wafHWl0bCRbybOC-TVCNg6hENgEsHrqm0-AJ3M_2PG_H1,"Saya minta apk ini tolong di update soal +- setiap koin , jadi kita tahu +- nyaa, tidak satu hari riset lagi +- nya, tapi setiap hari ada jadi tau +- nyaa. makasih",4,5,1.6.1,2025-11-25 16:08:21,"Hai! 👋
Terima kasih banyak untuk review positifnya! Senang banget tahu kamu suka dengan aplikasi Floq.
Soal fitur Futures, noted banget ya! Tim kami terus berusaha mengembangkan fitur-fitur baru, jadi semoga bisa segera hadir.
Stay tuned dan terus support Floq, ya! 🚀",2025-11-25 16:20:31,1.6.1
00c69a61-ce6b-4ad1-814e-741dcf3d97d5,Nadifatun Nadhor,https://play-lh.googleusercontent.com/a-/ALV-UjU8pMPZ04NGDNQMthT-gQ0_wJpyfR8odKdqBg2FIRbvzz4sQx4I,"aplikasi ini beneran jadi aplikasi trading bitcoin yang simple dan cocok banget buat pemula kayak aku. Tampilannya simple, fitur-fiturnya nggak ribet, dan cara pakainya mudah dimengerti. Cocok buat yang mau mulai trading tapi sering pusing lihat grafik yang rumit #AplikasiCrypto",5,6,1.5.5,2025-11-02 18:16:51,"Halo! Wah, terima kasih udah kasih rating bagus buat kami!
Seneng deh bisa jadi bagian dari perjalanan kamu di dunia kripto bareng FLOQ 💫

Butuh bantuan atau mau ngobrol? Tim kita siap sedia di Live Chat aplikasi!
Semoga harimu seceria pesan yang kamu kirim tadi ya ✨",2025-11-03 09:09:31,1.5.5
05db8c73-f2a9-46aa-a675-931a77b52bf7,Resya Juris Pondan,https://play-lh.googleusercontent.com/a/ACg8ocLGrNaycMzuCutY0kziWYt2NCajmDB5xg4wAZGAiynfanlrIuk=mo,kasih fitur notifikasi ketika sudah hit harga tertentu gak si. mantaunya lebih enak gak harus buka² tiap hari dan gak ketinggalan momen ketika harga naik,5,0,1.6.2,2025-12-06 16:12:45,"Hai! 👋
Terima kasih banyak untuk review positifnya! Senang banget tahu kamu suka dengan aplikasi Floq.
Soal fitur Futures, noted banget ya! Tim kami terus berusaha mengembangkan fitur-fitur baru, jadi semoga bisa segera hadir.
Stay tuned dan terus support Floq, ya! 🚀",2025-12-06 16:51:01,1.6.2
dbf18400-5c7c-4a36-923c-0b975c6dc4a1,Muhammadazriel Gunawan,https://play-lh.googleusercontent.com/a/ACg8ocJa19vxntS_2nRVJ2fkdogoUCKJyX2kUkCFbwBulvtu7BxTPg=mo,"aplikasinya simpel dan ramah pengguna baru, tapi yang kurang cuma di chart sama harga nya tidak realtime. bakal lebih bagus kalo chart nya pake tradingview supaya bisa analisa langsung di app floq.",5,2,1.5.5,2025-10-31 08:55:38,"Hai! 👋
Terima kasih banyak untuk review positifnya! Senang banget tahu kamu suka dengan aplikasi Floq.
Soal fitur Futures, noted banget ya! Tim kami terus berusaha mengembangkan fitur-fitur baru, jadi semoga bisa segera hadir.
Stay tuned dan terus support Floq, ya! 🚀",2025-10-31 09:08:31,1.5.5
0aaa9ccb-3559-42a7-aab3-ce6bcee7efcc,Muhammad Isma Daniel,https://play-lh.googleusercontent.com/a-/ALV-UjUAbyT0DyQLGIQDk7cQ-jYyR_IRJ5TkglNB7M_KVaFcnOuleUY,"Aplikasi Floq sangat simple dan cepat untuk memudahkan buat beli crypto maupun jualnya. Proses transaksi berjalan lancar, gak perlu ribet nunggu lama, dan tampilannya juga clean banget jadi sangat mudah untuk dipahami. Cocok banget buat yang belajar investasi kripto karena semua fiturnya jelas dan lengkap.#AplikasiCrypto",5,1,1.5.5,2025-11-02 08:41:15,"Hai! Terima kasih banyak buat bintangnya!
Seneng banget bisa jadi bagian dari pengalaman kamu yang menyenangkan 💫

Kalau nanti ada yang mau ditanyain, keluh kesah, atau sekadar butuh bantuan, langsung aja ke fitur Live Chat di aplikasi Floq.

Stay happy dan semoga harimu semanis review kamu tadi~ ✨",2025-11-02 10:10:26,1.5.5
e884459e-0962-466a-856b-675795d62432,Nur adi Sabana,https://play-lh.googleusercontent.com/a/ACg8ocKKxm6EWcOoPEzrvnuK8bcwBByKqOdeYK5L2aLWQj0Xx_2PrQ=mo,"aplikasi nya bagus. tampilan jga simpel jadi mudah di gunakan apalgi buat pemula yang ingin investasi atau traiding bitcoin. pembelian nya pun jga bisa dengan cara di cicil jngn sangat cocok buat pemula yg ingin bljar"" cicil"" bitcoin",5,0,1.5.5,2025-11-02 17:56:49,"Halo! Wah, terima kasih udah kasih rating bagus buat kami!
Seneng deh bisa jadi bagian dari perjalanan kamu di dunia kripto bareng FLOQ 💫

Butuh bantuan atau mau ngobrol? Tim kita siap sedia di Live Chat aplikasi!
Semoga harimu seceria pesan yang kamu kirim tadi ya ✨",2025-11-03 08:57:30,1.5.5
eee956ca-449a-4f6e-b122-457e2ec99087,Farid Alhikam,https://play-lh.googleusercontent.com/a/ACg8ocLh3xSeIfD_HKSIIrNZ7pusHnupfd1AhnpX_sIdjx6dg5gZiw=mo,"Aplikasi investasi terbaik dan paling mudah digunakan! Floq benar-benar membantu saya memahami dunia investasi dengan cara yang sederhana dan transparan. Tampilan aplikasinya sangat user-friendly, fitur edukasinya lengkap, dan proses investasinya cepat tanpa ribet. Yang paling saya suka, ada fitur analisis portofolio otomatis yang bikin saya bisa memantau perkembangan aset dengan jelas #AplikasiCrypto",5,0,1.5.5,2025-11-02 04:48:26,"Hai! Terima kasih banyak buat bintangnya!
Seneng banget bisa jadi bagian dari pengalaman kamu yang menyenangkan 💫

Kalau nanti ada yang mau ditanyain, keluh kesah, atau sekadar butuh bantuan, langsung aja ke fitur Live Chat di aplikasi Floq.

Stay happy dan semoga harimu semanis review kamu tadi~ ✨",2025-11-02 09:03:29,1.5.5
835e4177-389c-4993-8cdb-8883143583ce,dini anggraeni,https://play-lh.googleusercontent.com/a/ACg8ocJqkMWMNnYUvLEXTvRCrc-6YcIkM_bH1Rosla_oU85on4qsVg=mo,"Aplikasinya keren banget! Tampilan simpel dan mudah dipahami, cocok buat pemula yang mau trading crypto. Transaksi cepat, harga selalu update, dan fitur keamanannya bikin tenang. Pokoknya wajib coba deh buat yang lagi cari aplikasi crypto terpercaya! 🔥 #AplikasiCrypto",5,4,1.5.5,2025-10-29 13:20:05,"Haiii, makasih banyak udah sempetin kasih review! 🌟
Kita seneng banget bisa nemenin perjalanan kamu bareng FLOQ
Kalau nanti ada yang bikin bingung, pengen tanya-tanya, atau cuma mau say hi, langsung aja ke Live Chat ya!
Semoga hari kamu secerah semangatnya ✨",2025-10-29 13:35:37,1.5.5
29ceb94c-a78b-434e-bde9-d894f5b0c1fd,nukin Kesit,https://play-lh.googleusercontent.com/a/ACg8ocLD30tEGk4-bVdNAisTYCZ5zjXQ9f7WTSMre0akTHOg1pSUlQ=mo,"aplikasinya bagus, saya berharap di update an yang selanjutnya agar real time pembaruan harga... instrumen nya juga kurang, agak kaku seperti kaya platfrom saham... kurang real time pembaruan harganya.... next ke depan di update se real time mungkin 🙏",4,1,1.5.5,2025-10-31 10:12:52,"Hai! Terima kasih banyak buat bintangnya!
Seneng banget bisa jadi bagian dari pengalaman kamu yang menyenangkan 💫
Kalau nanti ada yang mau ditanyain, keluh kesah, atau sekadar butuh bantuan, langsung aja ke fitur Live Chat di aplikasi Floq.
Stay happy dan semoga harimu semanis review kamu tadi~ ✨",2025-10-31 10:23:29,1.5.5
b1ffa134-7ba8-48f9-8f46-ec3057ad3917,fye,https://play-lh.googleusercontent.com/a-/ALV-UjWKfzdxTBAWWdPmnIJ-2YXBSXDjvkNoduDCkmEXSmbeI4RRyqc,"Aplikasi Floq benar-benar praktis buat pemula maupun yang sudah berpengalaman di dunia crypto. ✨ Proses beli crypto dan jual bitcoin sangat cepat, tanpa error, dan tampilannya juga mudah dipahami. Aku suka banget karena fitur-fiturnya lengkap dan aman untuk investasi kripto jangka panjang. 💰 Rekomendasi banget buat yang cari aplikasi crypto Indonesia terpercaya! 🔥 #AplikasiCrypto",5,2,1.5.5,2025-11-02 09:56:46,"Haiii, makasih banyak udah sempetin kasih review! 🌟
Kita seneng banget bisa nemenin perjalanan kamu bareng FLOQ
Kalau nanti ada yang bikin bingung, pengen tanya-tanya, atau cuma mau say hi, langsung aja ke Live Chat ya!
Semoga hari kamu secerah semangatnya ✨",2025-11-02 15:59:12,1.5.5
10092794-41e2-4d93-8b83-ced8078fcb15,Diah Ayu,https://play-lh.googleusercontent.com/a/ACg8ocImm_ofxkiSF3PqFwhmHjyeocwGX1eNB9yOzafZ6KUiUYZU_Q=mo,"Aku pakai buat trading crypto, sejauh ini performanya stabil, chart-nya juga lengkap banget. Mungkin bisa ditambah fitur notifikasi harga biar makin praktis. Tapi overall recommended!",5,0,1.5.5,2025-11-02 06:13:46,"Hai!
Maaf ya atas kendala yang kamu alami di aplikasi Floq. Bisa tolong jelaskan lebih detail mengenai masalahnya? Kami siap membantu kamu lewat fitur Live Chat di aplikasi.

Kalau masalahnya sudah teratasi, kami akan sangat menghargai jika kamu bersedia memperbarui ulasannya.
Terima kasih banyak atas feedback kamu! 💛",2025-11-02 09:05:00,1.5.5
39e16151-fb3c-408f-8f86-df60c3404f9d,Empi Adut,https://play-lh.googleusercontent.com/a/ACg8ocI-j6QSlcqbE576ZTOZBR7ehdxH9ab1GRCuxAW8KDlx89xaBg=mo,kalo dari aegi tampilan dan menu mudah di pahami..namun untuk harga update nya sedikit telat .....jadi ke depan nya mungkin harga nya lebih on time lah pada aplikasi yg lain nya seperti pintu.,5,4,1.5.7,2025-11-20 14:32:30,"Hai! 👋
Terima kasih banyak atas review positifnya 🙌 Senang banget dengar kamu nyaman pakai aplikasi Floq.
Masukan soal fitur Futures sudah kami catat ya 👍 Tim kami terus berinovasi, semoga segera bisa hadir.
Jangan lupa terus pantau update dari Floq 🚀",2025-11-20 14:37:30,1.5.7
4da54d3f-2990-4c10-a9ac-7d2f38e46979,Rahmat Purwanto,https://play-lh.googleusercontent.com/a-/ALV-UjWNpBBCJ3_pc_cAJnT3c73dtVfPjzOumRZ1O-OL_F1nLO1wAQY,"Sebenarnya bagus ini aplikasi, tp spread nya terlalu lebar. Kalau bisa di kecilkan sedikit spread nya. Terimakasih:)",3,2,1.5.4,2025-11-08 23:36:41,"Hai! 👋

Soal fitur Futures, noted banget ya! Tim kami terus berusaha mengembangkan fitur-fitur baru, jadi semoga bisa segera hadir.
Stay tuned dan terus support Floq, ya! 🚀

Kalau masalahnya sudah teratasi, kami akan sangat senang jika kamu bersedia mengupdate review-nya
Terima kasih atas feedback-nya! 💛",2025-11-08 23:56:29,1.5.4
dc00cc61-6756-4ea2-a4c3-67103c94bbd5,Umi Khoiriyah,https://play-lh.googleusercontent.com/a/ACg8ocJ-GRUt7lb21by01f5Mqbgj6lns2ChfurzEQxXGeV8_PNGqBg=mo,"Yang aku suka lagi, Floq bukan cuma tempat buat beli Bitcoin, tapi juga bisa belajar soal kripto. Ada banyak artikel edukatif yang bantu banget buat pemula kayak aku biar ngerti kapan waktu terbaik buat beli atau jual.",5,0,1.5.7,2025-11-10 11:06:55,"Hai! Terima kasih banyak buat bintangnya!
Seneng banget bisa jadi bagian dari pengalaman kamu yang menyenangkan 💫
Kalau nanti ada yang mau ditanyain, keluh kesah, atau sekadar butuh bantuan, langsung aja ke fitur Live Chat di aplikasi Floq.
Stay happy dan semoga harimu semanis review kamu tadi~ ✨",2025-11-10 11:39:44,1.5.7
2329af52-8de8-4cf0-950d-5f6898b5178f,Dio Oo,https://play-lh.googleusercontent.com/a/ACg8ocJYF_HuyFMVJdJNB_i4G8w6cIG8OIRXJBv4bB1uYXGpjjk_6Ho=mo,"Developer FLOQ tolong ini masalah di perbaiki saya sudah daftarin akun, tapi pada saat saya login ada kendala pada sandi yang selalu salah. Padahal, sandi yang saya masukan sudah benar jadi mohon di perbaiki.",1,62,1.5.7,2025-11-19 16:59:56,"Hai! 👋
Maaf ya atas kendala yang kamu alami. Yuk, langsung hubungi tim support lewat Live Chat di aplikasi atau kamu bisa menghubungi kami melalui email customerservice@floq.id biar bisa kami bantu lebih cepat 💬

Kalau sudah teratasi, kami akan senang banget kalau kamu mau update review-nya 🌟
Makasih banyak atas dukungannya! 💛",2025-11-19 17:30:28,1.5.7
af368d46-b9c2-4c31-8842-a9970e3d3d6c,Justo TV,https://play-lh.googleusercontent.com/a-/ALV-UjVp7L2_ctwZ3WnMdPyJeB0b0PmLi4-CgE8blNa0IGIIRwe57ihu,"aplikasi exchange floq menurut saya fitur nya lumayan ringkas dan mudah di akses, cocok buat pemula yang baru mulai di dunia crypto, juga kalo bisa min tambahin fitur widget daftar pantau agar mudah mantau pergerakan pasar",5,5,1.5.7,2025-11-13 08:28:57,"Hai! 👋
Terima kasih banyak untuk review positifnya! Senang banget tahu kamu suka dengan aplikasi Floq.
Soal fitur Futures, noted banget ya! Tim kami terus berusaha mengembangkan fitur-fitur baru, jadi semoga bisa segera hadir.
Stay tuned dan terus support Floq, ya! 🚀",2025-11-13 08:08:56,1.5.7
2c906c6c-32f6-4e31-ab2b-cd882adab403,Diva Ulimaz,https://play-lh.googleusercontent.com/a-/ALV-UjUlHQyHd-KKvc6DKhMal49KhVpXcvnPnU2iRALNHGkWDFwuTYsR,"Floq simple dan cepat buat beli crypto maupun jualnya. Proses transaksi lancar, gak perlu nunggu lama, dan tampilannya juga clean banget jadi gampang dipahami. Cocok banget buat yang baru mulai investasi kripto karena semua fiturnya jelas dan responsif. #AplikasiCrypto",5,0,1.5.5,2025-10-29 14:47:04,"Hai! Terima kasih banyak buat bintangnya!
Seneng banget bisa jadi bagian dari pengalaman kamu yang menyenangkan 💫

Kalau nanti ada yang mau ditanyain, keluh kesah, atau sekadar butuh bantuan, langsung aja ke fitur Live Chat di aplikasi Floq.

Stay happy dan semoga harimu semanis review kamu tadi~ ✨",2025-10-29 14:54:36,1.5.5
9ac16c23-fd88-4b99-9e0e-8af132cff85e,Amanda Emillia,https://play-lh.googleusercontent.com/a/ACg8ocKibWMWqcFDYHn1vCPObLQobLW2K9qTYo5Gd3NXK1l89jgL5A=mo,"emang aplikasi nya mudah di pahami dan buy / sel gampang di mengerti tapi bisa lah pas naik tuh naik nya drastis jangan yang pas drastis nya bagian turun kebawah rugi banget kalau trading ke sini, mana keluarin modal 250k sekarang turun jadi 217k giliran naik susah banget tapi giliran turun paling semangat banget bisa"" uang kepotong 4-10k+ per angka nya turun sedangkan kalau naik cuma paling mentok 1k-3k, benerin gak jangan main kotor jadi orang 😒👊🏻",2,11,1.5.7,2025-11-16 09:42:12,"Halo Kak 👋
Mohon maaf atas kendala yang terjadi 😥
Biar bisa kami bantu lebih lanjut, kamu bisa langsung hubungi tim support melalui fitur Live Chat di aplikasi Floq.
Terima kasih banyak atas dukungannya 💛",2025-11-16 09:55:50,1.5.7
94e24556-d994-4a13-a079-36cbceb43cb3,Andriansyah Mendrofa,https://play-lh.googleusercontent.com/a-/ALV-UjU46SYv5r9pZQGZYwHBsCUIMQtj4bjEpSTtRRoQPHw-PkM-DXA,"Floq adalah Aplikasi cryoto yg cukup baik, dengan tampilan yg menarik, penggunaan jg cukup mudah, sangat direkomendasikan untuk menggunakan aplikasi ini,.. Jual beli Bitcoin sangan mudah, ini adalah aplikasi cryoto yg menarik,.. Dan jangan ragu untuk investasi cryoto disini, dijamin aman,.. #AplikasiCrypto",5,0,1.5.7,2025-11-13 11:08:36,"Hai! Terima kasih banyak buat bintangnya!
Seneng banget bisa jadi bagian dari pengalaman kamu yang menyenangkan 💫
Kalau nanti ada yang mau ditanyain, keluh kesah, atau sekadar butuh bantuan, langsung aja ke fitur Live Chat di aplikasi Floq.
Stay happy dan semoga harimu semanis review kamu tadi~ ✨",2025-11-13 11:15:37,1.5.7
c4a9bf1e-460b-4e0c-96be-30126eab8e9c,Ardhi Yudha,https://play-lh.googleusercontent.com/a-/ALV-UjVZsBgV5dd8qqpCDQhxU6eV37K_zSMW6ER5mORVisA54KJPbJY,"Dibalik berita negatifnya, saya berterimakasih untuk yang membuat aplikasi ini. Sangat berguna buat saya yang berpenghasilan UMR, untuk validasi akun juga sangat terbantu berbeda dengan platform lain. Dan semoga sistem leverage nya tidak pernah ada, karena sangat berbahaya sekali untuk orang indo hahaha",5,1,1.5.7,2025-11-22 14:21:27,"Hai! Terima kasih banyak buat bintangnya!
Seneng banget bisa jadi bagian dari pengalaman kamu yang menyenangkan 💫

Kalau nanti ada yang mau ditanyain, keluh kesah, atau sekadar butuh bantuan, langsung aja ke fitur Live Chat di aplikasi Floq.

Stay happy dan semoga harimu semanis review kamu tadi~ ✨",2025-11-22 14:58:27,1.5.7
d9d79c7c-e021-4591-ba9f-bbf761928b13,retnoindriani78 010603,https://play-lh.googleusercontent.com/a/ACg8ocKhedJHe6bdya2C1-1xZNsBFXkEHDbyaw1589yAApk3AW2yKQ=mo,"FLOQ, Aplikasi Kripto yang Mudah Digunakan! 🚀 Aplikasi ini sangat cocok bagi kamu yang ingin memulai investasi kripto, karena antarmukanya yang sederhana dan mudah digunakan! 😊 Saya memberikan rating 5 bintang untuk FlOQ #AplikasiCrypto",5,1,1.5.7,2025-11-15 23:53:02,"Hai! Terima kasih banyak buat bintangnya!
Seneng banget bisa jadi bagian dari pengalaman kamu yang menyenangkan 💫

Kalau nanti ada yang mau ditanyain, keluh kesah, atau sekadar butuh bantuan, langsung aja ke fitur Live Chat di aplikasi Floq.

Stay happy dan semoga harimu semanis review kamu tadi~ ✨",2025-11-16 00:02:30,1.5.7
26a14c42-793b-4d46-931b-23db3bfe8469,Atika lailatul329,https://play-lh.googleusercontent.com/a/ACg8ocKwFpTnvj88togWkpuh3cKDpkH8W9UP6jj9nZxyIdeVlpzCeg=mo,"Aplikasi crypto ini sangat direkomendasikan untuk investasi kripto pemula. Fitur aplikasi jual beli crypto-nya sangat mudah digunakan, baik saat Anda ingin beli bitcoin maupun jual bitcoin dengan cepat. Sebagai salah satu aplikasi crypto Indonesia terbaik, proses trading crypto dan penarikan dananya juga sangat lancar#AplikasiCrypto",5,0,1.5.7,2025-11-11 15:55:47,"Haiii, makasih banyak udah sempetin kasih review! 🌟
Kita seneng banget bisa nemenin perjalanan kamu bareng FLOQ
Kalau nanti ada yang bikin bingung, pengen tanya-tanya, atau cuma mau say hi, langsung aja ke Live Chat ya!
Semoga hari kamu secerah semangatnya ✨",2025-11-11 16:02:30,1.5.7
5d8f1836-f977-4d3b-a86b-6989c38adb1e,Vin Ferdi,https://play-lh.googleusercontent.com/a-/ALV-UjW3hg6zIDIn8OHk27hmwTxE6ZCs9_aMwQisW9802KXsJ4iFkJs,saya sangat senang ada nya floq bisa membantu untuk kalangan bawah hanya modal 1rb sudah bisa ber investasi tetapi saya tidak mengerti mengapa harga pasar global sama harga pasar di floq suka jauh sekali beda nya🥲,4,0,1.5.7,2025-11-21 03:49:20,"Hai! Terima kasih banyak buat bintangnya!
Seneng banget bisa jadi bagian dari pengalaman kamu yang menyenangkan 💫
Kalau nanti ada yang mau ditanyain, keluh kesah, atau sekadar butuh bantuan, langsung aja ke fitur Live Chat di aplikasi Floq.
Stay happy dan semoga harimu semanis review kamu tadi~ ✨",2025-11-21 07:01:00,1.5.7
c7b4d1c9-de60-43f8-9267-e3120be43c59,Fanuraniyaa 03,https://play-lh.googleusercontent.com/a-/ALV-UjXkLLhTBDNrnGll3NQy9HakSFqXLtMR1xtJ1qT6N72FcxRUNLQ6,"sangat mudah digunakan, proses depositnya gampang banget, antarmuka aplikasi userfriendly, fitur-fitur lengkap banget, respon tim support nya cepat, aman dan terpercaya, edukasi didalam aplikasinya sangat membantu untuk memahami seluk beluk investasi kripto seperti jual beli kripto, aplikasi tranding kripto, dll pastikan untuk menyertakan username dan hashtag yang diminta (misalnya, #TRADINGDIFLOQ). #AplikasiCrypto👍👍",5,8,1.5.7,2025-11-09 12:29:19,"Hai! Terima kasih banyak buat bintangnya!
Seneng banget bisa jadi bagian dari pengalaman kamu yang menyenangkan 💫
Kalau nanti ada yang mau ditanyain, keluh kesah, atau sekadar butuh bantuan, langsung aja ke fitur Live Chat di aplikasi Floq.
Stay happy dan semoga harimu semanis review kamu tadi~ ✨",2025-11-09 12:53:57,1.5.7
161fa0bf-337a-44d1-a8eb-bf591a91cf35,Isnutt Cantikk,https://play-lh.googleusercontent.com/a/ACg8ocJpeFfHOh8glZQ_N7mYxuMdcF6xuNztUTuZxI2ldKfpJwVZ1g=mo,"ini salah satu apk trading crypto terbaik sih menurutku,jual beli crypto juga gampang dan cepat . untuk fitur exchange juga tersedia untuk beragam wallet. mantaaap. #AplikasiCrypto",5,0,1.5.7,2025-11-14 14:45:57,"Hai! Terima kasih banyak buat bintangnya!
Seneng banget bisa jadi bagian dari pengalaman kamu yang menyenangkan 💫
Kalau nanti ada yang mau ditanyain, keluh kesah, atau sekadar butuh bantuan, langsung aja ke fitur Live Chat di aplikasi Floq.
Stay happy dan semoga harimu semanis review kamu tadi~ ✨",2025-11-14 14:55:13,1.5.7
876c4cbf-2810-41bf-b92f-7977efd6235b,Fathur Rohman,https://play-lh.googleusercontent.com/a-/ALV-UjWBGXepHUAcvzWQZU1M8LxVKSW1nqbJzbxiA3LEmv-kQPSNwz17,"Mencoba hal baru bagi saya, semoga saja segera terverifikasi. sehingga bisa mempelajari lagi hal - hal yang saya belum tahu. walaupun banyaknya kekurangan didalam diri sendiri dan mau mecoba untuk berkembang. saya ucapkan terimakasih aplikasi floq @fathurrohman.",5,0,1.5.7,2025-11-16 01:17:06,"Hai!
Maaf banget ya atas kendala yang kamu alami saat proses verifikasi.
Biar bisa kami bantu lebih lanjut, kamu bisa langsung hubungi tim support melalui fitur Live Chat di aplikasi Floq.
Terima kasih sudah sabar — kita akan pastikan prosesnya berjalan lancar secepat mungkin! ✨",2025-11-16 07:14:29,1.5.7
58627ea8-3d4f-4439-b91f-5f4748e06e23,Ri preset,https://play-lh.googleusercontent.com/a-/ALV-UjUTz_MPOKKMeP1J6-xeIT-7jGNg1A3GVV6cgPe-eI4Pj9Nf13k,apk nya bagus cuman masih ada bug yaitu sering ngeloguot sendiri pas mau masuk ke akun kita dengan alasan sesi sudah kadaluarsa udah 3x kayagitu padahal akunku tidak ada masalah,5,0,1.5.7,2025-11-11 20:40:42,"Haiii, makasih banyak udah sempetin kasih review! 🌟
Maaf ya atas kendala yang kamu alami.
Jika ada kendala bisa hubungi tim support lewat Live Chat di aplikasi atau kamu bisa menghubungi kami melalui email customerservice@floq.id  biar bisa kami bantu lebih cepat 💬
Makasih banyak atas dukungannya! 💛",2025-11-11 20:48:41,1.5.7
92b74553-8a2c-4ef2-8c98-3737a00ac93a,Salsabila Putri Puspitasari,https://play-lh.googleusercontent.com/a-/ALV-UjU3I1-iFF05NqxhfK9cn5r15fuVnl3YN-FJFzsSusLWwX3bj0BI,"Aplikasi Floq sangat membantu saya dalam memahami dunia investasi crypto. Fiturnya lengkap, tampilannya user-friendly, dan informasinya selalu up to date. Cocok banget untuk pemula yang ingin mulai berinvestasi di aset digital#AplikasiCrypto",5,0,1.5.7,2025-11-09 22:10:35,"Haiii, makasih banyak udah sempetin kasih review! 🌟
Kita seneng banget bisa nemenin perjalanan kamu bareng FLOQ
Kalau nanti ada yang bikin bingung, pengen tanya-tanya, atau cuma mau say hi, langsung aja ke Live Chat ya!
Semoga hari kamu secerah semangatnya ✨",2025-11-09 22:18:52,1.5.7
846b137c-69f7-493d-ae9c-4a4551e11301,Nia Risdawati,https://play-lh.googleusercontent.com/a/ACg8ocLRO_XDAdcoAf5El8LrYofJ8_i5ielsVIWQgJ_kqLC8hPZlwA=mo,"Aplikasi FLOQ Mudah di akses peroses nya cepat beli dan jual crypto mudah,Aplikasi Crypto indonesia terkeren yaitu FLOQ, Jangan sampai salah pilih ya #AplikasiCrypto",5,0,1.5.7,2025-11-11 12:14:48,"Hai! Terima kasih banyak buat bintangnya!
Seneng banget bisa jadi bagian dari pengalaman kamu yang menyenangkan 💫

Kalau nanti ada yang mau ditanyain, keluh kesah, atau sekadar butuh bantuan, langsung aja ke fitur Live Chat di aplikasi Floq.

Stay happy dan semoga harimu semanis review kamu tadi~ ✨",2025-11-11 13:08:45,1.5.7
301f8e5a-5900-43ac-91b8-bdf17f882b9c,kapuangan deppa,https://play-lh.googleusercontent.com/a/ACg8ocJabjGlbmXZrww8doznwK2GdmUVRRzJeBGkTTnjWqO5WEAfYA=mo,bisa tolong itu kalau DP pake gopay potongannya banyak banget kan kita mau investasi mala jadi perampokan kan gak enak. Gak sesuai sama omongan Timothy Sama coin2 lainnya mohon ditambahkan secepatnya Nanti aku naikin bintangnya kalau sudah diperbaiki,4,3,1.5.7,2025-11-23 23:53:41,"Hai! Terima kasih banyak buat bintangnya!
Mohon maaf untuk kendala yang kamu alami,
Masukan soal koin yang belum tersedia sudah kami catat ya 👍 semoga segera bisa hadir.
Jangan lupa terus pantau update dari Floq 🚀",2025-11-24 00:04:28,1.5.7
72776fb9-c858-4543-a1ae-34c11d9fb757,Tendi Fauzi,https://play-lh.googleusercontent.com/a-/ALV-UjUF5uTkMFh1R8MKHAgxeXO4NYAg-J2PxNMMitFzJ92vK6QdicM,"Udah bagus nyaman dan cepet, cuma kurang metode pembayaran. plis lah tambahkan juga metode lain seperti Dana, Ovo, atau Qris biar makin mudah dan cepat.",5,2,1.5.7,2025-11-13 12:07:54,"Hai! 👋
Terima kasih banyak untuk review positifnya! Senang banget tahu kamu suka dengan aplikasi Floq.
Soal fitur Futures, noted banget ya! Tim kami terus berusaha mengembangkan fitur-fitur baru, jadi semoga bisa segera hadir.
Stay tuned dan terus support Floq, ya! 🚀",2025-11-13 12:53:07,1.5.7
c9bfb2c8-7cc9-4879-aa39-d2cd3f83cbfa,Weexsy,https://play-lh.googleusercontent.com/a/ACg8ocJr0ECbGCbCNzOgYY4dbnyzZr6flKuXXumxIBYt5Tp5fkS9IA=mo,"Proses beli bitcoin terasa lebih cepat dibanding aplikasi lain. Harga kompetitif dan interface modern, bikin pengalaman makin nyaman. #AplikasiCrypto”",5,0,1.5.7,2025-11-23 19:08:55,"Haiii, makasih banyak udah sempetin kasih review! 🌟
Kita seneng banget bisa nemenin perjalanan kamu bareng FLOQ
Kalau nanti ada yang bikin bingung, pengen tanya-tanya, atau cuma mau say hi, langsung aja ke Live Chat ya!
Semoga hari kamu secerah semangatnya ✨",2025-11-23 19:58:38,1.5.7
cbf40f52-3f1a-4190-a9e5-32f0d6c675a5,Ahmad Fauzi,https://play-lh.googleusercontent.com/a/ACg8ocLRQ07EoxOBOJw7FsIwK4fP3eI9PBWBPJ6zNKm-G69qjFANDA=mo,sudah bagus aplikasi nya buat pemula tapi tolong dong spread harga nya di kecilin lagi harga real dengan harga beli nya jauh sekali bedanya,5,0,1.5.7,2025-11-17 10:32:35,"Hai! 👋
Terima kasih banyak untuk review positifnya! Senang banget tahu kamu suka dengan aplikasi Floq.
Soal fitur Futures, noted banget ya! Tim kami terus berusaha mengembangkan fitur-fitur baru, jadi semoga bisa segera hadir.
Stay tuned dan terus support Floq, ya! 🚀",2025-11-17 10:41:48,1.5.7
af758d34-9cf8-492c-9438-e99a460a9fa2,Yuda Setiawan,https://play-lh.googleusercontent.com/a-/ALV-UjXmltM1dzLTYywUxag2Oi113C3IL1GwL42EmXpOhJhpr7aU5c7F,"Baru coba, tapi langsung suka! Registrasi mudah, tampilannya profesional. Cocok banget buat investasi kripto jangka panjang. #AplikasiCrypto",5,0,1.5.7,2025-11-11 12:40:33,"Hai! Terima kasih banyak buat bintangnya!
Seneng banget bisa jadi bagian dari pengalaman kamu yang menyenangkan 💫

Kalau nanti ada yang mau ditanyain, keluh kesah, atau sekadar butuh bantuan, langsung aja ke fitur Live Chat di aplikasi Floq.

Stay happy dan semoga harimu semanis review kamu tadi~ ✨",2025-11-11 13:10:31,1.5.7
fd11dd24-69b7-4fba-9462-302f2adaeb9e,Sylvia Yolanda,https://play-lh.googleusercontent.com/a-/ALV-UjX-AK7616ygqoIEDr0HS47LjCCkdeNNo58H__vsaM6BgbHey0x3,"#AplikasiCrypto aplikasi yang sangat bagus untuk trading crypto,bisa jual dan beli bitcoin dengan mudah . cocok digunakan untuk pemula dan wajib di coba",5,0,1.5.7,2025-11-12 17:11:35,"Hai! Terima kasih banyak buat bintangnya!
Seneng banget bisa jadi bagian dari pengalaman kamu yang menyenangkan 💫

Kalau nanti ada yang mau ditanyain, keluh kesah, atau sekadar butuh bantuan, langsung aja ke fitur Live Chat di aplikasi Floq.

Stay happy dan semoga harimu semanis review kamu tadi~ ✨",2025-11-12 17:14:45,1.5.7
f27ad0f7-32ea-4a0a-8595-00f0d81b40fd,kiki rohfita,https://play-lh.googleusercontent.com/a-/ALV-UjVa6qYfxuGy2fP75910JFWYyrADK4G9yLme_g424jT-HlkGuHw,"Proses beli bitcoin atau jual crypto juga super cepat dan aman karena sudah terverifikasi. Yang paling aku suka, harga dan grafiknya selalu real-time, jadi bisa ambil keputusan investasi dengan tepat #AplikasiCrypto",5,0,1.5.5,2025-11-03 07:40:54,"Hai! Terima kasih banyak buat bintangnya!
Seneng banget bisa jadi bagian dari pengalaman kamu yang menyenangkan 💫
Kalau nanti ada yang mau ditanyain, keluh kesah, atau sekadar butuh bantuan, langsung aja ke fitur Live Chat di aplikasi Floq.
Stay happy dan semoga harimu semanis review kamu tadi~ ✨",2025-11-03 10:49:11,1.5.5
079b9472-e327-4146-b205-01b6b188be45,Edogawa Wil,https://play-lh.googleusercontent.com/a/ACg8ocJOJWra8KyvEeVqfAC6hvxb7w2h6oIhLrMnbpWLbXFBVNOx=mo,"Enak banget sih investasi kripto disini, beli bitcoin disini jga enak banget harga murah meriah fiturnya jg sangat membantu gampang dihapami gameplay nya asik bgt #AplikasiCrypto",5,0,1.5.7,2025-11-09 12:28:44,"Hai! Terima kasih banyak buat bintangnya!
Seneng banget bisa jadi bagian dari pengalaman kamu yang menyenangkan 💫
Kalau nanti ada yang mau ditanyain, keluh kesah, atau sekadar butuh bantuan, langsung aja ke fitur Live Chat di aplikasi Floq.
Stay happy dan semoga harimu semanis review kamu tadi~ ✨",2025-11-09 12:53:15,1.5.7
cd5a278b-e6a0-49f5-a90f-7f06fbb244b6,jurig laoet,https://play-lh.googleusercontent.com/a-/ALV-UjUM7Do6FE2p4UeigQf-4KjiZtQjaHKakpaRcJoTR9QvsnzHzL-k,"sangat bagus dengan beli koin 1k kita bisa tau apa itu floq dan motivasinya.., buat yang baru menggunakan coba dulu aja 1k - 100k, perhatikan dan rasakan setiap pergerakannya dengan teliti👍",1,6,1.6.2,2025-12-04 09:41:22,"Hai! Terima kasih banyak buat bintangnya!
Seneng banget bisa jadi bagian dari pengalaman kamu yang menyenangkan 💫
Kalau nanti ada yang mau ditanyain, keluh kesah, atau sekadar butuh bantuan, langsung aja ke fitur Live Chat di aplikasi Floq.
Stay happy dan semoga harimu semanis review kamu tadi~ ✨",2025-12-04 10:04:59,1.6.2
cbb38819-2e09-4a51-8297-2609a77a323e,Ody huang Chanel,https://play-lh.googleusercontent.com/a/ACg8ocJ1p3G_9vx-1BVr19B98n_xXSK0cD1Hufe-ghBx18o5bnDK-6U=mo,apk terbaik... tapi saran saya jelaskan apa itu hold apa itu dan lain lain.. bnyk yg gak ngerti . saran nya masukin di pelajaran apk.. krna saya mngajar di desa . bnyk orng desa gak paham,5,0,1.7.0,2025-12-07 22:52:50,"Hai! Terima kasih banyak buat bintangnya!
Seneng banget bisa jadi bagian dari pengalaman kamu yang menyenangkan 💫

Kalau nanti ada yang mau ditanyain, keluh kesah, atau sekadar butuh bantuan, langsung aja ke fitur Live Chat di aplikasi Floq.

Stay happy dan semoga harimu semanis review kamu tadi~ ✨",2025-12-07 23:01:31,1.7.0
0cd951d1-5439-412b-87e7-ed36ae135fac,rizky Sahputra,https://play-lh.googleusercontent.com/a/ACg8ocI4O1JQbCGOC4-2e6nJtWXGtf7dG3Cj4pyYO-IFngQUjMjlmg=mo,"Trading Crypto menggunakan aplikasi floq ini sangat mudah, terlebih lagi apabila kita sebagai pemula yang baru ingin invest di crypto, karena home page nya yang tidak terlalu kompleks dan cocok untuk pemula, lalu fee nya hanya Rp. 4.500 dan minimal pembelian koin di Rp. 1000 membuat siapapun bisa untuk invest di crypto. Tetapi saran untuk aplikasi ini untuk menambahkan beberapa fitur agar lebih lengkap #AplikasiCrypto",5,20,1.5.6,2025-11-03 11:24:38,"Hai!
Maaf ya atas kendala yang kamu alami di aplikasi Floq. Bisa tolong jelaskan lebih detail mengenai masalahnya? Kami siap membantu kamu lewat fitur Live Chat di aplikasi.

Kalau masalahnya sudah teratasi, kami akan sangat menghargai jika kamu bersedia memperbarui ulasannya.
Terima kasih banyak atas feedback kamu! 💛",2025-11-03 14:05:36,1.5.6
25b851bf-00b1-4dae-8487-43e95ec5fd32,Azizah Hesti,https://play-lh.googleusercontent.com/a-/ALV-UjUlLjHN9K1wcnd_Hk8trvz-O8WKakxuNztdaaQK8tzjHlaq2Egz,"The bestt bangett sih nii #AplikasiCrypto👍🏻😍 Aku udah beli bitcoin dan jual bitcoin di sini, dan hasilnya lumayan banget! Trading crypto juga gampang banget, aku bisa pantau harga bitcoin real-time dan buat transaksi dengan cepat. Aku jamin sih kamu nggak akan kecewa!",5,0,1.5.5,2025-11-02 15:56:13,"Hai! Terima kasih banyak buat bintangnya!
Seneng banget bisa jadi bagian dari pengalaman kamu yang menyenangkan 💫
Kalau nanti ada yang mau ditanyain, keluh kesah, atau sekadar butuh bantuan, langsung aja ke fitur Live Chat di aplikasi Floq.
Stay happy dan semoga harimu semanis review kamu tadi~ ✨",2025-11-03 07:45:59,1.5.5
7d7cfbf6-bc3e-4f3e-8e43-255b619c18d0,rakeyva veynia,https://play-lh.googleusercontent.com/a-/ALV-UjVzidG5ri9m_o1FAJGDoclgh7-7LBBz8Io8VwTnYRYvOyJeSJ4,"Udah coba banyak aplikasi sejenis, tapi FLOQ ini paling nyaman! Proses daftar cepat, tampilannya bersih, dan fiturnya lengkap banget buat beli bitcoin dan jual crypto. Cocok banget buat pengguna di Indonesia. #AplikasiCrypto",5,0,1.5.7,2025-11-04 19:28:44,"Haiii, makasih banyak udah sempetin kasih review! 🌟
Kita seneng banget bisa nemenin perjalanan kamu bareng FLOQ
Kalau nanti ada yang bikin bingung, pengen tanya-tanya, atau cuma mau say hi, langsung aja ke Live Chat ya!
Semoga hari kamu secerah semangatnya ✨",2025-11-04 20:02:31,1.5.7
ce6b0510-5e91-4dc1-9d7f-4969fb8e0a20,Sri Dewi,https://play-lh.googleusercontent.com/a-/ALV-UjU18DN0ac-w48bOWab7198XWVX21yklsOsAMmWiAxaSCAmagJtm,"Aplikasinya mudah digunakan. Proses registrasi cepat, semua fitur di aplikasi nya tuh mudah dipahami. bisa jual dan beli crypto. aplikasi ini jadi partner terpercaya saya sekarang buat ngembangin aset crypto secara aman dan efesien #AplikasiCrypto",5,0,1.5.6,2025-11-04 17:08:57,"Haiii, makasih banyak udah sempetin kasih review! 🌟
Kita seneng banget bisa nemenin perjalanan kamu bareng FLOQ
Kalau nanti ada yang bikin bingung, pengen tanya-tanya, atau cuma mau say hi, langsung aja ke Live Chat ya!
Semoga hari kamu secerah semangatnya ✨",2025-11-04 17:13:30,1.5.6
1f09af77-2482-438b-b086-0704e760bcdb,Naa Edtz_.,https://play-lh.googleusercontent.com/a-/ALV-UjW54YOVUPNP_bP-pNbwgHXfeL2_Kyhdv4-YQtsGsvzZoWgSmvpA,Aplikasi FLOQ sangat cocok untuk pemula dan ga ribet buat di pahami. Fitur-fitur nya lengkap dan bisa beli aset kripto atau bitcoin dengan sangat cepat. Proses deposit dan penarikan juga cepat. #AplikasiCrypto,5,0,1.5.6,2025-11-03 10:16:04,"Hai! Terima kasih banyak buat bintangnya!
Seneng banget bisa jadi bagian dari pengalaman kamu yang menyenangkan 💫
Kalau nanti ada yang mau ditanyain, keluh kesah, atau sekadar butuh bantuan, langsung aja ke fitur Live Chat di aplikasi Floq.
Stay happy dan semoga harimu semanis review kamu tadi~ ✨",2025-11-03 13:21:22,1.5.6
c703c69d-547c-4dad-b1ee-b6367118c7b9,Cantika Stevani,https://play-lh.googleusercontent.com/a-/ALV-UjX0MY6XnDlaxzI8H1XdXA4VnOgslVY95NE7Of3QgxJxGol_nc-i,"Saya sangat puas menggunakan aplikasi FLOQ untuk trading crypto. Antarmukanya mudah digunakan dan proses beli bitcoin maupun jual bitcoin berjalan cepat dan aman. Sebagai aplikasi crypto Indonesia yang berlisensi, FLOQ memberikan pengalaman exchange crypto yang terpercaya. Sangat cocok untuk kamu yang ingin memulai investasi kripto dengan mudah dan nyaman. #AplikasiCrypto",5,0,1.5.5,2025-11-02 12:05:51,"Haiii, makasih banyak udah sempetin kasih review! 🌟
Kita seneng banget bisa nemenin perjalanan kamu bareng FLOQ
Kalau nanti ada yang bikin bingung, pengen tanya-tanya, atau cuma mau say hi, langsung aja ke Live Chat ya!
Semoga hari kamu secerah semangatnya ✨",2025-11-02 18:48:49,1.5.5
5bba220c-85b3-428f-863e-ffdd4cd1966c,Happiness Inmyworld,https://play-lh.googleusercontent.com/a/ACg8ocK3v5U-PZM1FjTWUaPOqmDSU1g3RWGGjxB4awxpBWZoY2BL1A=mo,"Floq jadi pilihan terbaik buat yang mau mulai beli bitcoin atau jual bitcoin dengan mudah dan aman. Sebagai aplikasi crypto Indonesia, tampilannya simple tapi fiturnya lengkap banget, bisa trading crypto, beli crypto, atau jual crypto tanpa ribet. Cocok juga buat yang pengin mulai investasi kripto karena tersedia berbagai aset digital populer dan sistem exchange crypto yang cepat dan transparan. Pokoknya, Floq ini benar-benar aplikasi trading bitcoin yang user-friendly.",5,0,1.5.5,2025-11-02 15:56:08,"Hai! Terima kasih banyak buat bintangnya!
Seneng banget bisa jadi bagian dari pengalaman kamu yang menyenangkan 💫
Kalau nanti ada yang mau ditanyain, keluh kesah, atau sekadar butuh bantuan, langsung aja ke fitur Live Chat di aplikasi Floq.
Stay happy dan semoga harimu semanis review kamu tadi~ ✨",2025-11-03 07:44:38,1.5.5
a3c821fb-0fdd-489a-b5b4-29ad187478e5,Aura,https://play-lh.googleusercontent.com/a-/ALV-UjWgjM0ftd6dFTASMfpZ_ul6UFeZzoFTiFLYZVRpvIFSBIqW95E,"Aplikasinya keren banget! Tampilan simpel dan fitur lengkap buat trading crypto jadi makin mudah. Transaksi cepat, aman, dan cocok banget buat pemula maupun pro. 💰✨ #AplikasiCrypto",5,0,1.5.5,2025-11-02 06:17:15,"Hai! Terima kasih banyak buat bintangnya!
Seneng banget bisa jadi bagian dari pengalaman kamu yang menyenangkan 💫

Kalau nanti ada yang mau ditanyain, keluh kesah, atau sekadar butuh bantuan, langsung aja ke fitur Live Chat di aplikasi Floq.

Stay happy dan semoga harimu semanis review kamu tadi~ ✨",2025-11-02 09:40:28,1.5.5
95db0994-41e6-40b3-9da0-7548a86ffe7a,MUHAMMAD FAZIL,https://play-lh.googleusercontent.com/a-/ALV-UjVqn6Hvt-e1YjtlISdeKqRGi5OQqyf1meRoQABaEKlR_LD3NJGo,"Baru coba FLOQ kerasa gampang dipakainya. Menu & fiturnya jelas jadi langsung paham dari awal. Proses jual bitcoin juga mulus, ga ribet sama sekali. Buat yang cari #AplikasiCrypto lokal yang simple dan enak dipakai, ini oke banget menurutku👌",5,2,1.5.6,2025-11-03 10:22:03,"Hai! Terima kasih banyak buat bintangnya!
Seneng banget bisa jadi bagian dari pengalaman kamu yang menyenangkan 💫
Kalau nanti ada yang mau ditanyain, keluh kesah, atau sekadar butuh bantuan, langsung aja ke fitur Live Chat di aplikasi Floq.
Stay happy dan semoga harimu semanis review kamu tadi~ ✨",2025-11-03 13:29:15,1.5.6
86af7501-eabc-4baf-9354-910a69cd6bdc,Zainabul Mas nuah,https://play-lh.googleusercontent.com/a/ACg8ocI1c_5_NpC2sCBx6VdX-kXJUOhT8UN-3liEXPdW8FeJ7tRuyg=mo,"aplikasi bit coin yang cocok untuk pemula , grafik nya stabil dan sangat menguntungkan, cocok untuk investasi jangka panjang dan bisa mulai dari 50 ribu.... aplikasinya sangat ringan dan user friendly banget.",5,0,1.5.5,2025-11-02 16:27:33,"Hai! Terima kasih banyak buat bintangnya!
Seneng banget bisa jadi bagian dari pengalaman kamu yang menyenangkan 💫
Kalau nanti ada yang mau ditanyain, keluh kesah, atau sekadar butuh bantuan, langsung aja ke fitur Live Chat di aplikasi Floq.
Stay happy dan semoga harimu semanis review kamu tadi~ ✨",2025-11-03 08:00:42,1.5.5
d7a3eda3-02dc-4e31-81c4-70bc1e485727,Riski Arfn,https://play-lh.googleusercontent.com/a-/ALV-UjXzaCNySKSdyfw7npOmJdqRYSPqA45o_YrP4kIojyp75XJgJ3E,"FLOQ adalah aplikasi/exchange aset kripto lokal yang menyasar pemula hingga trader menengah menonjolkan antarmuka sederhana, edukasi, dan klaim keamanan karena berizin dan diawasi oleh OJK. Aplikasi ini memungkinkan pengguna beli bitcoin, jual bitcoin, dan melakukan trading crypto mulai dari nominal kecil #Aplikasi crypto",5,0,1.5.5,2025-11-02 13:57:46,"Hai! Terima kasih banyak buat bintangnya!
Seneng banget bisa jadi bagian dari pengalaman kamu yang menyenangkan 💫
Kalau nanti ada yang mau ditanyain, keluh kesah, atau sekadar butuh bantuan, langsung aja ke fitur Live Chat di aplikasi Floq.
Stay happy dan semoga harimu semanis review kamu tadi~ ✨",2025-11-02 22:51:04,1.5.5
690930ea-d3ca-49f9-a33f-566006876104,123_Ahmad Affan,https://play-lh.googleusercontent.com/a/ACg8ocJ39ZqeZst8VaK4KxxI9ODaS5xVlwP2OsN9mhlrRc0kbn4BxA=mo,pengaplikasiannya mudah dan ini menjadi salah satu aplikasi jual beli crypto utama saya. fitur fiturnya bagus dan cocok untuk para pemula crypto yang ingin belajar maka disinilah tempatnya. #AplikasiCrypto,5,0,1.5.5,2025-11-02 09:05:29,"Hai! Terima kasih banyak buat bintangnya!
Seneng banget bisa jadi bagian dari pengalaman kamu yang menyenangkan 💫

Kalau nanti ada yang mau ditanyain, keluh kesah, atau sekadar butuh bantuan, langsung aja ke fitur Live Chat di aplikasi Floq.

Stay happy dan semoga harimu semanis review kamu tadi~ ✨",2025-11-02 13:34:25,1.5.5
b8c47df5-e019-45b3-b2ef-3f82c0395ed4,Irma New,https://play-lh.googleusercontent.com/a/ACg8ocIzB60yQEluTn5cyoMOGq3_r0GK2RvBqvmng2iSShKA_k_lRw=mo,"Aku suka banget sama Floq, Aplikasi crypto Indonesia yang keren! Trading crypto jadi lebih gampang dan aman, plus timnya juga super responsif. Pokoknya, Floq adalah pilihan terbaik buat kamu yang mau investasi crypto! #AplikasiCrypto",5,0,1.5.5,2025-11-01 13:21:03,"Hai! Terima kasih banyak buat bintangnya!
Seneng banget bisa jadi bagian dari pengalaman kamu yang menyenangkan 💫

Kalau nanti ada yang mau ditanyain, keluh kesah, atau sekadar butuh bantuan, langsung aja ke fitur Live Chat di aplikasi Floq.

Stay happy dan semoga harimu semanis review kamu tadi~ ✨",2025-11-01 13:25:58,1.5.5
ef8579fb-6b29-4c00-a627-0e8b3dbd2654,Amanda Nurahma,https://play-lh.googleusercontent.com/a/ACg8ocLRwI5b3OoEpwrD577BNmEmu7HlPSq4MQo0N2FtRQAzis1HIw=mo,"Aplikasinya keren banget! 💯 FLOQ sangat membantu buat trading crypto dan investasi kripto dengan tampilan yang simpel tapi profesional. Transaksi cepat, fitur lengkap, dan cocok banget buat pemula maupun yang udah pro",5,0,1.5.5,2025-11-03 06:54:41,"Hai! Terima kasih banyak buat bintangnya!
Seneng banget bisa jadi bagian dari pengalaman kamu yang menyenangkan 💫

Kalau nanti ada yang mau ditanyain, keluh kesah, atau sekadar butuh bantuan, langsung aja ke fitur Live Chat di aplikasi Floq.

Stay happy dan semoga harimu semanis review kamu tadi~ ✨",2025-11-03 10:45:41,1.5.5
643b9a3f-41b3-4675-9ca6-d2d7fa740e1f,Vick Shop,https://play-lh.googleusercontent.com/a/ACg8ocLCDTmo_bc6evvCyLwVrQms2GyyJwy0dgpEeDrLlThjw7hqQw=mo,"Gak nyangka FLOQ sepraktis ini buat exchange crypto UI-nya keren, fitur lengkap, cocok banget buat anak muda yang pengen mulai trading crypto dari sekarang! #AplikasiCrypto",5,0,1.5.5,2025-11-02 15:54:39,"Halo! Wah, terima kasih udah kasih rating bagus buat kami!
Seneng deh bisa jadi bagian dari perjalanan kamu di dunia kripto bareng FLOQ 💫

Butuh bantuan atau mau ngobrol? Tim kita siap sedia di Live Chat aplikasi!
Semoga harimu seceria pesan yang kamu kirim tadi ya ✨",2025-11-03 08:38:25,1.5.5
aba43ec4-b682-4ca0-95de-8e3bc1ebfbe4,Reza Yusmar,https://play-lh.googleusercontent.com/a-/ALV-UjX1IoTVtm4sXV3JLJJQtoN0_SmJkitHmsAXtF-SvtfHCY95HCk,keren banget poll aplikasinya cocok banget untuk orang miskin menengah karena di mulai dari deposit 1k rupiah aja on chain transaksinya cpt.. tapi mohon koin di listing dan di seleksi lebih mendalem lagi itu aja yang saya ku sampaikan terima kasih 🙏🙏,5,0,1.5.5,2025-10-31 15:28:08,"Hai! 👋
Terima kasih banyak atas review positifnya 🙌 Senang banget dengar kamu nyaman pakai aplikasi Floq.
Masukan soal fitur Futures sudah kami catat ya 👍 Tim kami terus berinovasi, semoga segera bisa hadir.
Jangan lupa terus pantau update dari Floq 🚀",2025-10-31 15:47:03,1.5.5
ddecd411-e2c7-4ec4-af9f-0ff492266e04,Bagus Maulana,https://play-lh.googleusercontent.com/a/ACg8ocKnNWMeybNeupB_KhZVH9V18vaqNbrSXmTOWkU8KqgwZoao1w=mo,"aplikasi trading bitcoin yang sangat mudah digunakan dan aman! Dengan fitur edukasi yang lengkap dan antarmuka yang intuitif, FLOQ membuat investasi crypto menjadi lebih mudah dijangkau oleh semua orang. Proses transaksi cepat dan biaya kompetitif membuat FLOQ menjadi pilihan yang tepat untuk memulai investasi crypto. Selain itu, dukungan komunitas yang kuat dan layanan pelanggan 24/7 membuat saya merasa didampingi dalam perjalanan investasi saya. Dengan FLOQ,#AplikasiCrypto",5,0,1.5.5,2025-11-02 18:02:50,"Halo! Wah, terima kasih udah kasih rating bagus buat kami!
Seneng deh bisa jadi bagian dari perjalanan kamu di dunia kripto bareng FLOQ 💫

Butuh bantuan atau mau ngobrol? Tim kita siap sedia di Live Chat aplikasi!
Semoga harimu seceria pesan yang kamu kirim tadi ya ✨",2025-11-03 09:01:23,1.5.5
81f0e86b-8085-4690-89dd-46063bab461a,Fa Gans,https://play-lh.googleusercontent.com/a/ACg8ocJEa42XIm0Pp0QhmaFn3kwBaapWWClvwc-wV7mgUMuGCnsv=mo,"#AplikasiCrypto Floq benar-benar memudahkan saya untuk beli dan jual aset crypto dengan cepat. Tampilan aplikasinya modern, ringan, dan sangat mudah dipahami bahkan untuk pemula",5,0,1.5.5,2025-11-02 14:12:25,"Haiii, makasih banyak udah sempetin kasih review! 🌟
Kita seneng banget bisa nemenin perjalanan kamu bareng FLOQ
Kalau nanti ada yang bikin bingung, pengen tanya-tanya, atau cuma mau say hi, langsung aja ke Live Chat ya!
Semoga hari kamu secerah semangatnya ✨",2025-11-02 23:38:25,1.5.5
e1239a38-3412-482c-9e11-9c88dc5a4e19,Noey Rachman,https://play-lh.googleusercontent.com/a-/ALV-UjVieCdSkhrrUVDHMvA-bkf4HmrTW6UP8dSaXww3yO0lt0zpByg,"#AplikasiCrypto Indonesia yang aman, mudah, dan terpercaya buat beli atau jual crypto maupun bitcoin. Belum lagi tampilan yang sederhana buat pemula yang ingin coba trading pasti langsung bisa. Nggak nyangka bisa dapat aplikasi yang sekeren ini.",5,0,1.5.5,2025-11-02 08:49:01,"Hai! Terima kasih banyak buat bintangnya!
Seneng banget bisa jadi bagian dari pengalaman kamu yang menyenangkan 💫

Kalau nanti ada yang mau ditanyain, keluh kesah, atau sekadar butuh bantuan, langsung aja ke fitur Live Chat di aplikasi Floq.

Stay happy dan semoga harimu semanis review kamu tadi~ ✨",2025-11-02 10:54:49,1.5.5
e1b6e5cf-5e43-41ea-89e7-cdd007f2544b,Khalifah Fah,https://play-lh.googleusercontent.com/a-/ALV-UjV_VRa9KXKQGzE42T63o4sR9gMdmlAFcT39U90Ab494EYPwsieR,"Baru saja mencoba aplikasi Floq untuk Beli Crypto dan Jual Crypto,Aplikasi crypto ini sangat mudah digunakan dan memiliki fitur yang lengkap untuk Trading Crypto. Dengan Floq, saya bisa membeli dan menjual bitcoin serta cryptocurrency lainnya dengan cepat dan aman. Aplikasi ini juga memiliki tampilan yang user-friendly dan desain yang modern. Saya sangat puas dengan pengalaman menggunakan Floq! #AplikasiCrypto",5,0,1.5.5,2025-11-02 09:01:19,"Hai! Terima kasih banyak buat bintangnya!
Seneng banget bisa jadi bagian dari pengalaman kamu yang menyenangkan 💫

Kalau nanti ada yang mau ditanyain, keluh kesah, atau sekadar butuh bantuan, langsung aja ke fitur Live Chat di aplikasi Floq.

Stay happy dan semoga harimu semanis review kamu tadi~ ✨",2025-11-02 13:12:34,1.5.5
55fcc06f-99f9-4da7-91f5-b091c3176e4b,ASEP,https://play-lh.googleusercontent.com/a/ACg8ocKiQu8eQ2S-Ce4MTbaZ8yghL03uCo6xJX6dE-GhTlxWFAFhtw=mo,Aplikasinya sangat mudah digunakan! Cocok banget buat pemula yang mau beli bitcoin atau mulai belajar investasi digital. Transaksi cepat dan aman! #AplikasiCrypto,5,0,1.5.5,2025-11-02 15:49:34,"Halo! Wah, terima kasih udah kasih rating bagus buat kami!
Seneng deh bisa jadi bagian dari perjalanan kamu di dunia kripto bareng FLOQ 💫
Butuh bantuan atau mau ngobrol? Tim kita siap sedia di Live Chat aplikasi!
Semoga harimu seceria pesan yang kamu kirim tadi ya ✨",2025-11-03 07:38:27,1.5.5
1e1825f5-b822-4516-9fe1-7602926fcd51,Ben Nash,https://play-lh.googleusercontent.com/a-/ALV-UjV1PXihZ6ZJC3ORyt50kOM7TlxfNxJoKS_0PjVMRv3kdUE-M0k,"FLOQ keren banget buat trading crypto, tampilannya simpel dan gampang dipakai. Transaksi juga cepet tanpa ribet. Wajib coba deh #AplikasiCrypto",5,0,1.5.5,2025-10-29 12:37:47,"Hai! Terima kasih banyak buat bintangnya!
Seneng banget bisa jadi bagian dari pengalaman kamu yang menyenangkan 💫
Kalau nanti ada yang mau ditanyain, keluh kesah, atau sekadar butuh bantuan, langsung aja ke fitur Live Chat di aplikasi Floq.
Stay happy dan semoga harimu semanis review kamu tadi~ ✨",2025-10-29 12:52:32,1.5.5
25476653-584c-4c93-ad8a-d9ceda8eb056,Yandi Oktafiadi,https://play-lh.googleusercontent.com/a-/ALV-UjU6Fps6XihjIAPn8bCicW8Kzz-JQFEr_qCaMBvNRU7UVmW8bHo,"Aplikasi Floq, aplikasi yg simpel daftar nya, mudah berinvestasi hanya dengan 1000 rupiah kita sudah bisa investasi krypto di Aplikasi Floq, mudah Topup nya hanya dengan Aplikasi Gopay kita sudah bisa Topup diAplikasi Floq #Aplikasicrypto",5,0,1.5.5,2025-10-30 00:27:36,"Hai! Terima kasih banyak buat bintangnya!
Seneng banget bisa jadi bagian dari pengalaman kamu yang menyenangkan 💫
Kalau nanti ada yang mau ditanyain, keluh kesah, atau sekadar butuh bantuan, langsung aja ke fitur Live Chat di aplikasi Floq.
Stay happy dan semoga harimu semanis review kamu tadi~ ✨",2025-10-30 07:14:35,1.5.5
c3f59546-3651-4eac-a5cf-a002f58ae009,Rahmat Hidayat,https://play-lh.googleusercontent.com/a-/ALV-UjXx6_v49CSp44o4fACLj0xj4bEIgEG0cchCaVfx43o9nNE5qsY,"Baru coba AplikasiCrypto FLOQ, ternyata enak banget dipakai buat beli bitcoin dan trading crypto. Prosesnya cepat dan tampilannya juga simple, cocok buat pemula yang mau belajar investasi kripto👍",5,0,1.5.5,2025-11-02 16:10:40,"Hai! Terima kasih banyak buat bintangnya!
Seneng banget bisa jadi bagian dari pengalaman kamu yang menyenangkan 💫
Kalau nanti ada yang mau ditanyain, keluh kesah, atau sekadar butuh bantuan, langsung aja ke fitur Live Chat di aplikasi Floq.
Stay happy dan semoga harimu semanis review kamu tadi~ ✨",2025-11-03 08:01:41,1.5.5
5ec798e6-40ef-4349-9924-54dcdb942764,Agung Eka,https://play-lh.googleusercontent.com/a-/ALV-UjUoho-Cp9HbbTFhoGNUY8A7GXgAHT7DXR4N2iiC4Zn131T0hTHX,"Aplikasinya bagus, UInya simple, dan mudah dimengerti, bisa jual dan beli crypto dengan mudah, dan cryptonya beragam dari bitcoin, ethereum, dll.",5,0,1.5.5,2025-11-02 09:47:01,"Haiii, makasih banyak udah sempetin kasih review! 🌟
Kita seneng banget bisa nemenin perjalanan kamu bareng FLOQ
Kalau nanti ada yang bikin bingung, pengen tanya-tanya, atau cuma mau say hi, langsung aja ke Live Chat ya!
Semoga hari kamu secerah semangatnya ✨",2025-11-02 15:17:40,1.5.5
e79a0728-0e10-41b8-a448-cb8ea6f26a16,Ozora Phoebe,https://play-lh.googleusercontent.com/a-/ALV-UjX5g9AlETq-23lQKXIppwdvnuI01QKvP5VLTT60ASW--phrl18,"aplikasinya bagus, mudah dan juga cepet,proses beli crypto nya juga cepet, jadi buat yang baru belajar cocok banget, sangat aman dan nyaman banget pake aplikasi ini #aplikasicrypto",5,0,1.5.5,2025-11-02 12:55:46,"Haiii, makasih banyak udah sempetin kasih review! 🌟
Kita seneng banget bisa nemenin perjalanan kamu bareng FLOQ
Kalau nanti ada yang bikin bingung, pengen tanya-tanya, atau cuma mau say hi, langsung aja ke Live Chat ya!
Semoga hari kamu secerah semangatnya ✨",2025-11-02 21:16:26,1.5.5
81d3825f-07b4-4f5f-81ba-27e84e954672,Al majid junior,https://play-lh.googleusercontent.com/a-/ALV-UjWdCG1Qwd2awsl9r0GZlEb404XL5fxfsqx1dCVZcB6J2HGczuMT,"Aplikasi ini merupakan platform investasi aset kripto yang aman dan mudah digunakan, cocok untuk pemula dan trader berpengalaman. Dengan fitur edukasi dan proses deposit yang mudah, FLOQ dapat menjadi pilihan yang tepat bagi mereka yang ingin memulai investasi kripto #Alikasicrypto",5,0,1.5.5,2025-11-02 17:23:50,"Hai! Terima kasih banyak buat bintangnya!
Seneng banget bisa jadi bagian dari pengalaman kamu yang menyenangkan 💫
Kalau nanti ada yang mau ditanyain, keluh kesah, atau sekadar butuh bantuan, langsung aja ke fitur Live Chat di aplikasi Floq.
Stay happy dan semoga harimu semanis review kamu tadi~ ✨",2025-11-03 08:33:55,1.5.5
92fbd143-516b-41bd-ac8e-b7bbe8aa0dcc,OCEK BSL89,https://play-lh.googleusercontent.com/a-/ALV-UjWiFMTnY-btuttNW7yyJKc2jcHwqu7b1JcwMFW4yZwGxpYJjdVm,"Aplikasi FLOQ sangat membantu untuk jual beli aset kripto seperti Bitcoin, Ethereum, dan Solana dengan mudah dan cepat. Tampilannya sederhana, dan ringan. Proses transaksi juga aman karena aplikasi ini sudah berlisensi dan memiliki sistem keamanan yang baik. Selain itu, update terbarunya membuat aplikasi semakin stabil, terutama saat membuka konten WebView. Selama saya gunakan, tidak ada kendala berarti. Rekomendasi banget. #AplikasiCrypto",5,0,1.5.5,2025-11-03 10:44:06,"Hai! Terima kasih banyak buat bintangnya!
Seneng banget bisa jadi bagian dari pengalaman kamu yang menyenangkan 💫
Kalau nanti ada yang mau ditanyain, keluh kesah, atau sekadar butuh bantuan, langsung aja ke fitur Live Chat di aplikasi Floq.
Stay happy dan semoga harimu semanis review kamu tadi~ ✨",2025-11-03 10:35:06,1.5.5
86d37b3c-c70a-414e-aff3-0d08da1cfd8f,Keyla Naura,https://play-lh.googleusercontent.com/a/ACg8ocJ0RUfROSF7s36t_NqkrIvWViTpBZktUfcyxeval9ZzUGVKwg=mo,"pengguna baru di aplikasi ini, enak banget jual beli crypto cepat, selain itu juga simpel dan mudah dipahami buat pemula, pokonya top deh #AplikasiCrypto",5,0,1.5.5,2025-11-02 19:03:13,"Hai! Terima kasih banyak buat bintangnya!
Seneng banget bisa jadi bagian dari pengalaman kamu yang menyenangkan 💫

Kalau nanti ada yang mau ditanyain, keluh kesah, atau sekadar butuh bantuan, langsung aja ke fitur Live Chat di aplikasi Floq.

Stay happy dan semoga harimu semanis review kamu tadi~ ✨",2025-11-03 09:27:23,1.5.5
2c38c2a3-204f-4e1a-abbb-8a460476b92f,bela kalesha,https://play-lh.googleusercontent.com/a/ACg8ocL3ZOHkXYv4Au2F-2p081-gQMy-3M52i0C0Ew6xVAL_LVez7A=mo,Floq aplikasi trading bitcoin terbaik banget deh bisa mulai dari 1.000 mudah di pahami juga transaksi cepat dan dafrr nya sangatmudah anti ribet pokonya jatuh cinta banget sama floq #AplikasiCrypto,5,0,1.5.5,2025-10-29 13:05:00,"Hai! Terima kasih banyak buat bintangnya!
Seneng banget bisa jadi bagian dari pengalaman kamu yang menyenangkan 💫
Kalau nanti ada yang mau ditanyain, keluh kesah, atau sekadar butuh bantuan, langsung aja ke fitur Live Chat di aplikasi Floq.
Stay happy dan semoga harimu semanis review kamu tadi~ ✨",2025-10-29 13:15:50,1.5.5
94de7740-d9af-48b5-bdd3-0276fe2a844b,Hartini Astuti,https://play-lh.googleusercontent.com/a-/ALV-UjUyWtw2vc4awCJ_ipTMvKP3tfr92H8OACm595jTfPrkIDi6upQ,"aplikasinya bagus, tampilannya simple, mudah dimengerti, bisa investasi kripto, dan bisa juga untuk jual beli bitcoin. #AplikasiCrypto",5,0,1.5.5,2025-11-02 19:26:26,"Hai! Terima kasih banyak buat bintangnya!
Seneng banget bisa jadi bagian dari pengalaman kamu yang menyenangkan 💫

Kalau nanti ada yang mau ditanyain, keluh kesah, atau sekadar butuh bantuan, langsung aja ke fitur Live Chat di aplikasi Floq.

Stay happy dan semoga harimu semanis review kamu tadi~ ✨",2025-11-03 09:30:47,1.5.5
f2247bad-7dd4-4b3e-b73f-ba03003117f3,Tuman Boy,https://play-lh.googleusercontent.com/a/ACg8ocJtYgROjOt3b81GPofszyODYMYPqLtTrUYFh1_4wReP-0FZ4w=mo,kepada admin floq tolong di bagian menu dompet tambahkan pnl di setiap aset yang dimiliki ya biar lebih enak dan bisa tau coin itu naiknya berapa persen dan turunnya berapa persen min koreksi lagi tambah sl dan tp kalo bisa samakan kaya exchange luar tampilannya,5,0,1.5.4,2025-10-25 10:01:54,"Hai! 👋
Terima kasih banyak atas review positifnya 🙌 Senang banget dengar kamu nyaman pakai aplikasi Floq.
Masukan soal fitur Futures sudah kami catat ya 👍 Tim kami terus berinovasi, semoga segera bisa hadir.
Jangan lupa terus pantau update dari Floq 🚀",2025-10-25 10:05:20,1.5.4
e5af67ba-8c80-474d-882d-249da5e42ea7,Geovanno Galih,https://play-lh.googleusercontent.com/a-/ALV-UjXiFhEe4q55ldo_JQvrpAQuaVPAiuNABKuUYDWEj8-2EKlj1Yfx,"Aplikasi FLOQ benar-benar membantu aktivitas Trading crypto saya. Fitur-fiturnya lengkap, interface-nya bersih, dan eksekusi transaksinya cepat. Sangat cocok bagi yang mencari exchange crypto tepercaya di Indonesia. #AplikasiCrypto",5,0,1.5.5,2025-11-02 15:40:30,"Hai! Terima kasih banyak buat bintangnya!
Seneng banget bisa jadi bagian dari pengalaman kamu yang menyenangkan 💫

Kalau nanti ada yang mau ditanyain, keluh kesah, atau sekadar butuh bantuan, langsung aja ke fitur Live Chat di aplikasi Floq.

Stay happy dan semoga harimu semanis review kamu tadi~ ✨",2025-11-03 07:43:43,1.5.5
ff9644d5-ec59-41ef-a8e6-05444858fe14,FIKRI NUR HIDAYATULLAH,https://play-lh.googleusercontent.com/a-/ALV-UjVZI3BN7Hj9yDi0Do1FV-CETXvHWIBRTPLRrPj4IWKoyQp9wPB1Fg,"saya pengguna baru floq, dan ternyata lumayan mudah, tapi sangat di sayangkan untuk transaksi hanya bisa bank permata dan gopay, saya aj pengguna BCA, itu harus mindahin dulu ke permata, bhkn admin ny sampe Rp.6,500, tolong tambahin bank yg lain ny biar GK terlalu besar admin ny pas transaksi.",4,0,1.5.5,2025-11-03 00:20:14,"Hai! 👋
Terima kasih banyak untuk review positifnya! Senang banget tahu kamu suka dengan aplikasi Floq.

Soal fitur Futures, noted banget ya! Tim kami terus berusaha mengembangkan fitur-fitur baru, jadi semoga bisa segera hadir.
Stay tuned dan terus support Floq, ya! 🚀",2025-11-03 10:41:41,1.5.5
17f4306d-f21d-4c4f-8e9f-733ade988dac,Maria Silalahi,https://play-lh.googleusercontent.com/a-/ALV-UjXHkJjARp7oGbvJCPF2DeCK0BTm-n7pum2VcWNPtyGbkkf26HQelw,Aplikasi nya cocok untuk pemula ya yang masih belajar investasi dan crypto. Fiturnya byk mulai dari jual dan beli crypto. Mudah mudahan sy cocok di aplikasi ini. #AplikasiCrypto,5,0,1.5.6,2025-11-03 12:32:16,"Hai! Terima kasih banyak buat bintangnya!
Seneng banget bisa jadi bagian dari pengalaman kamu yang menyenangkan 💫

Kalau nanti ada yang mau ditanyain, keluh kesah, atau sekadar butuh bantuan, langsung aja ke fitur Live Chat di aplikasi Floq.

Stay happy dan semoga harimu semanis review kamu tadi~ ✨",2025-11-03 14:11:57,1.5.6
c9bc5b0b-e9fd-4455-828d-be66a144e487,Dora,https://play-lh.googleusercontent.com/a-/ALV-UjWFj9sU8X92bFZ4fBZ8EKFYMoIywkyJHCHneNPLF-uRv_ppWLE,Aplikasi FLOQ keren banget! Tampilan simple dan mudah digunakan untuk trading crypto. Proses beli bitcoin juga cepat dan aman. Cocok banget buat pemula yang mau belajar investasi kripto. #AplikasiCrypto,5,0,1.5.5,2025-11-02 05:18:30,"Hai! Terima kasih banyak buat bintangnya!
Seneng banget bisa jadi bagian dari pengalaman kamu yang menyenangkan 💫

Kalau nanti ada yang mau ditanyain, keluh kesah, atau sekadar butuh bantuan, langsung aja ke fitur Live Chat di aplikasi Floq.

Stay happy dan semoga harimu semanis review kamu tadi~ ✨",2025-11-02 09:02:34,1.5.5
880d0275-b5b0-4440-9953-8839dee74f9e,Mr Kompak,https://play-lh.googleusercontent.com/a-/ALV-UjWlqtCdAvY4OFR3MUkv8lnhi9b7cMsiVzuyoB-Nk8KqR7DH05iB,"Ini aplikasi bitcoin terbagus si menurut ku untuk tampilannya simple untuk pemula,apalagi ini aplikasinya sudah di awasi OJK,investasi kriptonya juga murah bisa mulai dari 1000 rupiah#AplikasiCrypto",5,0,1.5.5,2025-11-02 11:05:34,"Haiii, makasih banyak udah sempetin kasih review! 🌟
Kita seneng banget bisa nemenin perjalanan kamu bareng FLOQ
Kalau nanti ada yang bikin bingung, pengen tanya-tanya, atau cuma mau say hi, langsung aja ke Live Chat ya!
Semoga hari kamu secerah semangatnya ✨",2025-11-02 17:27:05,1.5.5
c12f77f2-ec28-4316-9fcc-fb109f299dae,Ardiansyah Bagus,https://play-lh.googleusercontent.com/a/ACg8ocKdPn691T0X484qNyIdEXytfm_yEB_jRJZTYyIFULuBJeb5wA=mo,"Mantap banget! FLOQ ini bener-bener aplikasi trading bitcoin yang user-friendly dan aman. Transaksi cepat, tampilan bersih, dan dukungan pelanggan juga responsif. Rekomendasi banget buat yang mau trading crypto di Indonesia! 💪 #AplikasiCrypto",5,0,1.5.5,2025-11-01 23:39:51,"Hai! Terima kasih banyak buat bintangnya!
Seneng banget bisa jadi bagian dari pengalaman kamu yang menyenangkan 💫

Kalau nanti ada yang mau ditanyain, keluh kesah, atau sekadar butuh bantuan, langsung aja ke fitur Live Chat di aplikasi Floq.

Stay happy dan semoga harimu semanis review kamu tadi~ ✨",2025-11-02 08:14:54,1.5.5
5afa02ed-3107-4672-9711-28f2a0682bd1,Andini Nuriyanti,https://play-lh.googleusercontent.com/a-/ALV-UjXqHbQpE4c1OD_TYqRbBVeK30izqn5pYBaM-UmFBjP6knj5esR4,"Aplikasi yang sangat user-friendly! Proses Aplikasi jual beli crypto di sini cepat dan keamanannya terjamin. Tampilan antarmukanya bersih dan mudah dipahami, cocok buat pemula. Top banget! #AplikasiCrypto",5,0,1.5.5,2025-11-02 15:02:56,"Halo! Wah, terima kasih udah kasih rating bagus buat kami!
Seneng deh bisa jadi bagian dari perjalanan kamu di dunia kripto bareng FLOQ 💫
Butuh bantuan atau mau ngobrol? Tim kita siap sedia di Live Chat aplikasi!
Semoga harimu seceria pesan yang kamu kirim tadi ya ✨",2025-11-03 07:30:45,1.5.5
f9e1d406-0aad-447e-a31b-81ec75195c1b,Huriyatul Jannah,https://play-lh.googleusercontent.com/a-/ALV-UjVLO2OQEtZ7-zJjotKXlBWpyug_MptcmO-aANCHx072bMHVxp2C,"aplikasi ini sangat sangat memuaskann memudahkan kita dalam beli bitcoin,apalagi kita di apk inj bisa investasi kripto, sangat bermanfaat dan memudahkan. #Aplikasicrypto",5,0,1.5.5,2025-10-29 13:24:42,"Hai! Terima kasih banyak buat bintangnya!
Seneng banget bisa jadi bagian dari pengalaman kamu yang menyenangkan 💫
Kalau nanti ada yang mau ditanyain, keluh kesah, atau sekadar butuh bantuan, langsung aja ke fitur Live Chat di aplikasi Floq.
Stay happy dan semoga harimu semanis review kamu tadi~ ✨",2025-10-29 13:38:25,1.5.5
ea0720dc-9320-4888-879b-c880364fa24f,Nur Aliyah,https://play-lh.googleusercontent.com/a-/ALV-UjWcBekoHm8G2ApDDlO5XEGAIyRmYK8Yts4lz8QuEzh-8GaEn75b,aplikasi crypto indonesia terpercaya dan pasti aman. tampilannya juga simpel jd mudah dipahami bagi pemula dan cs nya juga sangat responsif banget .rekomen banget #AplikasiCrypto,5,0,1.5.5,2025-11-02 10:11:04,"Hai! Terima kasih banyak buat bintangnya!
Seneng banget bisa jadi bagian dari pengalaman kamu yang menyenangkan 💫

Kalau nanti ada yang mau ditanyain, keluh kesah, atau sekadar butuh bantuan, langsung aja ke fitur Live Chat di aplikasi Floq.

Stay happy dan semoga harimu semanis review kamu tadi~ ✨",2025-11-02 09:43:55,1.5.5
1e816e41-e09e-408a-97ac-66a30dadf599,Putu Pramana,https://play-lh.googleusercontent.com/a-/ALV-UjUhe4U-jXHbWXvRMpwy3eYjACDKJM6_sRfG8bwZtTbsW3vRfn-A0g,"floq bagus, simple,, sdkit tmbahan, klo bs sih diisi limit ordernya kak, biar bs ngatur mau beli di harga yg kita tentukan, jd saat market tiba2 dump, bs lngsng auto dpt buy hrga bawah. thankz kak. 🍀",5,0,1.5.5,2025-10-29 10:27:29,"Hai! 👋
Terima kasih banyak atas review positifnya 🙌 Senang banget dengar kamu nyaman pakai aplikasi Floq.
Masukan soal fitur Futures sudah kami catat ya 👍 Tim kami terus berinovasi, semoga segera bisa hadir.
Jangan lupa terus pantau update dari Floq 🚀",2025-10-29 10:30:28,1.5.5
9d8076ea-f224-4e1d-b237-704bffe24ac0,luna cuy,https://play-lh.googleusercontent.com/a/ACg8ocLnDPdgqJK6fxbsvcZ-5hQWFNk4Pb9r-rWPEaK_6kBBnpKgsyg=mo,"apknya bagus, fitur lengkap mudah dimengerti, bisa untuk jual dan beli bitcoin dan banyak fitur lainnya #AplikasiCrypto",5,0,1.5.5,2025-11-04 13:09:37,"Hai! Terima kasih banyak buat bintangnya!
Seneng banget bisa jadi bagian dari pengalaman kamu yang menyenangkan 💫
Kalau nanti ada yang mau ditanyain, keluh kesah, atau sekadar butuh bantuan, langsung aja ke fitur Live Chat di aplikasi Floq.
Stay happy dan semoga harimu semanis review kamu tadi~ ✨",2025-11-04 13:15:13,1.5.5
1673ef1d-0d73-46a5-b69d-896462b26d7f,Naufal Fall,https://play-lh.googleusercontent.com/a-/ALV-UjXWW_zjqkbbFnngCs2AIvUqsCveewPpYV67V333wh2rw-aAfGIG,"beli aset dan treding crypto nya sangat mudah, aplikasi floq mudah di gunakan, dari pada kalian beli kopi 30.000 tiap hari, mending beli aset crypto, mulai dengan 1.000 aja udah bisa trading loh🔥🔥@falltrade #INVESTASIDIFLOQ",5,0,1.5.5,2025-10-28 01:37:25,"Hai! Terima kasih banyak buat bintangnya!
Seneng banget bisa jadi bagian dari pengalaman kamu yang menyenangkan 💫
Kalau nanti ada yang mau ditanyain, keluh kesah, atau sekadar butuh bantuan, langsung aja ke fitur Live Chat di aplikasi Floq.
Stay happy dan semoga harimu semanis review kamu tadi~ ✨",2025-10-28 07:02:27,1.5.5
758545e7-2ffa-40cc-916f-b892df67fc42,Sanzz Diii,https://play-lh.googleusercontent.com/a/ACg8ocJJQ2qWyyc_67ar-AKrP4t_GEklrTFb2Gho-vJMbV3W7GC1kQ=mo,"Aplikasi crypto terbaik! Mudah banget buat jual beli crypto dan trading bitcoin. Tampilan aplikasinya juga simple, cocok buat pemula yang mau investasi kripto. #AplikasiCrypto",5,0,1.5.5,2025-11-02 13:13:18,"Halo! Wah, terima kasih udah kasih rating bagus buat kami!
Seneng deh bisa jadi bagian dari perjalanan kamu di dunia kripto bareng FLOQ 💫
Butuh bantuan atau mau ngobrol? Tim kita siap sedia di Live Chat aplikasi!
Semoga harimu seceria pesan yang kamu kirim tadi ya ✨",2025-11-02 21:54:49,1.5.5
04e3d997-118b-47dd-b657-7e1460bbe85a,Rizi Rifandi,https://play-lh.googleusercontent.com/a/ACg8ocKniM1wud9NE2g0TBVTR9MZeHTwCVXwTOpR2YPN3iwE9I1QYyA=mo,User interface nya bersih dan mudah dipake. Cocok buat yg mau nyobain investasi kripto tanpa ribet. Aku suka karena proses daftar juga cepet #AplikasiCrypto,5,0,1.5.5,2025-11-02 09:52:46,"Haiii, makasih banyak udah sempetin kasih review! 🌟
Kita seneng banget bisa nemenin perjalanan kamu bareng FLOQ
Kalau nanti ada yang bikin bingung, pengen tanya-tanya, atau cuma mau say hi, langsung aja ke Live Chat ya!
Semoga hari kamu secerah semangatnya ✨",2025-11-02 15:49:39,1.5.5
169f5d4c-fbce-4921-b6ff-1b7e71b2398e,Wijayanti Dwi,https://play-lh.googleusercontent.com/a/ACg8ocJUdoXhBG36KKJm9_wFCjzVlwCa6rO4w0I8ely_d7t9tWb7Lw=mo,"Beli bitcoin disini aman banget,dan tampilan dan fiturnya memukau banget karna sangat nyaman apalagi bisa buat trading crypto dan jualnya tidak ribet #AplikasiCrypto",5,0,1.5.5,2025-11-02 18:01:50,"Halo! Wah, terima kasih udah kasih rating bagus buat kami!
Seneng deh bisa jadi bagian dari perjalanan kamu di dunia kripto bareng FLOQ 💫

Butuh bantuan atau mau ngobrol? Tim kita siap sedia di Live Chat aplikasi!
Semoga harimu seceria pesan yang kamu kirim tadi ya ✨",2025-11-03 08:58:40,1.5.5
2f0f24df-62bc-4cb4-bb90-a10084112578,LASIAF,https://play-lh.googleusercontent.com/a-/ALV-UjUcjHCFTD5e_F5ftAbmlHfQ0dVuzekpjzcsAM1WKp6k3uO1TuiV,"Aplikasi crypto paling bagus dan mudah digunakan. Beli crypto jadi sangat simple, pokoknya Exchange crypto paling bagus dehh!!",5,0,1.5.5,2025-11-02 18:33:34,"Hai! Terima kasih banyak buat bintangnya!
Seneng banget bisa jadi bagian dari pengalaman kamu yang menyenangkan 💫

Kalau nanti ada yang mau ditanyain, keluh kesah, atau sekadar butuh bantuan, langsung aja ke fitur Live Chat di aplikasi Floq.

Stay happy dan semoga harimu semanis review kamu tadi~ ✨",2025-11-03 09:21:39,1.5.5
ba1bab71-7069-4734-8f3c-5cf1fc9afb38,Otellie Kanya S,https://play-lh.googleusercontent.com/a/ACg8ocLSw4QQX_oFgGi6wIOM8Z6aizHxvFJK5I9x7kxaA_kMZFeR6A=mo,untuk saat masuk sudah ulangi pin baru namun tidak bisa masuk ke aplikasinya dan kode otp juga harus isi berkali-kali kali tapi tetap tidak bisa masuk.,3,0,1.5.6,2025-11-04 11:14:21,"Hai!
Maaf banget ya atas kendala yang kamu alami.
Biar bisa kami bantu lebih lanjut, kamu bisa langsung hubungi tim support melalui fitur Live Chat di aplikasi Floq.
Terima kasih sudah sabar — kita akan pastikan prosesnya berjalan lancar secepat mungkin! ✨",2025-11-04 11:19:01,1.5.6
e3dad29d-94b0-414b-aadc-3ace8e884924,Cantika Putri Destiyas Cika,https://play-lh.googleusercontent.com/a/ACg8ocII356rKdgShOqca-pkydCR8v9aOQFj63s76zkRZrDkEWJixw=mo,"aplikasi crypto sangat baikk, cocok buat pemula ,fitur""nya nya bagus gak bikin khawatir dan gak ribet saat digunakan aman dan tidak legal aplikasi sangat membantu",5,0,1.5.5,2025-11-02 00:17:48,"Hai! Terima kasih banyak buat bintangnya!
Seneng banget bisa jadi bagian dari pengalaman kamu yang menyenangkan 💫

Kalau nanti ada yang mau ditanyain, keluh kesah, atau sekadar butuh bantuan, langsung aja ke fitur Live Chat di aplikasi Floq.

Stay happy dan semoga harimu semanis review kamu tadi~ ✨",2025-11-02 08:49:40,1.5.5
2d0fac09-321d-49c2-9143-29f03bf3ed6b,Mugih Mugihbotak,https://play-lh.googleusercontent.com/a/ACg8ocLCbKd_r7xFDHcSZXQlSw4NwKZLsubgdeZUR-lXIK_-MAl67w=mo,"aplikasinya bagus, tampilannya simple, beli bitcoin di sini mudah, aplikasinya rekomen banget buat kalian yang baru mau mulai trading atau investasi #AplikasiCrypto",5,0,1.5.5,2025-11-02 08:51:41,"Hai! Terima kasih banyak buat bintangnya!
Seneng banget bisa jadi bagian dari pengalaman kamu yang menyenangkan 💫

Kalau nanti ada yang mau ditanyain, keluh kesah, atau sekadar butuh bantuan, langsung aja ke fitur Live Chat di aplikasi Floq.

Stay happy dan semoga harimu semanis review kamu tadi~ ✨",2025-11-02 10:57:32,1.5.5
315e4d37-3534-4af2-b046-149672e0b540,Munirah Mun,https://play-lh.googleusercontent.com/a-/ALV-UjVFliQqa_L-wNU6WbC5FqbEF5ytg1JX4gtsN8uQnb5BOY1VqooM,"Aplikasi Floq ini enak banget dipakai, prosesnya cepat, tampilannya simpel dan bisa transaksi kripto mulai dari 1.000",5,0,1.5.5,2025-11-02 00:20:19,"Hai! Terima kasih banyak buat bintangnya!
Seneng banget bisa jadi bagian dari pengalaman kamu yang menyenangkan 💫

Kalau nanti ada yang mau ditanyain, keluh kesah, atau sekadar butuh bantuan, langsung aja ke fitur Live Chat di aplikasi Floq.

Stay happy dan semoga harimu semanis review kamu tadi~ ✨",2025-11-02 09:16:52,1.5.5
45140926-4fb2-4cfe-8df3-6ecd7f79295f,Syahida Wafa,https://play-lh.googleusercontent.com/a-/ALV-UjXkQrHEqfCdvP9n-H8o5-gCZOB9ByESpcw-VyfvcRk8gfKXE6Y,"aplikasi nya sangat bagus dan dapar di percaya dan mempermudah says untuk mendapatkan uang sampingan, pokoknya aplikasi ini the best dehhh, kaliann haruss cobainn jugaa. •Trading crypto •Aplikasi trading bitcoin #AplikasiCrypto",5,0,1.5.5,2025-11-02 11:18:44,"Haiii, makasih banyak udah sempetin kasih review! 🌟
Kita seneng banget bisa nemenin perjalanan kamu bareng FLOQ
Kalau nanti ada yang bikin bingung, pengen tanya-tanya, atau cuma mau say hi, langsung aja ke Live Chat ya!
Semoga hari kamu secerah semangatnya ✨",2025-11-02 17:39:52,1.5.5
5b983091-65b8-4851-b1e3-22e71a813649,naey na,https://play-lh.googleusercontent.com/a/ACg8ocKA4sJVKTEgR3TV2NmzIPSXI2aQfq6fuCrdMnz7ljM2lW06SA=mo,"Aplikasi trading bitcoin yang praktis banget, tampilannya enak dilihat dan fiturnya komplit. Recommended buat yang serius di dunia crypto! #AplikasiCrypto",5,0,1.5.5,2025-11-02 21:29:10,"Hai! Terima kasih banyak buat bintangnya!
Seneng banget bisa jadi bagian dari pengalaman kamu yang menyenangkan 💫
Kalau nanti ada yang mau ditanyain, keluh kesah, atau sekadar butuh bantuan, langsung aja ke fitur Live Chat di aplikasi Floq.
Stay happy dan semoga harimu semanis review kamu tadi~ ✨",2025-11-03 10:10:56,1.5.5
558778a2-75a0-425a-8a8e-5406f82fe6b0,Arifin,https://play-lh.googleusercontent.com/a/ACg8ocIxWK1_D379pFpesVSy04HmqjP4juIlt35OkhSreJn_YNKZOQ=mo,"Sebagai pengguna aplikasi FLOQ, pengalaman saya sangat positif. Proses beli Bitcoin sangat mudah dan cepat, bahkan untuk pemula seperti saya yang baru mengenal dunia kripto #AplikasiCrypto",5,0,1.5.5,2025-11-02 08:48:46,"Hai! Terima kasih banyak buat bintangnya!
Seneng banget bisa jadi bagian dari pengalaman kamu yang menyenangkan 💫

Kalau nanti ada yang mau ditanyain, keluh kesah, atau sekadar butuh bantuan, langsung aja ke fitur Live Chat di aplikasi Floq.

Stay happy dan semoga harimu semanis review kamu tadi~ ✨",2025-11-02 10:22:36,1.5.5
2c236201-dbde-4dd4-b7d5-0c838d19ed0d,Yanto,https://play-lh.googleusercontent.com/a-/ALV-UjVa6K-G0oYR6LTQH1-BCkFb0P_RokZIjwop_vvglLNBGTirRbo,"Aku cari lama banget Exchange crypto, yang deposit minimum rendah, dan floq juga berelisiansi OJK jadi aman banget . Bagi pemula pasti mudah banget #AplikasiCrypto",5,0,1.5.5,2025-11-02 07:55:33,"Hai! Terima kasih banyak buat bintangnya!
Seneng banget bisa jadi bagian dari pengalaman kamu yang menyenangkan 💫

Kalau nanti ada yang mau ditanyain, keluh kesah, atau sekadar butuh bantuan, langsung aja ke fitur Live Chat di aplikasi Floq.

Stay happy dan semoga harimu semanis review kamu tadi~ ✨",2025-11-02 09:55:10,1.5.5
57b74d46-d196-4420-9125-37cbced5b3b7,Agus Pratama,https://play-lh.googleusercontent.com/a-/ALV-UjUXcNLVv9GB8tziRtcJr0fq4-fiAeixdI2T2Pz6CsT0ZKM0xk5V,"Nemu aplikasi yang mudah dipahami banget buat saya yang pemula,nyoba trading crypto platform transparan dan cs nya responsif bisa membantu kapan aja pas lagi kesulitan #AplikasiCrypto",5,0,1.5.6,2025-11-03 10:15:22,"Hai! Terima kasih banyak buat bintangnya!
Seneng banget bisa jadi bagian dari pengalaman kamu yang menyenangkan 💫
Kalau nanti ada yang mau ditanyain, keluh kesah, atau sekadar butuh bantuan, langsung aja ke fitur Live Chat di aplikasi Floq.
Stay happy dan semoga harimu semanis review kamu tadi~ ✨",2025-11-03 10:53:07,1.5.6
99d98ee4-862e-4af9-9199-50a33d9bd500,Slowmot Hard,https://play-lh.googleusercontent.com/a-/ALV-UjWYLmv9AWVFFgnE0CnTRd-wANDDw2YGSQ38ctR89bLCHkHniKy_,"Paket data habis pas lagi nonton drama, panik banget. Untungnya bisa langsung beli paket data internet dari m2u id, gak sampai semenit kuota langsung aktif #aplikasi kripto",5,0,1.5.5,2025-11-03 12:06:26,"Hai! Terima kasih banyak buat bintangnya!
Seneng banget bisa jadi bagian dari pengalaman kamu yang menyenangkan 💫
Kalau nanti ada yang mau ditanyain, keluh kesah, atau sekadar butuh bantuan, langsung aja ke fitur Live Chat di aplikasi Floq.
Stay happy dan semoga harimu semanis review kamu tadi~ ✨",2025-11-02 22:57:01,1.5.5
2541a677-b5b9-4172-b6c7-abf97010106f,Lusi Delisa,https://play-lh.googleusercontent.com/a/ACg8ocJBs_YEhpRglgJDBKwejnj4VU3zKcQwPFZ57asWAHzi_Zaehw=mo,Baru kali ini ketemu aplikas trading yang menguntungkan.jual dan beli britcoin yang mudah dan cepat.investasi kripto dan lain lain banyak pilihan .tampilannya mengasyikkan.Transparan dan aman.,5,0,1.5.5,2025-11-02 16:16:58,"Hai! Terima kasih banyak buat bintangnya!
Seneng banget bisa jadi bagian dari pengalaman kamu yang menyenangkan 💫
Kalau nanti ada yang mau ditanyain, keluh kesah, atau sekadar butuh bantuan, langsung aja ke fitur Live Chat di aplikasi Floq.
Stay happy dan semoga harimu semanis review kamu tadi~ ✨",2025-11-03 08:12:26,1.5.5
a359de24-4e94-40b9-bb28-a26e49e87266,Januar Hafizh,https://play-lh.googleusercontent.com/a-/ALV-UjUjkk7LvlbJwL0xCaJzk6yyPV5IRinaw9eMtAno5yMm2dp8JT8S,"ini aplikasi Bagus banget, gak akan nyesel kalau pakai ini, bisa ke semua crypto currency, trading crypto lancar, buy and sell nya juga lancar, gak ribet terbaik dah",5,0,1.5.5,2025-11-02 06:19:37,"Hai! Terima kasih banyak buat bintangnya!
Seneng banget bisa jadi bagian dari pengalaman kamu yang menyenangkan 💫

Kalau nanti ada yang mau ditanyain, keluh kesah, atau sekadar butuh bantuan, langsung aja ke fitur Live Chat di aplikasi Floq.

Stay happy dan semoga harimu semanis review kamu tadi~ ✨",2025-11-02 09:06:34,1.5.5
e52582fd-dbab-4015-842c-c5f33924f37f,Ferdi Ardiansyah,https://play-lh.googleusercontent.com/a-/ALV-UjUkcO0ih02J4plqImoFUU01HUv8hHtWX9oK24LEVpfuMCuyTX8w,"Saran verifikasi login jangan hanya melalui otp nomor ponsel,nomor ponsel saya sudah hilang,gabisa menerima otp,tapi tidak ada solusi/alternatif lain",4,1,1.5.6,2025-11-04 03:57:39,"Hai! 👋
Terima kasih banyak untuk review positifnya! Senang banget tahu kamu suka dengan aplikasi Floq.
Soal fitur Futures, noted banget ya! Tim kami terus berusaha mengembangkan fitur-fitur baru, jadi semoga bisa segera hadir.
Stay tuned dan terus support Floq, ya! 🚀",2025-11-04 07:51:04,1.5.6
d70e6a78-8c47-4c6b-8019-ed609364bcb4,Cheepot Ncep,https://play-lh.googleusercontent.com/a/ACg8ocI-ovSwCWFLVYrIkpXRQrgOmDicABF21pDp03k2INofbrE_Hg=mo,"over All bagus dan simpel,,hanya grafik kurang spesifik dan token tidak bisa di favoritkan..",5,0,1.5.5,2025-10-25 11:04:58,"Hai! 👋
Terima kasih banyak untuk review positifnya! Senang banget tahu kamu suka dengan aplikasi Floq.
Soal fitur Futures, noted banget ya! Tim kami terus berusaha mengembangkan fitur-fitur baru, jadi semoga bisa segera hadir.
Stay tuned dan terus support Floq, ya! 🚀",2025-10-25 11:07:46,1.5.5
3be21c41-67bb-4146-a7f6-41eb399f20b5,Helda cahya Wibowo,https://play-lh.googleusercontent.com/a-/ALV-UjXcueOKyfS-w1EKf8vFCnkYWyTjVJkbg23YRIG3WbuK7JFXum4,Aplikasi trading untuk pemula yang bagus banget pengoperasian mudah tampilan simple enteng di hp saya fitur tradingnya juga lengkap ga ragu juga buat investasi krypto #AplikasiCrypto,5,0,1.5.5,2025-11-02 10:02:13,"Haiii, makasih banyak udah sempetin kasih review! 🌟
Kita seneng banget bisa nemenin perjalanan kamu bareng FLOQ
Kalau nanti ada yang bikin bingung, pengen tanya-tanya, atau cuma mau say hi, langsung aja ke Live Chat ya!
Semoga hari kamu secerah semangatnya ✨",2025-11-02 16:08:28,1.5.5
032bf5e8-9665-4542-b654-25bd636a3d7d,Liefa az zhafa 1808,https://play-lh.googleusercontent.com/a/ACg8ocIlBUqfPoEy2xi6XxaHQ_dS5DbXeMHWExpb9T_XgKzW26grTg=mo,"ketemu aplikas trading yang menguntungkan nich,,FLOQ,aplikasi investasi berbagai fitur .jual britcoin dan beli britcoin yang mudah dan cepat.investasi kripto juga ada dengan pasaran yang bagus.tampilannya selalu fresh,Transparan dan aman.",5,0,1.5.5,2025-11-02 16:51:15,"Hai! Terima kasih banyak buat bintangnya!
Seneng banget bisa jadi bagian dari pengalaman kamu yang menyenangkan 💫
Kalau nanti ada yang mau ditanyain, keluh kesah, atau sekadar butuh bantuan, langsung aja ke fitur Live Chat di aplikasi Floq.
Stay happy dan semoga harimu semanis review kamu tadi~ ✨",2025-11-03 08:26:39,1.5.5
f1de8370-426c-42bf-8bd4-41bd3d484179,Nurul Jihan,https://play-lh.googleusercontent.com/a-/ALV-UjVxRA3JiNJJlMjyKbvRpc2DYt4lQL0jJbJ2vxUmEZOXcH-A-VJEXQ,"aplikasi FLOQ ini sangat berguna, FLOQ berizin OJK, memudahkan beli, jual, dan trading Bitcoin dengan modal kecil, tapi spread besar dan masih perlu perbaikan aplikasi. #aplikasi crypto",5,0,1.5.5,2025-11-02 16:07:13,"Halo! Wah, terima kasih udah kasih rating bagus buat kami!
Seneng deh bisa jadi bagian dari perjalanan kamu di dunia kripto bareng FLOQ 💫

Butuh bantuan atau mau ngobrol? Tim kita siap sedia di Live Chat aplikasi!
Semoga harimu seceria pesan yang kamu kirim tadi ya ✨",2025-11-03 08:48:24,1.5.5
5089b9a9-15b6-4cb9-8219-97505cf043e6,SHABRI HANANTA,https://play-lh.googleusercontent.com/a-/ALV-UjWdbhHaXg25ZvQdiv0h2J7VDovPB_J-VlKSl9m5K0RV63X-5Kvo,"saya sangat puas dengan pengalaman beli crypto melalui Floq. Aplikasi ini sangat mudah digunakan, aman, dan menawarkan edukasi yang berguna. #AplikasiCrypto",5,0,1.5.5,2025-11-01 19:19:49,"Hai! Terima kasih banyak buat bintangnya!
Seneng banget bisa jadi bagian dari pengalaman kamu yang menyenangkan 💫

Kalau nanti ada yang mau ditanyain, keluh kesah, atau sekadar butuh bantuan, langsung aja ke fitur Live Chat di aplikasi Floq.

Stay happy dan semoga harimu semanis review kamu tadi~ ✨",2025-11-02 07:26:24,1.5.5
38c435f3-a51a-4889-b66c-55cad0b4cb6a,Pranyoto Kenyot,https://play-lh.googleusercontent.com/a-/ALV-UjWVFBtS7-AbhPRfBd39oUKltacKsEybVxRGv6OckA6RbMxSCP-U,gabisa daftar ..fak lah ..dimasukin akun email minta sandi nya yg unik dan huruf besar ..sdngkan sandi akun email saya emang tulisan nya kecil semua . tidak ada solusi sama sekali .di chat yg jawab komputer .,1,5,1.5.5,2025-11-04 17:47:02,"Hai! 👋
Maaf ya atas kendala yang kamu alami. Yuk, langsung hubungi tim support lewat Live Chat di aplikasi atau kamu bisa menghubungi kami melalui email customerservice@floq.id biar bisa kami bantu lebih cepat 💬
Kalau sudah teratasi, kami akan senang banget kalau kamu mau update review-nya 🌟
Makasih banyak atas dukungannya! 💛",2025-11-04 18:15:35,1.5.5
a69f1d59-8dde-497d-a6a4-c24028a5a874,why? privat,https://play-lh.googleusercontent.com/a-/ALV-UjV5EoWmUPmU01nmK3GyKKMGbQxkZUXxqey9H7cHkKiZ77uP82QL,Aplikas trading yang menguntungkan.jual dan beli britcoin yang mudah dan cepat.investasi kripto dan lain lain banyak pilihan .tampilannya tidak membosankan. aman dan jelas.,5,0,1.5.5,2025-11-02 16:40:05,"Hai! Terima kasih banyak buat bintangnya!
Seneng banget bisa jadi bagian dari pengalaman kamu yang menyenangkan 💫
Kalau nanti ada yang mau ditanyain, keluh kesah, atau sekadar butuh bantuan, langsung aja ke fitur Live Chat di aplikasi Floq.
Stay happy dan semoga harimu semanis review kamu tadi~ ✨",2025-11-03 08:24:28,1.5.5
60b1aaf4-d913-48f5-8f5e-11833e35d16e,federo win,https://play-lh.googleusercontent.com/a/ACg8ocIrQDfIqPJADs3lfvyjbFnyeRBuLuk-npTLEDWm_Zx45u1zWA=mo,"wah lihat di tiktok nih aplikasi exchange crypto cakep juga, langsung saya download dan daftar dan coba beli bitcoin dan ternyata emang sebagus itu , calon exchange besar sih floq ini #AplikasiCrypto",5,0,1.5.6,2025-11-03 11:08:20,"Hai! Terima kasih banyak buat bintangnya!
Seneng banget bisa jadi bagian dari pengalaman kamu yang menyenangkan 💫

Kalau nanti ada yang mau ditanyain, keluh kesah, atau sekadar butuh bantuan, langsung aja ke fitur Live Chat di aplikasi Floq.

Stay happy dan semoga harimu semanis review kamu tadi~ ✨",2025-11-03 13:41:03,1.5.6
b103f580-6eb0-4111-9b0d-d543d12c18b9,Gabriella Yuenny Putri,https://play-lh.googleusercontent.com/a-/ALV-UjVUhkftXn4Z8Naz1RyDGKM94CjX3K-zgk0CJtryBTfWLKFsldTU,"Aku udah coba beberapa aplikasi crypto, tapi yang ini paling gampang buat beli bitcoin. Interface-nya enak, prosesnya cepet, dan nggak bikin pusing. #AplikasiCrypto",5,0,1.5.5,2025-10-29 12:56:09,"Halo! Wah, terima kasih udah kasih rating bagus buat kami!
Seneng deh bisa jadi bagian dari perjalanan kamu di dunia kripto bareng FLOQ 💫
Butuh bantuan atau mau ngobrol? Tim kita siap sedia di Live Chat aplikasi!
Semoga harimu seceria pesan yang kamu kirim tadi ya ✨",2025-10-29 12:59:35,1.5.5
e0b42636-888e-4261-a829-9d82002f037b,Putri Rizky D,https://play-lh.googleusercontent.com/a/ACg8ocI5gR3B0D1ZsTiQPWlORmLP5B246UzptKXi_gz53D65TWz4_Q=mo,"Aplikasi jual beli crypto yang terpercaya dan cepat. Proses registrasi mudah, tampilannya modern, dan aman banget buat transaksi. Recommended! #AplikasiCrypto",5,0,1.5.5,2025-10-30 22:30:54,"Haiii, makasih banyak udah sempetin kasih review! 🌟
Kita seneng banget bisa nemenin perjalanan kamu bareng FLOQ
Kalau nanti ada yang bikin bingung, pengen tanya-tanya, atau cuma mau say hi, langsung aja ke Live Chat ya!
Semoga hari kamu secerah semangatnya ✨",2025-10-30 22:36:32,1.5.5
d2fb75d3-a5d6-4c56-b244-0f4ec57ff261,Julita Manurung,https://play-lh.googleusercontent.com/a-/ALV-UjWOWJyWY2aNj9mTm_JJqyyJAW5eyOBc_TcO8g98J2lGfROZKfGWPw,Ini dia #AplikasiCrypto Indonesia yang cocok utk pemula yang mau mulai investasi kripto. Fiturnya mudah dan aman dan untuk sistem pembayarannya didukung penuh oleh Midtrans.,5,0,1.5.7,2025-11-09 14:57:34,"Halo! Wah, terima kasih udah kasih rating bagus buat kami!
Seneng deh bisa jadi bagian dari perjalanan kamu di dunia kripto bareng FLOQ 💫
Butuh bantuan atau mau ngobrol? Tim kita siap sedia di Live Chat aplikasi!
Semoga harimu seceria pesan yang kamu kirim tadi ya ✨",2025-11-09 15:00:29,1.5.7
087f4af0-3fad-4cce-8635-9fa379e739e8,35 Viola A.,https://play-lh.googleusercontent.com/a-/ALV-UjVCivgfuE4IuiN41eFNS_4HpOmTtviwkK-nXiqhmkjFOm-hNo0,"floq #AplikasiKripto yg sangat memudahkan pengguna untuk bertransaksi dengan aman dan cepat. tampilan antarmukanya sederhana dan mudah dipahami, cocok bagi pemula maupun investor berpengalaman yg ingin trading crypto",5,0,1.5.7,2025-11-10 20:12:11,"Hai! Terima kasih banyak buat bintangnya!
Seneng banget bisa jadi bagian dari pengalaman kamu yang menyenangkan 💫
Kalau nanti ada yang mau ditanyain, keluh kesah, atau sekadar butuh bantuan, langsung aja ke fitur Live Chat di aplikasi Floq.
Stay happy dan semoga harimu semanis review kamu tadi~ ✨",2025-11-10 20:14:33,1.5.7
e17865b4-d743-4468-ae14-e17583d19f6d,Nova Alisa,https://play-lh.googleusercontent.com/a-/ALV-UjXiFqMTbFE5uF6yZkPBj_X1cHtcMgzqVWCo1XhxYLocnQbsjib1,"boleh tambahkan depositnya menggunakan QR supaya lebih simple, transaksi beli bitcoin aman dan lancar sekali #AplikasiCrypto",5,0,1.6.1,2025-12-01 12:56:48,"Hai! Terima kasih banyak buat bintangnya!
Seneng banget bisa jadi bagian dari pengalaman kamu yang menyenangkan 💫
Kalau nanti ada yang mau ditanyain, keluh kesah, atau sekadar butuh bantuan, langsung aja ke fitur Live Chat di aplikasi Floq.
Stay happy dan semoga harimu semanis review kamu tadi~ ✨",2025-12-01 13:31:18,1.6.1
7fa08ecb-a119-4a6a-982a-7576c1f63caa,Dm Rasyid,https://play-lh.googleusercontent.com/a-/ALV-UjXncpPi6rrZ-HTGZDEJdn2qgutJuZyBqeWNuVzVf3YfTrAQg1EHyw,"Mohon di perbaharui Email saya tidak terdaftar, padahal saya sudah daftarin email ini, tapi pas saya daftar ulang email sudah terdaftar",3,0,1.6.1,2025-11-27 13:11:03,"Hai! 👋
Maaf ya atas kendala yang kamu alami. Yuk, langsung hubungi tim support lewat Live Chat di aplikasi atau kamu bisa menghubungi kami melalui email customerservice@floq.id biar bisa kami bantu lebih cepat 💬

Kalau sudah teratasi, kami akan senang banget kalau kamu mau update review-nya 🌟
Makasih banyak atas dukungannya! 💛",2025-11-27 20:45:02,1.6.1
410ef558-84d9-4472-9c40-537dc8b1484d,Shena Atrei,https://play-lh.googleusercontent.com/a-/ALV-UjVK1jEnnEz39qRKIob4eWaWppd8W-Bh3NbvDRKXcS3ivUZGxB4,Aplikasi ini enak banget dipake buat pemula dan keamanannya cukup kuat cocok buat yang baru mulai terjun ke dunia bitcoin/crypto #AplikasiCrypto,5,0,1.5.7,2025-11-17 19:51:03,"Haiii, makasih banyak udah sempetin kasih review! 🌟
Kita seneng banget bisa nemenin perjalanan kamu bareng FLOQ
Kalau nanti ada yang bikin bingung, pengen tanya-tanya, atau cuma mau say hi, langsung aja ke Live Chat ya!
Semoga hari kamu secerah semangatnya ✨",2025-11-17 19:56:01,1.5.7
d5ab781a-6545-4646-93ef-16e8db293abb,Arya Saputra,https://play-lh.googleusercontent.com/a-/ALV-UjXNCtda5v4v0ag12XPNtgbr2lemsyksiT-rBsygi7kJyt7HL3O6,"Update dan belajar hal baru, salah satunya dengan trading, karena dunia berjalan lebih cepat dari yang kamu kira, good luck😉",5,0,1.6.1,2025-11-26 22:08:18,"Hai! Terima kasih banyak buat bintangnya!
Seneng banget bisa jadi bagian dari pengalaman kamu yang menyenangkan 💫
Kalau nanti ada yang mau ditanyain, keluh kesah, atau sekadar butuh bantuan, langsung aja ke fitur Live Chat di aplikasi Floq.
Stay happy dan semoga harimu semanis review kamu tadi~ ✨",2025-11-27 08:36:30,1.6.1
8ae9875b-9d32-40be-b821-0fa00a457269,Togatorop Nurmaya,https://play-lh.googleusercontent.com/a/ACg8ocItobP2o2kVjMAiDPfiXLqDQzz-tgZ2zKfSW9ZK6GtLVGHHyQ=mo,"floq Aplikasi crypto paling terbaik yang pernah saya gunakan, mulai dari tampilan sederhana, mudah dipahami untuk pemula #AplikasiCrypto",5,0,1.5.5,2025-11-01 23:28:22,"Hai! Terima kasih banyak buat bintangnya!
Seneng banget bisa jadi bagian dari pengalaman kamu yang menyenangkan 💫

Kalau nanti ada yang mau ditanyain, keluh kesah, atau sekadar butuh bantuan, langsung aja ke fitur Live Chat di aplikasi Floq.

Stay happy dan semoga harimu semanis review kamu tadi~ ✨",2025-11-02 07:49:37,1.5.5
b20c98ef-db7f-4caf-b4a2-b72015788393,Cak langko,https://play-lh.googleusercontent.com/a-/ALV-UjV71pNidUNHQl0_-7VoGyfzxTGz2EeXTz_JSG0UoECjwC52538,Aplikasi trading crypto yang handal. Dijamin keamanannya karena resmi terdaftar di OJK. Penggunaan antar mukanya sangat mudah. Transaksinya berlangsung cepat dan aman di akun kita,5,0,1.5.5,2025-11-02 16:16:39,"Hai! Terima kasih banyak buat bintangnya!
Seneng banget bisa jadi bagian dari pengalaman kamu yang menyenangkan 💫
Kalau nanti ada yang mau ditanyain, keluh kesah, atau sekadar butuh bantuan, langsung aja ke fitur Live Chat di aplikasi Floq.
Stay happy dan semoga harimu semanis review kamu tadi~ ✨",2025-11-03 08:10:25,1.5.5
3178933b-6c5a-4e60-a04d-35432f740bcd,Henry _,https://play-lh.googleusercontent.com/a-/ALV-UjUrA2Zzh5uGXMlclrzilEMYG0kt0zkQO2sTqifhbzDEgJ0KoDQ,exchange rampok ajg.. fee jual coin 1jt aja 17rb.. udah gitu harga % keuntungan gak sesuai banget gw kira mah bug.. dan gw kira low fee ternyata lbh parah gila.. gw dah 5 tahun di crypto bisa bedain mana cex yg bagus mana yg nggak.,1,7,1.5.5,2025-11-03 16:55:07,"Hai! 👋
Maaf ya atas kendala yang kamu alami. Yuk, langsung hubungi tim support lewat Live Chat di aplikasi atau kamu bisa menghubungi kami melalui email customerservice@floq.id biar bisa kami bantu lebih cepat 💬
Kalau sudah teratasi, kami akan senang banget kalau kamu mau update review-nya 🌟
Makasih banyak atas dukungannya! 💛",2025-11-03 17:04:30,1.5.5
59507b18-6aaf-4eb6-9006-69b1a0cf4a59,Ivan Rinaldi Wiharja,https://play-lh.googleusercontent.com/a-/ALV-UjWq78FdLE5P7ELDM4_XNZLZ5CSbH3-UxtO0H5bYQqRamK9MgCTH,"saya sudah coba aplikasi ini #AplikasiCrypto, jual beli crypto di aplikasi ini terbilang cepat dan transparan, metode pembayaran juga beragam dari perbankan maupun ewallet",5,0,1.5.5,2025-11-02 09:01:05,"Hai! Terima kasih banyak buat bintangnya!
Seneng banget bisa jadi bagian dari pengalaman kamu yang menyenangkan 💫

Kalau nanti ada yang mau ditanyain, keluh kesah, atau sekadar butuh bantuan, langsung aja ke fitur Live Chat di aplikasi Floq.

Stay happy dan semoga harimu semanis review kamu tadi~ ✨",2025-11-02 11:18:36,1.5.5
ad0f701f-0fc6-4f26-a20d-a3785774261c,Vidia putri,https://play-lh.googleusercontent.com/a-/ALV-UjV2a3dXFTGHZEfeBbghz_0wuN2sHY7p8JW3wzcEEH-azlHGUOBkQw,"Apk nyaa bagusss , tampilanya gampang dimengerti. Bisa buat jual beli bitcoin , atapun cryptoo. cocok bgt buat pemula yg mau invest di crypto. Krna sistemnya mudah dimengerti",5,0,1.5.5,2025-11-03 10:44:29,"Halo! Wah, terima kasih udah kasih rating bagus buat kami!
Seneng deh bisa jadi bagian dari perjalanan kamu di dunia kripto bareng FLOQ 💫

Butuh bantuan atau mau ngobrol? Tim kita siap sedia di Live Chat aplikasi!
Semoga harimu seceria pesan yang kamu kirim tadi ya ✨",2025-11-03 13:36:03,1.5.5
c1084559-8979-4aaf-b589-54c630b866c2,Ibrahim Yusuf,https://play-lh.googleusercontent.com/a-/ALV-UjUc7v_d38mygp_1J5Kvuj9tiMHrGrizxpft6sMzzlv8vt9Wsiw,"Aplikasi Trading yang sangat memuaskan,Jual beli cyrpto mudah,fitur lengkap..wort it dan rekomdet pokoknya #AplikasiCrypto",5,0,1.5.5,2025-11-02 20:25:14,"Hai! Terima kasih banyak buat bintangnya!
Seneng banget bisa jadi bagian dari pengalaman kamu yang menyenangkan 💫

Kalau nanti ada yang mau ditanyain, keluh kesah, atau sekadar butuh bantuan, langsung aja ke fitur Live Chat di aplikasi Floq.

Stay happy dan semoga harimu semanis review kamu tadi~ ✨",2025-11-03 10:04:32,1.5.5
0c524387-ac58-46d0-bed6-0d3cd1a263fe,Abdul Aziz,https://play-lh.googleusercontent.com/a/ACg8ocIvn1uAyttMFgsXpo7EKfXoWXFrB8C1EuidQfThjZoRetkrCQ=mo,"berbeda dari aplikasi trade yang lain, namun yang membuatnya berbeda yaitu lebih simpel aja, akurat juga untuk data nya",5,0,1.5.7,2025-11-11 16:41:27,"Halo! Wah, terima kasih udah kasih rating bagus buat kami!
Seneng deh bisa jadi bagian dari perjalanan kamu di dunia kripto bareng FLOQ 💫
Butuh bantuan atau mau ngobrol? Tim kita siap sedia di Live Chat aplikasi!
Semoga harimu seceria pesan yang kamu kirim tadi ya ✨",2025-11-11 16:48:47,1.5.7
bac61b0e-d835-498f-8c87-a3c1cf94d782,Awanawan Awan,https://play-lh.googleusercontent.com/a-/ALV-UjWsxIhZIi63SBC-yClJ2Ry-w8Bw1jhIthq7wgfxice4KSL_x_2Y,"100% rugi kalau jangka pendek, karena begitu beli sudah rugi hampir -2%. jangka panjang belum tentu untung juga, kalau mau masuk pastikan uangnya memang sisa yg bakal kamu buang dengan sengaja.",5,0,1.6.1,2025-11-27 18:38:51,"Hai! Terima kasih banyak buat bintangnya!
Seneng banget bisa jadi bagian dari pengalaman kamu yang menyenangkan 💫

Kalau nanti ada yang mau ditanyain, keluh kesah, atau sekadar butuh bantuan, langsung aja ke fitur Live Chat di aplikasi Floq.

Stay happy dan semoga harimu semanis review kamu tadi~ ✨",2025-11-27 21:08:27,1.6.1
cce99526-abde-4ac2-83ca-887819a6ac79,Fulan Nia,https://play-lh.googleusercontent.com/a-/ALV-UjWeRSI1LDmCmaNGk3VgsAOYub3ddcaXHRINI6Sz-kSUmJwDy8I,"Harga BTC dan Crypto nya, TIDAK sama dengan exchange lain 🫵🤣 coba saja chek / bandingkan DAN ada biaya tersembunyi SERTA kurang transparan. Pikir² aja dulu sebelum DEPOSIT ges.",1,60,1.5.7,2025-11-11 03:41:39,"Hai! 👋
Maaf ya atas kendala yang kamu alami. Yuk, langsung hubungi tim support lewat Live Chat di aplikasi atau kamu bisa menghubungi kami melalui email customerservice@floq.id biar bisa kami bantu lebih cepat 💬

Kalau sudah teratasi, kami akan senang banget kalau kamu mau update review-nya 🌟
Makasih banyak atas dukungannya! 💛",2025-11-11 07:18:58,1.5.7
83404ce5-80cf-498e-9a35-101b3f84b749,Dona Jtn,https://play-lh.googleusercontent.com/a-/ALV-UjUxUDwoPkfYqLHJWtS4lvHZrWoz2jaUaI-X91UObXodFvrDqnVd,"aplikasinya bagus mantap! cocok bangat buat pemula yang baru mau mulai invest ,aplikasi trading crypto yang simple dan mudah keren pokoknya",5,0,1.5.5,2025-11-02 09:59:00,"Haiii, makasih banyak udah sempetin kasih review! 🌟
Kita seneng banget bisa nemenin perjalanan kamu bareng FLOQ
Kalau nanti ada yang bikin bingung, pengen tanya-tanya, atau cuma mau say hi, langsung aja ke Live Chat ya!
Semoga hari kamu secerah semangatnya ✨",2025-11-02 16:00:29,1.5.5
44049491-ecd0-42c9-88e5-9d0680b39665,안드리안,https://play-lh.googleusercontent.com/a-/ALV-UjWol0tUhXrmOfdeXJoN3zukWBf_rljv-mpux8hNIJQROftQK8Q,"saya mau lanjut daftar tapi tidak bisa ada tulisan INTERNAL SERVER ERROR. gimana solusinya ini. Gimana ini Aplikasi ,Belum verifikasi identitas kok langsong isi saldo",1,20,1.5.6,2025-11-03 14:59:15,"Hai! 👋
Kami mohon maaf atas pengalaman yang kurang menyenangkan ini. Yuk, langsung hubungi tim support lewat Live Chat di aplikasi atau kamu bisa menghubungi kami melalui email customerservice@floq.id biar bisa kami bantu lebih cepat 💬
Kalau sudah teratasi, kami akan senang banget kalau kamu mau update review-nya 🌟",2025-11-03 15:04:24,1.5.6
ce2d63ee-1e8b-4f1c-b2eb-96428421d5c1,Siker Halawa,https://play-lh.googleusercontent.com/a-/ALV-UjURBhwVvf3xRi_CySvjsuaXS5hmwpfCe3cQze6NLc-fVY9a99J1,"klo mau pakai aplikasi ini beli aset btc, pikir2 dlu harga di floq berbeda jauh lebih tinggi dari exchange lain seperti tokocrypto rugi lama kita beli sini bedanya harga bisa puluhan juta",1,15,1.5.7,2025-11-18 12:26:55,"Hai! 👋Maaf banget atas ketidaknyamanannya 😥
Harga di grafik berasal dari Trading View (rata-rata global), sedangkan harga di menu Perdagangan Floq adalah harga transaksi antar pengguna, sehingga bisa berbeda. 🌟",2025-11-18 12:46:55,1.5.7
e7997133-edac-4cc8-a0d8-47022c342b80,Putri agustin,https://play-lh.googleusercontent.com/a-/ALV-UjXWsGm6bt_exua6rGRUNcNgnsyFBg1yyntfw-l24WcS-TPytXlz,aplikasi crypto memang the best sih gak nyesel juga kenal aplikasi inii tanpa ribet jugaa fitur fitur nya gampang di pahami kalian harus tau aplikasi ini sih dijamin deh ga akan nyesel #Aplikasicrypto,5,0,1.5.5,2025-11-02 00:40:00,"Hai! Terima kasih banyak buat bintangnya!
Seneng banget bisa jadi bagian dari pengalaman kamu yang menyenangkan 💫

Kalau nanti ada yang mau ditanyain, keluh kesah, atau sekadar butuh bantuan, langsung aja ke fitur Live Chat di aplikasi Floq.

Stay happy dan semoga harimu semanis review kamu tadi~ ✨",2025-11-02 08:51:12,1.5.5
0f3ba490-2c21-40e9-afd0-b5d550235e6c,Indah Indah,https://play-lh.googleusercontent.com/a-/ALV-UjXzk4Y83WIQ5mdhwPc0UtT3gnIIVmSUaY961zIlGIOUiQVvsg,"buat yg baru belajar saham dan trading coba mulai dari apk ini deh,krna fitur di apk nya simpel mudah dipahami buat pemula.jual beli bitcoin dan kripto bisa banget di sini",5,0,1.5.5,2025-11-02 17:41:06,"Halo! Wah, terima kasih udah kasih rating bagus buat kami!
Seneng deh bisa jadi bagian dari perjalanan kamu di dunia kripto bareng FLOQ 💫

Butuh bantuan atau mau ngobrol? Tim kita siap sedia di Live Chat aplikasi!
Semoga harimu seceria pesan yang kamu kirim tadi ya ✨",2025-11-03 08:56:25,1.5.5
dd56b3f7-df42-4e05-888c-883f6bb26d11,Vero Bariq,https://play-lh.googleusercontent.com/a/ACg8ocI4RYtynnEKf2FHr68EJ7Z1LCxZBTyLgl8y5TGMkVfdB1sr4w=mo,aplikasi nya bagus dan gampang banget buat di pahami dan di gunakan cocok banget buat investasi kripto #AplikasiCrypto,5,0,1.5.6,2025-11-03 11:39:20,"Hai! Terima kasih banyak buat bintangnya!
Seneng banget bisa jadi bagian dari pengalaman kamu yang menyenangkan 💫

Kalau nanti ada yang mau ditanyain, keluh kesah, atau sekadar butuh bantuan, langsung aja ke fitur Live Chat di aplikasi Floq.

Stay happy dan semoga harimu semanis review kamu tadi~ ✨",2025-11-03 14:08:27,1.5.6
e8ac2aa1-db44-4a27-8aa7-a65415e31699,Ali Arjuna,https://play-lh.googleusercontent.com/a/ACg8ocLOMs578H-DDzf4aWVMfDmqx4r43IQcV8TRUko_zGjd3wVWaQ=mo,"Suka banget sama aplikasi crypto indonesia ini, fiturnya lengkap dan proses beli bitcoin juga cepat. Rekomen banget buat yang cari tempat jual beli crypto terpercaya. #AplikasiCrypto",5,0,1.5.5,2025-11-02 08:51:09,"Hai! Terima kasih banyak buat bintangnya!
Seneng banget bisa jadi bagian dari pengalaman kamu yang menyenangkan 💫

Kalau nanti ada yang mau ditanyain, keluh kesah, atau sekadar butuh bantuan, langsung aja ke fitur Live Chat di aplikasi Floq.

Stay happy dan semoga harimu semanis review kamu tadi~ ✨",2025-11-02 10:56:25,1.5.5
935e3fe9-9b6c-4a2e-af41-46a3a37738d4,Es Teh,https://play-lh.googleusercontent.com/a-/ALV-UjXMuTVka6H4dUijkNYsmM6uvhqjdXwlct7OcuOxIyz4kbhSZio,ini tu apk treading yg gak ribet dan fitur nya gampang di pahami buat di gunakan untuk treading crypto nya. #Aplikasi crypto,5,0,1.5.5,2025-11-02 10:43:13,"Haiii, makasih banyak udah sempetin kasih review! 🌟
Kita seneng banget bisa nemenin perjalanan kamu bareng FLOQ
Kalau nanti ada yang bikin bingung, pengen tanya-tanya, atau cuma mau say hi, langsung aja ke Live Chat ya!
Semoga hari kamu secerah semangatnya ✨",2025-11-02 16:43:08,1.5.5
afb259b0-98c4-4aff-9f93-ed73820d7388,Top Eleven,https://play-lh.googleusercontent.com/a-/ALV-UjVaoq86LXwU_JiFuUU7kJ3qE4j5kLAEG5w0S_D0eg3fAaj1pMVN,"Aplikasi crypto paling oke, mudah penggunaannya, investasi crypto untuk masa depan.. Gak nysesl download aplikasi ini.. #AplikasiCrypto",5,0,1.5.5,2025-11-02 20:06:03,"Hai! Terima kasih banyak buat bintangnya!
Seneng banget bisa jadi bagian dari pengalaman kamu yang menyenangkan 💫

Kalau nanti ada yang mau ditanyain, keluh kesah, atau sekadar butuh bantuan, langsung aja ke fitur Live Chat di aplikasi Floq.

Stay happy dan semoga harimu semanis review kamu tadi~ ✨",2025-11-03 09:57:58,1.5.5
31e29faf-59e3-4a09-8010-2fb3afe03c14,Agustina ptr Aguss,https://play-lh.googleusercontent.com/a-/ALV-UjWs2GJBL2ePjAHvVqGMNOsiO46mRMSZxm9mZ2tIwJWrl2g1wGI,"aplikasi crypto Indonesia,aman data kita dilindungi dengan baik ,nyaman dan mudah untuk bertransaksi #AplikasiCrypto",5,0,1.5.6,2025-11-04 09:55:50,"Hai! Terima kasih banyak buat bintangnya!
Seneng banget bisa jadi bagian dari pengalaman kamu yang menyenangkan 💫
Kalau nanti ada yang mau ditanyain, keluh kesah, atau sekadar butuh bantuan, langsung aja ke fitur Live Chat di aplikasi Floq.
Stay happy dan semoga harimu semanis review kamu tadi~ ✨",2025-11-04 09:59:41,1.5.6
b2ee7505-8fb2-4846-a0ba-9fd5d066f023,farlan gyun,https://play-lh.googleusercontent.com/a/ACg8ocINfVB13KJNMW_Um9FI-_cVy92lAb-PescXXsC6ppZJ5nNudA=mo,"aplikasi jual beli crypto yang sangat bagus dan efisien, tidak perlu repot jika ingin membeli crypto di aplikasi ini #AplikasiCrypto",5,0,1.5.5,2025-11-02 10:59:54,"Haiii, makasih banyak udah sempetin kasih review! 🌟
Kita seneng banget bisa nemenin perjalanan kamu bareng FLOQ
Kalau nanti ada yang bikin bingung, pengen tanya-tanya, atau cuma mau say hi, langsung aja ke Live Chat ya!
Semoga hari kamu secerah semangatnya ✨",2025-11-02 16:49:23,1.5.5
225f3b3a-ede2-42af-b717-2997e8241e8e,Anak Kampong,https://play-lh.googleusercontent.com/a/ACg8ocLox52Nw9Bn7wi3_aDbHkM0tfDNAwvvCU-XKrJ-G5XN55Tx6g=mo,aplikasi Floq di jam 23:08 Wib per tanggal 2 November kenapa nge crash sendiri atau otomatis keluar aplikasi nya ketika sedang di buka.. mohon segera untuk di perbaiki,2,0,1.5.5,2025-11-02 23:10:23,"Hai! 👋
Maaf ya atas kendala yang kamu alami. Yuk, langsung hubungi tim support lewat Live Chat di aplikasi atau kamu bisa menghubungi kami melalui email customerservice@floq.id biar bisa kami bantu lebih cepat 💬

Kalau sudah teratasi, kami akan senang banget kalau kamu mau update review-nya 🌟
Makasih banyak atas dukungannya! 💛",2025-11-03 10:38:28,1.5.5
8877951b-d9a3-4b59-a6a3-abd24cd8cfb2,Mas Andika Mlg,https://play-lh.googleusercontent.com/a-/ALV-UjWlJPSeIagbX4s13MnsIEehABtIoA8pa-qzKipM7CuipoWEZ8yx,aplikasi trading bitcoin ini sangat mudah untuk investasi kripto dan cocok digunakan untuk jual beli kripto. #AplikasiCrypto,5,0,1.5.5,2025-11-02 12:50:01,"Haiii, makasih banyak udah sempetin kasih review! 🌟
Kita seneng banget bisa nemenin perjalanan kamu bareng FLOQ
Kalau nanti ada yang bikin bingung, pengen tanya-tanya, atau cuma mau say hi, langsung aja ke Live Chat ya!
Semoga hari kamu secerah semangatnya ✨",2025-11-02 20:33:50,1.5.5
ac8584d7-bc41-4f72-a790-603748fd7e21,Cawi Nuraeni,https://play-lh.googleusercontent.com/a-/ALV-UjUzNXsLBWJhHf2Bq5UfKZ93iwm_qsfXr61U3bBjhwGn8FG37MM_,FLOQ ini aplikasi crypto indonesia yang cocok buat yang baru mulai belajar trading karena aplikasi nya mudah di pahami dan fitur lengkap @aplikasicrypto,5,0,1.5.5,2025-11-02 09:46:00,"Haiii, makasih banyak udah sempetin kasih review! 🌟
Kita seneng banget bisa nemenin perjalanan kamu bareng FLOQ
Kalau nanti ada yang bikin bingung, pengen tanya-tanya, atau cuma mau say hi, langsung aja ke Live Chat ya!
Semoga hari kamu secerah semangatnya ✨",2025-11-02 15:00:28,1.5.5
d7d546e7-294a-4b50-bea2-82e5787c1dca,Arif Fadhilah,https://play-lh.googleusercontent.com/a/ACg8ocK5Wy5uOl9qR0jVOYya5ObwscsL-N84kJc0jnp93VyGhETfuA=mo,Mohon dicantumkan deposit minimum aset kripto agar transaksi tidak ditolak jadi kita tahu berapa nilai minimum yang harus kita kirim ke wallet FLOQ terima kasih,3,0,1.5.7,2025-11-16 23:22:14,"Hai! 👋
Mohon maaf untuk ketidaknyamanannya. Yuk, langsung hubungi tim support lewat Live Chat di aplikasi atau kamu bisa menghubungi kami melalui email customerservice@floq.id biar bisa kami bantu lebih cepat 💬
Kalau sudah teratasi, kami akan senang banget kalau kamu mau update review-nya 🌟
Makasih banyak untuk feedbacknya 💛",2025-11-16 23:26:27,1.5.7
8d81ded8-8a01-4831-92f3-72e5a0e22d91,Arizal Mardiansyah,https://play-lh.googleusercontent.com/a-/ALV-UjVSp8zGEHtNF9EI0MRNXiAZkpronX9OZaV9Pzq98qUnv0h4ak1d,"Baru pertama kali download apk crypto,langsung nemu aplikasi FLOQ yang fitur nya lengkap banget bisa trading terus bisa jual beli crypto juga #aplikasicrypto",5,0,1.5.5,2025-11-02 11:01:23,"Haiii, makasih banyak udah sempetin kasih review! 🌟
Kita seneng banget bisa nemenin perjalanan kamu bareng FLOQ
Kalau nanti ada yang bikin bingung, pengen tanya-tanya, atau cuma mau say hi, langsung aja ke Live Chat ya!
Semoga hari kamu secerah semangatnya ✨",2025-11-02 17:12:46,1.5.5
4669c6ee-5a77-4c38-846a-9ec962e319e4,Fellx堾,https://play-lh.googleusercontent.com/a-/ALV-UjX9wPnvS-rHhkKJODLFyxfVW3HdD9eSIWGMnzKXmqKbMmv0PwM,"saya sudah mencoba banyak aplikasi untuk trading dan yang paling favorit di floq, karena simple dan bikin cuann #AplikasiCrypto",5,0,1.5.7,2025-11-04 17:28:30,"Halo! Wah, terima kasih udah kasih rating bagus buat kami!
Seneng deh bisa jadi bagian dari perjalanan kamu di dunia kripto bareng FLOQ 💫
Butuh bantuan atau mau ngobrol? Tim kita siap sedia di Live Chat aplikasi!
Semoga harimu seceria pesan yang kamu kirim tadi ya ✨",2025-11-04 18:01:57,1.5.7
b59c2f6f-1f45-4e68-bf9d-b87471c48bde,shelsia febiola,https://play-lh.googleusercontent.com/a-/ALV-UjVLhEOb8VsJAsLCVdaUnqgHdYSCqgEjho37alpklyiteNKZfA5l,aplikasi nya bagus! jual beli crypto nya juga cepet banget. mudah di mengerti juga fitur fitur nya. cocok bgt buat pemula yang baru mau investasi crypto. #aplikasicrypto,5,0,1.5.7,2025-11-12 19:15:32,"Hai! Terima kasih banyak buat bintangnya!
Seneng banget bisa jadi bagian dari pengalaman kamu yang menyenangkan 💫

Kalau nanti ada yang mau ditanyain, keluh kesah, atau sekadar butuh bantuan, langsung aja ke fitur Live Chat di aplikasi Floq.

Stay happy dan semoga harimu semanis review kamu tadi~ ✨",2025-11-12 19:19:09,1.5.7
e9fedd33-43e3-4057-8800-4172083285ee,Yudi Wah,https://play-lh.googleusercontent.com/a-/ALV-UjUrJrUGp04ROE3lPoFvhPriBBT6I5ps1uyJ04mjuDTYyikqAQ4,tolong sempurna chartnya karena untuk analisa butuh beberapa indikator yang tidak bisa diakses,3,0,1.5.5,2025-11-30 11:34:00,"Hai! 👋

Soal fitur Futures, noted banget ya! Tim kami terus berusaha mengembangkan fitur-fitur baru, jadi semoga bisa segera hadir.
Stay tuned dan terus support Floq, ya! 🚀

Kalau masalahnya sudah teratasi, kami akan sangat senang jika kamu bersedia mengupdate review-nya
Terima kasih atas feedback-nya! 💛",2025-11-30 11:36:32,1.5.5
81f86ddb-b938-4413-a25c-a1c0722d78da,Deslina Amelia,https://play-lh.googleusercontent.com/a/ACg8ocLg-k6ipwcztsxPIN8Sqg23RqChx8Bw6u511xEKY6mNC8749Q=mo,"aplikasi crypto indonesia paling user friendly, ada panduan juga jadi buat newbie bisa dipahami.. mantap deh..",5,0,1.5.6,2025-11-03 12:06:08,"Hai! Terima kasih banyak buat bintangnya!
Seneng banget bisa jadi bagian dari pengalaman kamu yang menyenangkan 💫

Kalau nanti ada yang mau ditanyain, keluh kesah, atau sekadar butuh bantuan, langsung aja ke fitur Live Chat di aplikasi Floq.

Stay happy dan semoga harimu semanis review kamu tadi~ ✨",2025-11-03 14:09:26,1.5.6
9c745664-90f1-4a7a-8412-c2c8f1e7844c,Muhammad Ali,https://play-lh.googleusercontent.com/a-/ALV-UjXJadcBi1eInmMYcrWn3k9M9LHA_PFxw0G-DJTs_nC1YXY0bKuU,"semoga floq semakin jaya dan sukses investasi di sini sangat nyaman dan gk perlu kepikiran, semua transaksi tercatat dan lengkap terimakasih floq semoga memberikan banyak manfaat untuk investor pemula maupun pro",5,0,1.5.7,2025-11-19 10:06:04,"Halo! Wah, terima kasih udah kasih rating bagus buat kami!
Seneng deh bisa jadi bagian dari perjalanan kamu di dunia kripto bareng FLOQ 💫
Butuh bantuan atau mau ngobrol? Tim kita siap sedia di Live Chat aplikasi!
Semoga harimu seceria pesan yang kamu kirim tadi ya ✨",2025-11-19 10:08:31,1.5.7
44880d20-d930-49e7-8663-c7cfcd91258d,Teguh Firmansayh,https://play-lh.googleusercontent.com/a/ACg8ocLwqrbLnzTZjjW0x8ueysaAIRh64zqV3L7ySOVj9pT7ymLwhA=mo,"ini apk sangat keren si biaya transaksi beli aset GK ada, yang kurang cuman chart nya, sukses selalu lah semoga apk GK brubah soal transaksinya dan semoga chartnya bisa di ubah",5,0,1.5.5,2025-10-26 06:15:29,"Hai! 👋
Terima kasih banyak untuk review positifnya! Senang banget tahu kamu suka dengan aplikasi Floq.
Soal fitur Futures, noted banget ya! Tim kami terus berusaha mengembangkan fitur-fitur baru, jadi semoga bisa segera hadir.
Stay tuned dan terus support Floq, ya! 🚀",2025-10-26 06:42:56,1.5.5
f445a088-330f-4d26-bea8-691d9b8bd6ff,Katep Vodka,https://play-lh.googleusercontent.com/a/ACg8ocLySG0Zy1qARBet9cURQ5YgsowXo0PFX2tfeBaipE1X_BkAAw=mo,"deposit pertama gak masuk padahal dari exchange yang ngirim ke floq udah terkirim,terus kalo buy/sell gila biayanya gak ngotak padahal disitu gaada gak tertera biayanya tapi pas udah buy/sell kepotong nya hampir 1000 yang jujur lah kamu buat aplikasi jangan nipu begini. udah berapa milyar kau dapat untung dari tipu tipu orng? bisa kena hukum ini orang!! mending hapus aja nih aplikasi, biaya narik aja mahal bngt buset 4000Rp",1,0,1.5.7,2025-11-22 14:54:18,"Hai!
Maaf banget ya atas kendala yang kamu alami.
Biar bisa kami bantu lebih lanjut, kamu bisa langsung hubungi tim support melalui fitur Live Chat di aplikasi Floq.
Terima kasih sudah sabar — kita akan pastikan prosesnya berjalan lancar secepat mungkin! ✨",2025-11-22 08:28:27,1.5.7
f458e0b7-cfee-4aa9-9b47-66ca6da4996c,Ricko Gumilar,https://play-lh.googleusercontent.com/a-/ALV-UjUzEZ89d8KeY8VN_4mONVHEQ12IDPXmEynKAgmTzX0DPMzy7W2v,cocok buat pemual yang ingin investasi di crypto currency dengan modal 1000 sudah bisa beli asett dengan features yang lengkap apk ini bagus dan sangat rekomen bangett,5,0,1.5.7,2025-11-18 18:32:49,"Hai! Terima kasih banyak buat bintangnya!
Seneng banget bisa jadi bagian dari pengalaman kamu yang menyenangkan 💫

Kalau nanti ada yang mau ditanyain, keluh kesah, atau sekadar butuh bantuan, langsung aja ke fitur Live Chat di aplikasi Floq.

Stay happy dan semoga harimu semanis review kamu tadi~ ✨",2025-11-18 18:59:18,1.5.7
65e5ec0a-8cbd-4a1a-a834-63d8949c67a8,Novian Supratomo,https://play-lh.googleusercontent.com/a/ACg8ocJ5KMHPOhRFB-2gP4cVL1m7jewWe9Qh9I7PR3H9bsIXNrrA-Q=mo,apk nya bagus hanya yang kurang saat ingin depo pilihan bank dan e wallet nya terlalu sedikit kurang lengkap,3,0,1.5.7,2025-11-09 18:28:53,"Hai! 👋
Saat ini top up di FLOQ baru bisa lewat bank tertentu aja ya. Kami terus berusaha menambah pilihan bank biar makin fleksibel. Sambil nunggu, kamu bisa pakai metode yang tersedia dulu yaa. Makasih udah dukung FLOQ! 🙌✨",2025-11-09 18:32:50,1.5.7
9a44c86c-460f-4770-9ae3-b8aaadbfc1ca,Yudistira,https://play-lh.googleusercontent.com/a-/ALV-UjWFWOzcKpRnpgr1La5tWZs4cpUp-kjo2zFeNbiEay8TGAwYIQKf,harga terkini dengan harga beli beda jauh kacau nih aplikasi nyari untung banyak misal harga terkini 1.616 pas klik beli jadi 1.636 parah,1,1,1.5.7,2025-11-14 18:29:36,"Hai! 👋
Maaf ya atas kendala yang kamu alami. Yuk, langsung hubungi tim support lewat Live Chat di aplikasi atau kamu bisa menghubungi kami melalui email customerservice@floq.id biar bisa kami bantu lebih cepat 💬

Kalau sudah teratasi, kami akan senang banget kalau kamu mau update review-nya 🌟
Makasih banyak atas dukungannya! 💛",2025-11-14 18:35:29,1.5.7
81fa9cee-1fcf-43fd-a99c-5e73d04e4532,Yudha Permana Nasution,https://play-lh.googleusercontent.com/a/ACg8ocJmX4N156-096klNvQM75L9_8wQUKqqDtadesi6WFc2KWnfag=mo,Saya top up saldonya tidak masuk di floq. padahal transaksi sudah berhasil. tolonglah kasih solusinya. padahal jaringan saya stabil,1,0,1.5.7,2025-11-11 17:30:54,"Hai! 👋
Maaf ya atas kendala yang kamu alami. Yuk, langsung hubungi tim support lewat Live Chat di aplikasi atau kamu bisa menghubungi kami melalui email customerservice@floq.id biar bisa kami bantu lebih cepat 💬
Kalau sudah teratasi, kami akan senang banget kalau kamu mau update review-nya 🌟
Makasih banyak atas dukungannya! 💛",2025-11-11 17:34:58,1.5.7
cff61409-6460-4e8c-9e08-7470df34b589,alfani bachtiar,https://play-lh.googleusercontent.com/a-/ALV-UjU395azuJ5E42C0DbRG0GSa56L6EJLacXJd_X6e3PnKmcVKt93d,"Apl ny cukup mudah, terutama utk yg mau mulai trading. Tampilanny g ribet, jual beli bitcoin ny ok gampang. Aman lah apl ny udh izin OJK juga, gas lah yg mau coba trading #AplikasiCrypto",5,0,1.5.6,2025-11-03 14:18:57,"Hai! Terima kasih banyak buat bintangnya!
Seneng banget bisa jadi bagian dari pengalaman kamu yang menyenangkan 💫
Kalau nanti ada yang mau ditanyain, keluh kesah, atau sekadar butuh bantuan, langsung aja ke fitur Live Chat di aplikasi Floq.
Stay happy dan semoga harimu semanis review kamu tadi~ ✨",2025-11-03 14:21:33,1.5.6
dfb55e3e-c2ee-451f-a45f-c304bf2f7b41,Arul Mehonk,https://play-lh.googleusercontent.com/a/ACg8ocLQRHnW_RYjPbAkv-WPbwVm-k00Ev9qNYVnAaiwlPiybYSbbg=mo,"sangat mudah untuk berinvestasi disini hanya saja masih kurang lengkap, tp saya memakluminya karna PKL masih baru di tunggu upgrade nya",5,0,1.5.7,2025-11-18 15:41:34,"Hai! 👋
Terima kasih banyak untuk review positifnya! Senang banget tahu kamu suka dengan aplikasi Floq.

Soal fitur Futures, noted banget ya! Tim kami terus berusaha mengembangkan fitur-fitur baru, jadi semoga bisa segera hadir.
Stay tuned dan terus support Floq, ya! 🚀",2025-11-18 15:55:13,1.5.7
9c422f69-2f92-466f-be44-33b0ec584859,M.rizki_sn Nanda,https://play-lh.googleusercontent.com/a-/ALV-UjXR5E2en5A_LUQhRIcOn19z_QG1ttSmw1GeGBdUmniFruYHSmgL,aplikasi ini sangat mudah untuk pemula apa lagi bagi yg ingin investasi untuk jangka panjang 100% TERBAIK.,5,0,1.5.7,2025-11-14 17:10:42,"Hai! Terima kasih banyak buat bintangnya!
Seneng banget bisa jadi bagian dari pengalaman kamu yang menyenangkan 💫

Kalau nanti ada yang mau ditanyain, keluh kesah, atau sekadar butuh bantuan, langsung aja ke fitur Live Chat di aplikasi Floq.

Stay happy dan semoga harimu semanis review kamu tadi~ ✨",2025-11-14 17:16:37,1.5.7
e8e6e8ff-937e-4f5a-98bc-4c22dc30e901,Salbiah,https://play-lh.googleusercontent.com/a-/ALV-UjXcZmv8jILrvIlb2aKOSI8zvDx4bIjwpiJ51xsdg38p04KZDDw,"salah satu aplikasi crypto yang terbaik, selain simple juga mudah dipahami #AplikasiCrypto",5,0,1.5.7,2025-11-12 19:04:22,"Hai! Terima kasih banyak buat bintangnya!
Seneng banget bisa jadi bagian dari pengalaman kamu yang menyenangkan 💫

Kalau nanti ada yang mau ditanyain, keluh kesah, atau sekadar butuh bantuan, langsung aja ke fitur Live Chat di aplikasi Floq.

Stay happy dan semoga harimu semanis review kamu tadi~ ✨",2025-11-12 19:09:32,1.5.7
c5c637c8-af41-4d64-866d-fb1ad26a894d,Arvian Ramadhan,https://play-lh.googleusercontent.com/a-/ALV-UjWIZbV8sfDgwvmRLTqVxlRN7P7ZOLlWK4IqAF3ll4-M8ztmeoRV,Floq benar-benar user friendly. Cuma butuh beberapa klik buat beli Bitcoin langsung dari saldo e-wallet. #AplikasiCrypto,5,0,1.5.7,2025-11-14 13:16:44,"Hai! Terima kasih banyak buat bintangnya!
Seneng banget bisa jadi bagian dari pengalaman kamu yang menyenangkan 💫
Kalau nanti ada yang mau ditanyain, keluh kesah, atau sekadar butuh bantuan, langsung aja ke fitur Live Chat di aplikasi Floq.
Stay happy dan semoga harimu semanis review kamu tadi~ ✨",2025-11-14 13:37:44,1.5.7
f0e13732-e962-49cf-b663-9e57e255c55c,Anton SPF,https://play-lh.googleusercontent.com/a-/ALV-UjU4F4zZlhT0_CMtqWNmy_saXWGtO-yUzTH9Yy7ncrFE_EZT3g0s,"sebenarnya layak bintang 5 hanya saja gak bisa deposite pakai Qris, sy baru coba pakai Floq, bagus, spreadnya gak terlalu besar",4,0,1.5.7,2025-11-25 12:37:00,"Hai! 👋
Terima kasih banyak untuk review positifnya! Senang banget tahu kamu suka dengan aplikasi Floq.

Soal fitur Futures, noted banget ya! Tim kami terus berusaha mengembangkan fitur-fitur baru, jadi semoga bisa segera hadir.
Stay tuned dan terus support Floq, ya! 🚀",2025-11-25 13:08:27,1.5.7
7685a5b7-29c4-4ead-a8de-01101a73e8c3,jhony saragih,https://play-lh.googleusercontent.com/a-/ALV-UjV1fQFakr-PlBmJ5Cd_KiCRrZrq_z7CcksXHRzjL0NQjnyp8usD,aplikasi tidak bisa mendeteksi email yang dulu didaftarkan. kalau sudah di perbaiki ulasan saya juga akan berubah.,2,0,1.5.7,2025-11-23 21:21:04,"Hai! 👋
Maaf ya atas kendala yang kamu alami. Yuk, langsung hubungi tim support lewat Live Chat di aplikasi atau kamu bisa menghubungi kami melalui email customerservice@floq.id biar bisa kami bantu lebih cepat 💬
Kalau sudah teratasi, kami akan senang banget kalau kamu mau update review-nya 🌟
Makasih banyak atas dukungannya! 💛",2025-11-23 21:26:15,1.5.7
35b71e44-414c-4e78-b55a-a71af726ad49,Ryan Turner Ryan Turner,https://play-lh.googleusercontent.com/a/ACg8ocK9FpCbvzNz4rof8uZwmZ68fKUAfjgTivprAP1NjkGoJSeVww=mo,apk yang sangat baguss semoga kedepannya bisa menambahkan banyak fitur fitur lagi ya min terima kasih 🙏,5,0,1.5.7,2025-11-18 18:02:44,"Hai! 👋
Terima kasih banyak untuk review positifnya! Senang banget tahu kamu suka dengan aplikasi Floq.

Soal fitur Futures, noted banget ya! Tim kami terus berusaha mengembangkan fitur-fitur baru, jadi semoga bisa segera hadir.
Stay tuned dan terus support Floq, ya! 🚀",2025-11-18 17:59:40,1.5.7
d4811c2f-91ef-4983-a247-196eb2be6f11,Rahil Piqkri,https://play-lh.googleusercontent.com/a/ACg8ocIjX_P61arUFgml1fBNsvTzYLEkl3SSGuqTurtdPpUeurRRLw=mo,"Udah coba banyak aplikasi, tapi cuma Floq yang paling cepat dan aman buat beli Bitcoin di Indonesia. #AplikasiCrypto",5,0,1.5.7,2025-11-11 20:17:55,"Haiii, makasih banyak udah sempetin kasih review! 🌟
Kita seneng banget bisa nemenin perjalanan kamu bareng FLOQ
Kalau nanti ada yang bikin bingung, pengen tanya-tanya, atau cuma mau say hi, langsung aja ke Live Chat ya!
Semoga hari kamu secerah semangatnya ✨",2025-11-11 20:32:51,1.5.7
cd1e40d1-7a21-43ea-9bc5-958b70a0fbef,fiee,https://play-lh.googleusercontent.com/a-/ALV-UjVPCJ430Bp8N5GYdp6j_tmmWguWHRXSPQedYoI1Y-uSlVP2qh8,"FLOQ gokil buat yg mau jual beli crypto, gampang dipake dan aman, cocok buat newbie yang mau mulai. #AplikasiCrypto",5,0,1.5.7,2025-11-15 11:06:07,"Halo! Wah, terima kasih udah kasih rating bagus buat kami!
Seneng deh bisa jadi bagian dari perjalanan kamu di dunia kripto bareng FLOQ 💫
Butuh bantuan atau mau ngobrol? Tim kita siap sedia di Live Chat aplikasi!
Semoga harimu seceria pesan yang kamu kirim tadi ya ✨",2025-11-15 11:08:29,1.5.7
89205939-6458-4fe7-81dc-52c84961ae29,KHAIRUNNI`AM,https://play-lh.googleusercontent.com/a-/ALV-UjXSPpGxIH3FAfIQXNsO1NrlouklkOkHnZ3H6PC5UGTNcgTnBr0T4w,"Aplikasi nya sangat bagus, tapi lebih bagus di tambahkan lebih banyak e wallet seperti dana untuk deposit Agar dapat lebih mudah",5,0,1.5.7,2025-11-08 11:28:09,"Hai! 👋
Terima kasih banyak untuk review positifnya! Senang banget tahu kamu suka dengan aplikasi Floq.
Soal fitur Futures, noted banget ya! Tim kami terus berusaha mengembangkan fitur-fitur baru, jadi semoga bisa segera hadir.
Stay tuned dan terus support Floq, ya! 🚀",2025-11-08 11:24:44,1.5.7
83e92e2e-dab6-4391-86cd-95c1d80f8902,sarah wanda,https://play-lh.googleusercontent.com/a-/ALV-UjWPwBr63UY_41kXYhdvsdb82Qm2h94U656wJ7SPH2iuYorvRO4,"Proses beli crypto di FLOQ cepet banget, nggak ribet sama sekali. Cocok buat yang mau mulai investasi kripto tapi masih pemula. #AplikasiCrypto",5,0,1.5.5,2025-11-02 08:53:46,"Hai! Terima kasih banyak buat bintangnya!
Seneng banget bisa jadi bagian dari pengalaman kamu yang menyenangkan 💫

Kalau nanti ada yang mau ditanyain, keluh kesah, atau sekadar butuh bantuan, langsung aja ke fitur Live Chat di aplikasi Floq.

Stay happy dan semoga harimu semanis review kamu tadi~ ✨",2025-11-02 11:05:42,1.5.5
b84cb768-a092-4163-86ee-3b43e7fa3082,Dicky Hadiyanto,https://play-lh.googleusercontent.com/a-/ALV-UjXth3GiB19xW4V5yEA6kCIPzTCrIFVxcHJAW_aDnvmjV_g7lvRR,"Verifikasi 10x Gagal trus, Bingung antara mencoba lg atau hapus aplikasi. Gak tau salah dimana, Tolong diperbaiki 😮‍💨",1,0,1.5.7,2025-11-14 21:21:16,"Hai!
Maaf banget ya atas kendala yang kamu alami saat proses verifikasi.

Biar bisa kami bantu lebih lanjut, kamu bisa langsung hubungi tim support melalui fitur Live Chat di aplikasi Floq.

Terima kasih sudah sabar — kita akan pastikan prosesnya berjalan lancar secepat mungkin! ✨",2025-11-14 21:29:04,1.5.7
a597a895-7175-4d0b-956d-92bcddd92bc7,lutfi pranata,https://play-lh.googleusercontent.com/a-/ALV-UjUJSwoUThQjULY4prI1u-2JgK1zrIMdcXqJeHJ7-rwzmSXGHrs,"aplikasi mudah di gunakan,tampilan juga bagus,bisa beli bitcoin atau jual bitcoin,mudah di gunakan ga ribet #aplikasi crypto",5,0,1.5.5,2025-11-03 10:12:09,"Hai! Terima kasih banyak buat bintangnya!
Seneng banget bisa jadi bagian dari pengalaman kamu yang menyenangkan 💫

Kalau nanti ada yang mau ditanyain, keluh kesah, atau sekadar butuh bantuan, langsung aja ke fitur Live Chat di aplikasi Floq.

Stay happy dan semoga harimu semanis review kamu tadi~ ✨",2025-11-03 10:43:59,1.5.5
3b51f8e8-e941-483a-8858-28888fd1deec,Iko Jago,https://play-lh.googleusercontent.com/a/ACg8ocKpwzwY-6oY6UMpuVPzULr5tWdxIeivHetONGTo6UG6QjumJQ=mo,mantep lh bisa beli btc mulai dari receh soalnya masih pelajar harus nabung dulu buat investasi 😁,5,0,1.6.2,2025-12-03 19:02:16,"Hai! Terima kasih banyak buat bintangnya!
Seneng banget bisa jadi bagian dari pengalaman kamu yang menyenangkan 💫

Kalau nanti ada yang mau ditanyain, keluh kesah, atau sekadar butuh bantuan, langsung aja ke fitur Live Chat di aplikasi Floq.

Stay happy dan semoga harimu semanis review kamu tadi~ ✨",2025-12-03 20:02:52,1.6.2
b16194b7-1a75-40e8-94d9-288facb57aab,Jeje Ganteng,https://play-lh.googleusercontent.com/a/ACg8ocKjsDFNLrouJ4YlikNgVRBQvf7zb0JyB7SUQFEX9QDz7jRi8Q=mo,"sangat mudah digunakan 👍👍👍, wd dan depo cepat tanpa masalah. sangat puas",5,0,1.6.2,2025-12-04 11:07:19,"Hai! Terima kasih banyak buat bintangnya!
Seneng banget bisa jadi bagian dari pengalaman kamu yang menyenangkan 💫
Kalau nanti ada yang mau ditanyain, keluh kesah, atau sekadar butuh bantuan, langsung aja ke fitur Live Chat di aplikasi Floq.
Stay happy dan semoga harimu semanis review kamu tadi~ ✨",2025-12-04 11:24:26,1.6.2
13007f4f-d1be-4dbb-8f2a-7b99ced7e19d,Silfi Silfi,https://play-lh.googleusercontent.com/a-/ALV-UjVMS0_OhGKc71m__hTyZKQQkVGKLW6p_9iHYwu5nBJ7KQ-H7RnC,"apk FLOQ keren bgt buat trading crypto, tampilannya simpel dan gampang dipahami.cocok bgt buat pemula yg mau mulai investasi kripto.#AplikasiCrypto",5,0,1.5.6,2025-11-03 10:23:22,"Hai! Terima kasih banyak buat bintangnya!
Seneng banget bisa jadi bagian dari pengalaman kamu yang menyenangkan 💫
Kalau nanti ada yang mau ditanyain, keluh kesah, atau sekadar butuh bantuan, langsung aja ke fitur Live Chat di aplikasi Floq.
Stay happy dan semoga harimu semanis review kamu tadi~ ✨",2025-11-03 13:30:39,1.5.6
619467ff-8747-4d11-b9fe-6562fdf2f192,m rafly,https://play-lh.googleusercontent.com/a/ACg8ocKwMS4Zq4B9biFj7hHyqT12ja-T8A2M-SLBCuBs9DZTP43M_w=mo,"aplikasi kripto terkeren,tersimple beda dari kripto yang lain dari modal kecil aja bisa nyantai naik naik #AplikasiCrypto",5,0,1.5.5,2025-11-02 09:57:54,"Halo! Wah, terima kasih udah kasih rating bagus buat kami!
Seneng deh bisa jadi bagian dari perjalanan kamu di dunia kripto bareng FLOQ 💫
Butuh bantuan atau mau ngobrol? Tim kita siap sedia di Live Chat aplikasi!
Semoga harimu seceria pesan yang kamu kirim tadi ya ✨",2025-11-02 14:50:38,1.5.5
726108ad-6175-4408-9e8e-0d14eca8efb8,Bima Ghafara,https://play-lh.googleusercontent.com/a/ACg8ocJ88TiTZWYbgQYxBuufmO4Jnh6c-7IlZOQKIMwJeGpJNEHypw=mo,"aplikasi ini membantuu banget, apa lagi dengan budged minim sudah bisa membeli asset crypto, memang apk ini terpercaya dan amanah.",5,0,1.5.5,2025-11-03 06:56:31,"Hai! Terima kasih banyak buat bintangnya!
Seneng banget bisa jadi bagian dari pengalaman kamu yang menyenangkan 💫

Kalau nanti ada yang mau ditanyain, keluh kesah, atau sekadar butuh bantuan, langsung aja ke fitur Live Chat di aplikasi Floq.

Stay happy dan semoga harimu semanis review kamu tadi~ ✨",2025-11-03 10:47:05,1.5.5
a5ca52f6-47a9-4bbb-9e83-f582a685b39a,Nurul Zahra,https://play-lh.googleusercontent.com/a/ACg8ocJ5EVSqUfLkH6c61HhxkhZWW5LU6l6PfxwSdQPlwLuKKMilQg=mo,Aplikasi crypto Indonesia terbaik! Prosesnya sangat mudah dan cepat. Tampilan user friendly fiturnya juga lengkap #AplikasiCrypto,5,0,1.5.5,2025-11-02 18:02:56,"Halo! Wah, terima kasih udah kasih rating bagus buat kami!
Seneng deh bisa jadi bagian dari perjalanan kamu di dunia kripto bareng FLOQ 💫

Butuh bantuan atau mau ngobrol? Tim kita siap sedia di Live Chat aplikasi!
Semoga harimu seceria pesan yang kamu kirim tadi ya ✨",2025-11-03 09:00:24,1.5.5
5c200c2a-b913-4201-8648-6792bc6c9749,Susi Trisna,https://play-lh.googleusercontent.com/a-/ALV-UjV9ly3tx3BtqQelL95wENKhL0_V8nPsYQ8cmJKnoCvzZfYTbCAY,Aplikasi ini memudahkan kita buat beli maupun jual crypto. Sangat cocok buat investasi crypto jangka panjang juga. #AplikasiCrypto,5,0,1.5.5,2025-11-03 08:01:08,"Hai! Terima kasih banyak buat bintangnya!
Seneng banget bisa jadi bagian dari pengalaman kamu yang menyenangkan 💫

Kalau nanti ada yang mau ditanyain, keluh kesah, atau sekadar butuh bantuan, langsung aja ke fitur Live Chat di aplikasi Floq.

Stay happy dan semoga harimu semanis review kamu tadi~ ✨",2025-11-03 13:12:50,1.5.5
269b166b-84bf-4729-b825-a49642b12ad0,Harsa,https://play-lh.googleusercontent.com/a-/ALV-UjWvX-JZ3PkKfH9tEJNAxv8yNNrXIK6qn6pOX8yUcJhkoM_9GGc,"Akhirnya ketemu aplikasi jual beli crypto ini, Sangat mudah dan cocok untuk para pemula yang mau trading crypto dan bitcoin #AplikasiCrypto",5,0,1.5.5,2025-11-02 15:03:32,"Hai! Terima kasih banyak buat bintangnya!
Seneng banget bisa jadi bagian dari pengalaman kamu yang menyenangkan 💫
Kalau nanti ada yang mau ditanyain, keluh kesah, atau sekadar butuh bantuan, langsung aja ke fitur Live Chat di aplikasi Floq.
Stay happy dan semoga harimu semanis review kamu tadi~ ✨",2025-11-03 07:29:19,1.5.5
f33ea0fb-a5ec-4da0-925f-c829cc6dda54,Lella Asri,https://play-lh.googleusercontent.com/a/ACg8ocLY6O60lqNz-LK0nVQa7XeCKrINlUcdWce-ayZobr9EVEspUQ=mo,"aplikasi crypto paling mantep, gampang digunakan, banyak fiturnya, bisa jual beli dan lainya",5,0,1.5.7,2025-11-05 12:24:57,"Hai! Terima kasih banyak buat bintangnya!
Seneng banget bisa jadi bagian dari pengalaman kamu yang menyenangkan 💫
Kalau nanti ada yang mau ditanyain, keluh kesah, atau sekadar butuh bantuan, langsung aja ke fitur Live Chat di aplikasi Floq.
Stay happy dan semoga harimu semanis review kamu tadi~ ✨",2025-11-05 12:52:31,1.5.7
cc18fcbf-743f-471a-989b-e253c5e82c0c,Kiki Gopur,https://play-lh.googleusercontent.com/a-/ALV-UjV-RFAdYYHt3w1zdopUUeJlrX2U2o6_Wih1iFpRbClbrm3FbkK8,Tolong tambahkan fitur pembayaran QRIS agar memudahkan proses deposit. trimakasih nanti kalau sudah ada fitur QRIS saya kasih bintang 5🙏🙏,4,0,1.5.6,2025-11-04 12:58:26,"Hai! 👋
Terima kasih banyak untuk review positifnya! Senang banget tahu kamu suka dengan aplikasi Floq.
Soal fitur Futures, noted banget ya! Tim kami terus berusaha mengembangkan fitur-fitur baru, jadi semoga bisa segera hadir.
Stay tuned dan terus support Floq, ya! 🚀",2025-11-04 13:03:17,1.5.6
36d7bdd1-fe5b-438a-b141-295390ae11ad,Chaira Maulydah,https://play-lh.googleusercontent.com/a/ACg8ocLmMC8V8JYeZzHRC1GjNI1an5AQJ6AztiFiAa8ycedpNovkyA=mo,"Aplikasi crypto terbaik yang pernah saya coba, apk nya tidak berat dan mudah digunakan:))#AplikasiCrypto",5,0,1.5.5,2025-10-29 12:54:28,"Hai! Terima kasih banyak buat bintangnya!
Seneng banget bisa jadi bagian dari pengalaman kamu yang menyenangkan 💫
Kalau nanti ada yang mau ditanyain, keluh kesah, atau sekadar butuh bantuan, langsung aja ke fitur Live Chat di aplikasi Floq.
Stay happy dan semoga harimu semanis review kamu tadi~ ✨",2025-10-29 12:58:27,1.5.5
657a6b3e-5a6c-46f1-b8eb-0fd53bf4704d,auliarahmawati,https://play-lh.googleusercontent.com/a/ACg8ocLnHduxhlmZ6w_uoElC9zt3pvAoSETXgidCcf8UmZjnrCOcDg=mo,"aplikasi bagus pake banget ini mah, FLOQ ini aplikasi trending bitcoin, mudah simple penggunaanya ga ribet sama sekali, download deh cobain apk nya",5,0,1.5.5,2025-11-02 09:15:38,"Hai! Terima kasih banyak buat bintangnya!
Seneng banget bisa jadi bagian dari pengalaman kamu yang menyenangkan 💫

Kalau nanti ada yang mau ditanyain, keluh kesah, atau sekadar butuh bantuan, langsung aja ke fitur Live Chat di aplikasi Floq.

Stay happy dan semoga harimu semanis review kamu tadi~ ✨",2025-11-02 13:42:33,1.5.5
c1790e48-77a1-4e29-962d-3350a5031bf2,leocardo sky,https://play-lh.googleusercontent.com/a-/ALV-UjW4PJZH4JZlGUKNTwBiZcy8_RkskpLwAm4mM3n9Y6-VX8KPCfY,"aplikasi jual beli crypto yang sangat simple,gampang di gunakan dan sangat berguna menurut saya#AplikasiCrypto",5,0,1.5.7,2025-11-04 17:28:33,"Hai! Terima kasih banyak buat bintangnya!
Seneng banget bisa jadi bagian dari pengalaman kamu yang menyenangkan 💫
Kalau nanti ada yang mau ditanyain, keluh kesah, atau sekadar butuh bantuan, langsung aja ke fitur Live Chat di aplikasi Floq.
Stay happy dan semoga harimu semanis review kamu tadi~ ✨",2025-11-04 18:03:07,1.5.7
cfe1866f-b589-4b0f-acbd-2b9aa4d641fa,Asep Kull,https://play-lh.googleusercontent.com/a-/ALV-UjUfitmQ2vhaU8ZqHjkc-oRLQAYK4gXTOmY6FHjl55VCOyrnEhdR,"aplikasi nya sangat direkomendasikan semua orang,cs nya juga fast respon ketika ada masalah kayak bug verifikasi udh ditangani,thanks floq",5,0,1.5.5,2025-10-26 13:29:34,"Hai! Terima kasih banyak buat bintangnya!
Seneng banget bisa jadi bagian dari pengalaman kamu yang menyenangkan 💫
Kalau nanti ada yang mau ditanyain, keluh kesah, atau sekadar butuh bantuan, langsung aja ke fitur Live Chat di aplikasi Floq.
Stay happy dan semoga harimu semanis review kamu tadi~ ✨",2025-10-26 13:39:28,1.5.5
28249f4a-72aa-44dd-bb5c-4c8effdb7ad9,Muchamad sidiq Faozan,https://play-lh.googleusercontent.com/a-/ALV-UjUELVxRYNIGJcBaQ1ag6q8d5OueMA4hSFyAdyg55RcFIUFvXHfn,aplikasi crypto indonesia yang mudah di mengerti dan digunakan untuk yg ingin investasi kripto sangat rekomen banget,5,0,1.5.5,2025-11-02 11:03:49,"Haiii, makasih banyak udah sempetin kasih review! 🌟
Kita seneng banget bisa nemenin perjalanan kamu bareng FLOQ
Kalau nanti ada yang bikin bingung, pengen tanya-tanya, atau cuma mau say hi, langsung aja ke Live Chat ya!
Semoga hari kamu secerah semangatnya ✨",2025-11-02 17:24:53,1.5.5
b639f1b7-1872-4307-b34c-20156d8fb676,Xyrelz,https://play-lh.googleusercontent.com/a-/ALV-UjXR9GyG3mHC7Yg9EWLnc1_QK3WlqhiIgyclcj-xLMemOwt_YcO-,FLOQ mantap! Cocok banget buat beli bitcoin dan jual crypto dengan mudah. Interface-nya juga enak dipakai. #AplikasiCrypto,5,0,1.5.5,2025-11-02 07:00:44,"Hai! Terima kasih banyak buat bintangnya!
Seneng banget bisa jadi bagian dari pengalaman kamu yang menyenangkan 💫

Kalau nanti ada yang mau ditanyain, keluh kesah, atau sekadar butuh bantuan, langsung aja ke fitur Live Chat di aplikasi Floq.

Stay happy dan semoga harimu semanis review kamu tadi~ ✨",2025-11-02 09:50:56,1.5.5
ce7d9594-8eb5-426e-a42a-a42b913d2c69,Sahadah Riva,https://play-lh.googleusercontent.com/a/ACg8ocIDfITvGK5f2V3vpa1wsF128oyibs7pcU-fE_0I7ASewuOi0w=mo,"Platform ini memberikan pengalaman investasi crypto yang aman dan transparan. Interface-nya intuitif, layanan pelanggan juga responsif. Layak jadi pilihan utama untuk transaksi digital #apkcrypto",5,0,1.5.5,2025-11-02 15:54:31,"Hai! Terima kasih banyak buat bintangnya!
Seneng banget bisa jadi bagian dari pengalaman kamu yang menyenangkan 💫
Kalau nanti ada yang mau ditanyain, keluh kesah, atau sekadar butuh bantuan, langsung aja ke fitur Live Chat di aplikasi Floq.
Stay happy dan semoga harimu semanis review kamu tadi~ ✨",2025-11-03 07:43:27,1.5.5
6db7ef02-4614-41a8-bb83-bd7446eb3cf8,Dika Nur wahid,https://play-lh.googleusercontent.com/a-/ALV-UjVn9moJUu2ux_z2KZBWbRalsEd3w-JI5fZQGyWqMtJ80IDwFEK_,"buat yang gatau ini Adalah Aplikasi trading crypto, investasi,dan juga buat beli crypto! mantap#Aplikasicrypto",5,0,1.5.5,2025-11-02 20:22:07,"Hai! Terima kasih banyak buat bintangnya!
Seneng banget bisa jadi bagian dari pengalaman kamu yang menyenangkan 💫
Kalau nanti ada yang mau ditanyain, keluh kesah, atau sekadar butuh bantuan, langsung aja ke fitur Live Chat di aplikasi Floq.
Stay happy dan semoga harimu semanis review kamu tadi~ ✨",2025-11-03 10:05:42,1.5.5
97aa41ee-f695-4b48-99b0-43c7afb3ebeb,Gunsar Jr Pandiangan,https://play-lh.googleusercontent.com/a-/ALV-UjUQ0ugmPGPOQ24MS5usK0pbQXAuQqET6AocKz3PXHDqMipNa5U,"paling cepat transaksi nya dan paling murah. cuma belum ada fitur future, seperti aplikasi triv",5,0,1.5.5,2025-11-01 10:39:06,"Hai! 👋
Terima kasih banyak untuk review positifnya! Senang banget tahu kamu suka dengan aplikasi Floq.

Soal fitur Futures, noted banget ya! Tim kami terus berusaha mengembangkan fitur-fitur baru, jadi semoga bisa segera hadir.
Stay tuned dan terus support Floq, ya! 🚀",2025-11-01 10:42:26,1.5.5
66359dec-7704-4601-9e98-f6ba9deac4b4,wdp12 vilman,https://play-lh.googleusercontent.com/a/ACg8ocLrKqgheHUUS7zGjbKR0A6wEeofPaGtf-5aTe0k2J4Y861seA=mo,"aplikasi jual beli crypto yang sangat mudah menurut saya aplikasinya gampang digunakan dan banyak fitur"" trading lainnya #AplikasiCRYPTO",5,0,1.5.7,2025-11-04 17:23:26,"Haiii, makasih banyak udah sempetin kasih review! 🌟
Kita seneng banget bisa nemenin perjalanan kamu bareng FLOQ
Kalau nanti ada yang bikin bingung, pengen tanya-tanya, atau cuma mau say hi, langsung aja ke Live Chat ya!
Semoga hari kamu secerah semangatnya ✨",2025-11-04 17:54:28,1.5.7
1e1e1398-4fae-4c04-9449-c9581b393e20,JAFAR_07,https://play-lh.googleusercontent.com/a-/ALV-UjXj18Oo-VvPQjy2hQhOIMb1TmLxuYqMVmimpyYKpKJCPiVl9DYR,"FLOQ menawarkan antarmuka yang ramah pemula dengan edukasi pasar kripto terintegrasi, membuat langkah Beli crypto maupun Jual crypto terasa mudah sambil tetap memberikan pengalaman trading yang cukup nyaman.#AplikasiCrypto",5,0,1.5.6,2025-11-04 06:28:04,"Hai! Terima kasih banyak buat bintangnya!
Seneng banget bisa jadi bagian dari pengalaman kamu yang menyenangkan 💫
Kalau nanti ada yang mau ditanyain, keluh kesah, atau sekadar butuh bantuan, langsung aja ke fitur Live Chat di aplikasi Floq.
Stay happy dan semoga harimu semanis review kamu tadi~ ✨",2025-11-04 07:53:35,1.5.6
5c403e2f-9897-4021-98a8-aa9d5ab52a94,nabila Diana Safitri,https://play-lh.googleusercontent.com/a-/ALV-UjW-SuQeQ6lGKC4UIEmmDAfqEqK_HFlDaLbRDat5pxcvviRi9eK-,Aplikasi trading crypto ter wort it sih ini..Jual beli crypto gampang..pencairan juga cepat #AplikasiCrypto,5,0,1.5.5,2025-11-02 20:01:36,"Hai! Terima kasih banyak buat bintangnya!
Seneng banget bisa jadi bagian dari pengalaman kamu yang menyenangkan 💫

Kalau nanti ada yang mau ditanyain, keluh kesah, atau sekadar butuh bantuan, langsung aja ke fitur Live Chat di aplikasi Floq.

Stay happy dan semoga harimu semanis review kamu tadi~ ✨",2025-11-03 09:56:51,1.5.5
89aa141d-7d04-4337-9255-2937d5ef66ac,Herlin,https://play-lh.googleusercontent.com/a-/ALV-UjXUf72mG_CrVb74678LXoYlckqIqeZJ-KaCqnvrAD4Sks_v4Qx8DA,"fiturr simplee dan sangat lengkapp, gua beli bitcoin disinii amannn dan fastt bgt proses nyaa mantap lah makasih udahh bikin apk inii hehee #AplikasiCrypto",5,0,1.5.5,2025-10-29 12:57:25,"Hai! Terima kasih banyak buat bintangnya!
Seneng banget bisa jadi bagian dari pengalaman kamu yang menyenangkan 💫
Kalau nanti ada yang mau ditanyain, keluh kesah, atau sekadar butuh bantuan, langsung aja ke fitur Live Chat di aplikasi Floq.
Stay happy dan semoga harimu semanis review kamu tadi~ ✨",2025-10-29 13:00:48,1.5.5
306f1271-ea42-4958-aa3c-7dee18ac2aa5,Arian Brampu,https://play-lh.googleusercontent.com/a/ACg8ocIxWwVAfGLyeQh1gX6R16eXsDADLOBhiUXTFp3MMBLDs8u2=mo,apk nya bagus tapi masalah formulir nya di bagian pengisian bank nya gak lengkap masak bank BSI gak ada (BANK SYARIAH INDONESIA),3,0,1.5.5,2025-10-31 21:59:35,"Hai! 👋
Soal fitur Futures, noted banget ya! Tim kami terus berusaha mengembangkan fitur-fitur baru, jadi semoga bisa segera hadir.
Stay tuned dan terus support Floq, ya! 🚀
Kalau masalahnya sudah teratasi, kami akan sangat senang jika kamu bersedia mengupdate review-nya
Terima kasih atas feedback-nya! 💛",2025-10-31 22:05:03,1.5.5
f54b369d-8aac-44eb-9be7-657b86d8660c,Arya Anandhito,https://play-lh.googleusercontent.com/a/ACg8ocI8Lw_ULXwXCHjyxFNmTQaneM91rwZEK7UG8uCIlcul9TmGYQ=mo,"Kerenn bangett, baru nyobain floq dan jujuur bangett ini ramah banget buat pemula sihh, ui nya simple, beli bitcoin jadi ga ribett lagii mantep dehh...",5,0,1.5.5,2025-11-02 14:44:45,"Hai! Terima kasih banyak buat bintangnya!
Seneng banget bisa jadi bagian dari pengalaman kamu yang menyenangkan 💫

Kalau nanti ada yang mau ditanyain, keluh kesah, atau sekadar butuh bantuan, langsung aja ke fitur Live Chat di aplikasi Floq.

Stay happy dan semoga harimu semanis review kamu tadi~ ✨",2025-11-03 07:39:15,1.5.5
1490bf0a-c96f-4c81-b767-d12e515534b0,Utia Andini,https://play-lh.googleusercontent.com/a/ACg8ocIPae--0ZP3UGzTWprFn1zg27NEEVm7jIO9jiBonVbVGWulJQ=mo,"Aplikasi nya bagus dan sangat lancar, no ngelag, pokoknya kalian wajib download #AplikasiCrypto",5,0,1.5.7,2025-11-08 16:26:18,"Hai! Terima kasih banyak buat bintangnya!
Seneng banget bisa jadi bagian dari pengalaman kamu yang menyenangkan 💫

Kalau nanti ada yang mau ditanyain, keluh kesah, atau sekadar butuh bantuan, langsung aja ke fitur Live Chat di aplikasi Floq.

Stay happy dan semoga harimu semanis review kamu tadi~ ✨",2025-11-08 16:30:35,1.5.7
3116e5f5-a14e-4556-8f3d-cfa4688d228c,dyah nabila,https://play-lh.googleusercontent.com/a-/ALV-UjXL22MophnyEwinBo9weIeiqlc0nrNtt4i8N9rXOxQ0b25YyerQ,#AplikasiCrypto Ini aplikasi terbaik dan gampang dioperasikan. Selalu update dan mudah ubtuk jual beli bitcoin,5,0,1.5.5,2025-11-02 12:48:50,"Haiii, makasih banyak udah sempetin kasih review! 🌟
Kita seneng banget bisa nemenin perjalanan kamu bareng FLOQ
Kalau nanti ada yang bikin bingung, pengen tanya-tanya, atau cuma mau say hi, langsung aja ke Live Chat ya!
Semoga hari kamu secerah semangatnya ✨",2025-11-02 20:49:37,1.5.5
ea572aac-68f1-4c96-a63e-c12fab7de178,Herum,https://play-lh.googleusercontent.com/a/ACg8ocLKLctbRvmdUspLJmU2kAh4uImqTg94lRQR9Qdbttors5923g=mo,"sangat bagus, dan juga saya sebagai seorang pelajar usia 14 tahun cukup bagus karena bisa beli coin di rp1000 dan juga orang tua saya juga sangat suka dengan aplikasi ini dan saya juga ✨✨",5,0,1.5.5,2025-10-28 11:57:41,"Haiii, makasih banyak udah sempetin kasih review! 🌟
Kita seneng banget bisa nemenin perjalanan kamu bareng FLOQ
Kalau nanti ada yang bikin bingung, pengen tanya-tanya, atau cuma mau say hi, langsung aja ke Live Chat ya!
Semoga hari kamu secerah semangatnya ✨",2025-10-28 12:06:43,1.5.5
16d86cb1-9987-42f6-a41d-7200b270dc1a,Liana Azzahra,https://play-lh.googleusercontent.com/a-/ALV-UjU1WgoWVSvovLgaOdZLEdRL0Fna9DZ8TPndQMxdTDBIRWfsfBM,"FLOQ ini sudah berizin dan diawasi Otoritas Jasa Keuangan, sehingga sudah pasti sebagai salah satu aplikasi trading crypto yang aman dan terpercaya #AplikasiCrypto",5,0,1.5.5,2025-11-02 18:51:29,"Hai! Terima kasih banyak buat bintangnya!
Seneng banget bisa jadi bagian dari pengalaman kamu yang menyenangkan 💫

Kalau nanti ada yang mau ditanyain, keluh kesah, atau sekadar butuh bantuan, langsung aja ke fitur Live Chat di aplikasi Floq.

Stay happy dan semoga harimu semanis review kamu tadi~ ✨",2025-11-03 09:25:03,1.5.5
43a6bcfd-530b-4cd0-b846-b062bbf74ed3,Dimas Pebrianto,https://play-lh.googleusercontent.com/a/ACg8ocL3a2o34BI6W5SkyZAt_Rl89wFFWZlCSwMPBAJ_m1x0DRpAYg=mo,aplikasi crypto yang bagus yang saya pernah gunakan selama ini sangat menjaminkan#AplikasiCrypto,5,0,1.5.7,2025-11-04 17:17:53,"Halo! Wah, terima kasih udah kasih rating bagus buat kami!
Seneng deh bisa jadi bagian dari perjalanan kamu di dunia kripto bareng FLOQ 💫
Butuh bantuan atau mau ngobrol? Tim kita siap sedia di Live Chat aplikasi!
Semoga harimu seceria pesan yang kamu kirim tadi ya ✨",2025-11-04 17:23:54,1.5.7
abb4112a-b2fb-4e53-90e1-02f3e1aa0bed,Aryesa,https://play-lh.googleusercontent.com/a/ACg8ocKnIaGnSFYrlk4Bwt5pYuFxeAv9niU9qon4sPdUxxH1eTPmtA=mo,"Aplikasi jual beli crypto yang amanah, sudah terbukti dan tidak mengecewakan sama sekali, harus wajib coba pokoknya gk mau tau",5,0,1.5.5,2025-11-02 11:58:32,"Hai! Terima kasih banyak buat bintangnya!
Seneng banget bisa jadi bagian dari pengalaman kamu yang menyenangkan 💫
Kalau nanti ada yang mau ditanyain, keluh kesah, atau sekadar butuh bantuan, langsung aja ke fitur Live Chat di aplikasi Floq.
Stay happy dan semoga harimu semanis review kamu tadi~ ✨",2025-11-02 18:45:05,1.5.5
6867d4cd-5b95-4464-8fd8-59603633cca5,Amat Amat,https://play-lh.googleusercontent.com/a/ACg8ocJR__a1q3PdfnChzrl79dfukPFRBKfYu6KFon5_ax-NPoF1wQ=mo,Aplikasi trading bitcoin mudah jika mau beli bitcoin ataupun jual bitcoin aplikasi cocok untuk pemula pilihan yang tepat #AplikasiCrypto,5,0,1.5.5,2025-11-02 09:55:30,"Halo! Wah, terima kasih udah kasih rating bagus buat kami!
Seneng deh bisa jadi bagian dari perjalanan kamu di dunia kripto bareng FLOQ 💫
Butuh bantuan atau mau ngobrol? Tim kita siap sedia di Live Chat aplikasi!
Semoga harimu seceria pesan yang kamu kirim tadi ya ✨",2025-11-02 15:53:21,1.5.5
f667ffe3-fa09-4aa9-975f-4a12494d02d4,Rudi Santoso,https://play-lh.googleusercontent.com/a/ACg8ocKTeGovkVYmJqc2G-1Mll_VVueUn6ieoMBppdL3X-mmymYx0g=mo,sangat mudah untuk menabung bitcoin 😍 terimakasih floq,5,0,1.7.0,2025-12-08 14:20:17,"Hai! Terima kasih banyak buat bintangnya!
Seneng banget bisa jadi bagian dari pengalaman kamu yang menyenangkan 💫
Kalau nanti ada yang mau ditanyain, keluh kesah, atau sekadar butuh bantuan, langsung aja ke fitur Live Chat di aplikasi Floq.
Stay happy dan semoga harimu semanis review kamu tadi~ ✨",2025-12-08 14:26:17,1.7.0
25f55df5-1056-4120-9099-3a7048d638d9,Muhammad Abizard,https://play-lh.googleusercontent.com/a-/ALV-UjWGD07hSvXy8v5ed5GJ1xGEf7s5eR0q2oECmNq7B-GcXO6Ialle,tolong developer saat aku memasuki OTP kok OTP nya tidak masuk tolong di perbaiki secepatnya,2,0,1.6.1,2025-11-27 21:39:48,"Hai! 👋
Maaf ya atas kendala yang kamu alami. Yuk, langsung hubungi tim support lewat Live Chat di aplikasi atau kamu bisa menghubungi kami melalui email customerservice@floq.id biar bisa kami bantu lebih cepat 💬

Kalau sudah teratasi, kami akan senang banget kalau kamu mau update review-nya 🌟
Makasih banyak atas dukungannya! 💛",2025-11-27 21:50:27,1.6.1
c5861f87-d0da-4588-a21f-3057a4c20542,Stefan Abrila,https://play-lh.googleusercontent.com/a-/ALV-UjWcLvy_-7cFrMy-RdI6OS2IlvjbkkgJorQ0_guY4jwXIPZzkHg,aplikasi nya bagus lebih bagus lagi jika ditambah aplikasi dompet digital seperti dana gopay dll,4,0,1.6.1,2025-11-26 09:34:29,"Hai! 👋
Terima kasih banyak untuk review positifnya! Senang banget tahu kamu suka dengan aplikasi Floq.
Soal fitur Futures, noted banget ya! Tim kami terus berusaha mengembangkan fitur-fitur baru, jadi semoga bisa segera hadir.
Stay tuned dan terus support Floq, ya! 🚀",2025-11-26 09:48:37,1.6.1
dd578b1b-5105-4068-8468-ac46364fca74,Sandi Aria,https://play-lh.googleusercontent.com/a-/ALV-UjWrqn19-7otuziZaiLmeccJsXIYeRlP90XLnSZTPPow_Liv20oC,topup sering eror/ditolak padahal sudah terkirim sukses dan tolong penarikan ewallet nya di tambah lagi seperti dana dan ovo,3,0,1.6.1,2025-11-29 21:28:36,"Hai! 👋
Maaf ya atas kendala yang kamu alami. Yuk, langsung hubungi tim support lewat Live Chat di aplikasi atau kamu bisa menghubungi kami melalui email customerservice@floq.id  biar bisa kami bantu lebih cepat 💬
Kalau sudah teratasi, kami akan senang banget kalau kamu mau update review-nya 🌟
Makasih banyak atas dukungannya! 💛",2025-11-29 21:33:50,1.6.1
d442d133-1eab-4df1-a6f7-8b3c8f8508b7,Siti Khoirulnisa,https://play-lh.googleusercontent.com/a-/ALV-UjUDTTpXgwWwT-q8icMEQhVkvg2XqmwQHYYWd7HivdshvgzBFYvi,"wah bagus nih bisa lah buat Jual / beli crypto,mantap pokonya #AplikasiCrypto",5,0,1.6.1,2025-11-26 20:33:22,"Hai! Terima kasih banyak buat bintangnya!
Seneng banget bisa jadi bagian dari pengalaman kamu yang menyenangkan 💫

Kalau nanti ada yang mau ditanyain, keluh kesah, atau sekadar butuh bantuan, langsung aja ke fitur Live Chat di aplikasi Floq.

Stay happy dan semoga harimu semanis review kamu tadi~ ✨",2025-11-26 22:01:41,1.6.1
cbd85139-ee66-42ce-adc7-a34b63669b58,joya saw,https://play-lh.googleusercontent.com/a-/ALV-UjVdkBMzphKWS0QF--KTlE6kc6S-vd-WVgnXvO2pMcnrZq6FJJc,"bagus buat pemula, kedepannya setiap aset diberi PNL pak, biar gampang pantaunya",5,0,1.6.1,2025-12-02 15:11:59,"Hai! 👋
Terima kasih banyak untuk review positifnya! Senang banget tahu kamu suka dengan aplikasi Floq.

Soal fitur Futures, noted banget ya! Tim kami terus berusaha mengembangkan fitur-fitur baru, jadi semoga bisa segera hadir.
Stay tuned dan terus support Floq, ya! 🚀",2025-12-02 15:21:54,1.6.1
61a18d49-3935-44d6-be46-93ff891e8247,All Game's,https://play-lh.googleusercontent.com/a-/ALV-UjUT24kuBnusA7CpjEYitG4OQDOV-xdfAZkA8iTr7FkTyxXqT2DQ,"tidak bisa ditarik, ketika melakukan penarikan selalu tidak muncul kode sementara jaringan saya bagus",3,0,1.6.1,2025-12-04 11:46:08,"Hai!
Maaf banget ya atas kendala yang kamu alami.
Biar bisa kami bantu lebih lanjut, kamu bisa langsung hubungi tim support melalui fitur Live Chat di aplikasi Floq.
Terima kasih sudah sabar — kita akan pastikan prosesnya berjalan lancar secepat mungkin! ✨",2025-12-04 11:56:30,1.6.1
d2da7af2-ad1c-497a-bf07-48ad4a4ac5cf,Isnawati Austin,https://play-lh.googleusercontent.com/a-/ALV-UjXVXR1jw7hYWnibRxlbLH4ePukXjJayZRdez50QJSR0IUilyD2_,"deposit saya tertahan, harus memerlukan 15 hari - 30 hari kerja,... buat susah pengguna, rencana mau investasi malah di suruh nunggu deposit hampir 1 bulan, aplikasi apaan ini",1,0,1.6.1,2025-12-01 18:09:29,"Halo Kak 👋
Mohon maaf atas kendala yang terjadi 😥
Kami sudah cek dan saat ini laporanmu sedang ditangani oleh tim terkait.
Mohon ditunggu ya, jangan lupa pantau email kamu untuk informasi selanjutnya 💬

Jika kendalanya sudah selesai, kami akan sangat senang bila Kakak bisa memperbarui ulasannya 🌟
Terima kasih banyak atas dukungannya 💛",2025-12-01 18:24:48,1.6.1
0317955a-f837-456b-a717-7d405e89b001,Bintang Kejora,https://play-lh.googleusercontent.com/a/ACg8ocItYNlo9SkbBTbcn8qfujPYX0lvwUoxenGacEo-tz_6V7X2iQ=mo,aplikasi gajelas tiba' mau masuk malah keluar dan suruh login ulang dan pas udh login malah jadi akun baru pdhl udh deposit aplikasi gajelas,1,0,1.5.5,2025-11-03 18:11:34,"Hai! 👋
Maaf ya atas kendala yang kamu alami. Yuk, langsung hubungi tim support lewat Live Chat di aplikasi atau kamu bisa menghubungi kami melalui email customerservice@floq.id biar bisa kami bantu lebih cepat 💬
Kalau sudah teratasi, kami akan senang banget kalau kamu mau update review-nya 🌟
Makasih banyak atas dukungannya! 💛",2025-11-03 18:40:29,1.5.5
d3407547-2a96-4715-a7c3-6ce099423639,Milda Endarni,https://play-lh.googleusercontent.com/a/ACg8ocJ7pOnIm0e0RkVUMip6KkTJA-bCsz6ihXwEgMz8D7Vck-YXow=mo,"trading crypto di apk ini sangat mudah dan menguntungkan, aku rekomen krn sdh menghasilkan banyak keuntungan #aplikasicrypto",5,0,1.5.7,2025-11-09 09:24:37,"Hai! Terima kasih banyak buat bintangnya!
Seneng banget bisa jadi bagian dari pengalaman kamu yang menyenangkan 💫
Kalau nanti ada yang mau ditanyain, keluh kesah, atau sekadar butuh bantuan, langsung aja ke fitur Live Chat di aplikasi Floq.
Stay happy dan semoga harimu semanis review kamu tadi~ ✨",2025-11-09 09:38:57,1.5.7
e9985f6f-e3dd-462e-a5bb-1b54fd2c9bfc,Ridho,https://play-lh.googleusercontent.com/a/ACg8ocLK-uQPvg5X-LLMvpzXQnqsm7GQMDXLK39IkpG6cYfzUAARwA=mo,"FLOQ bikin beli crypto jadi gampang banget, ga ribet sama sekali. Cocok banget buat yang pengen coba trading crypto dari HP. Mantap! #AplikasiCrypto",5,0,1.5.5,2025-11-02 09:38:17,"Halo! Wah, terima kasih udah kasih rating bagus buat kami!
Seneng deh bisa jadi bagian dari perjalanan kamu di dunia kripto bareng FLOQ 💫
Butuh bantuan atau mau ngobrol? Tim kita siap sedia di Live Chat aplikasi!
Semoga harimu seceria pesan yang kamu kirim tadi ya ✨",2025-11-02 14:55:36,1.5.5
1aeef567-1da1-46c6-abf8-6e13ac63b927,Wawan S,https://play-lh.googleusercontent.com/a-/ALV-UjU2J7jamS6STRuhL8vodutqED9o7NXuzzZ0D1JYcbKR8sPWgOTV,"Saya baru-baru ini mencoba membeli crypto, dan saya sangat puas dengan pengalaman tersebut #aplikasi crypto",5,0,1.5.5,2025-11-02 17:38:59,"Hai! Terima kasih banyak buat bintangnya!
Seneng banget bisa jadi bagian dari pengalaman kamu yang menyenangkan 💫
Kalau nanti ada yang mau ditanyain, keluh kesah, atau sekadar butuh bantuan, langsung aja ke fitur Live Chat di aplikasi Floq.
Stay happy dan semoga harimu semanis review kamu tadi~ ✨",2025-11-03 08:52:24,1.5.5
a78826ce-3de5-4a51-bd7b-64f64f6ebf99,Beddu Syala,https://play-lh.googleusercontent.com/a/ACg8ocJnsE8oKU-VnlRAZhOzkugBpjN7SrgDGAIjx5Q6FJR4sNfzyg=mo,"pakai crypto ini bener bener nyaman , transaksi cepat , fee rendah dan aman bngt buat beli bitcoin atau jual crypto.rekomen bgtt! #AplikasiCrypto",5,0,1.5.6,2025-11-03 10:34:42,"Halo! Wah, terima kasih udah kasih rating bagus buat kami!
Seneng deh bisa jadi bagian dari perjalanan kamu di dunia kripto bareng FLOQ 💫

Butuh bantuan atau mau ngobrol? Tim kita siap sedia di Live Chat aplikasi!
Semoga harimu seceria pesan yang kamu kirim tadi ya ✨",2025-11-03 13:33:41,1.5.6
910e2251-7785-4931-aa27-93a055133323,Kustini Sorga,https://play-lh.googleusercontent.com/a-/ALV-UjUk67bMbO4FC3qJBZrUCecMiaBpKW0B2aWhI6J1cuqijtGXLSy-,#AplikasiCrypto aplikasi ini sangat cocok untuk saya menjual dan membeli bitcoin karena harganya sangat murah dan terjangkau.,5,0,1.5.5,2025-11-02 11:51:00,"Hai! Terima kasih banyak buat bintangnya!
Seneng banget bisa jadi bagian dari pengalaman kamu yang menyenangkan 💫
Kalau nanti ada yang mau ditanyain, keluh kesah, atau sekadar butuh bantuan, langsung aja ke fitur Live Chat di aplikasi Floq.
Stay happy dan semoga harimu semanis review kamu tadi~ ✨",2025-11-02 18:37:51,1.5.5
7b0fbde7-d62f-48db-98a9-70462772c904,Nugraha Bili,https://play-lh.googleusercontent.com/a/ACg8ocJxBhPcntDmz4RksP8xsvqRixxHPwanMVqz9DYdrrEvwuQ98w=mo,"fee terlalu mahal dibanding apk lain,update harga terlalu lama kurang update",1,0,1.5.7,2025-11-12 17:42:46,"Hai! 👋
Maaf banget atas ketidaknyamanannya 😥
Tim kami terus berusaha mengembangkan fitur-fitur baru, jadi semoga bisa segera hadir.
Stay tuned dan terus support Floq, ya! 🚀
Butuh bantuan? Tim support siap bantu lewat Live Chat di aplikasi 💬 atau melalui email customerservice@floq.id


",2025-11-12 17:52:44,1.5.7
9f29e63a-ef9b-44c8-a320-d5f755870e57,Muhammad Akbar,https://play-lh.googleusercontent.com/a-/ALV-UjWdSN9qTMTWVcSMQb_dakvAy7hwILqbA0dh_a8iwRowJ0lVoX-P,maaf bro tim gua kasih 3 dulu soalnya pas liat koin gitu sering gaada fitur buy and sell nya yang ada hanya segera hadir muluk tapi gak semuanyabkek gitu yah,3,0,1.5.7,2025-11-09 21:04:13,"Hai! 👋
Soal fitur Futures, noted banget ya! Tim kami terus berusaha mengembangkan fitur-fitur baru, jadi semoga bisa segera hadir.
Stay tuned dan terus support Floq, ya! 🚀
Kalau masalahnya sudah teratasi, kami akan sangat senang jika kamu bersedia mengupdate review-nya
Terima kasih atas feedback-nya! 💛",2025-11-09 21:16:56,1.5.7
34cc172e-a47f-49e3-960c-4baa93c1a7c6,Akun Peribadi,https://play-lh.googleusercontent.com/a/ACg8ocL2q1kQi6LVtw5sbKhfPZhcHy0APkj0KSlF0Bjd4y6JyFZZUg=mo,untuk aplikasi nya bagus tapi gak ada penarikan wallet seperti gopay dana ovo dan paypay sungguh mengecewakan sekali jadi kapan tuh update nya lama bener,1,0,1.5.7,2025-11-19 20:24:14,"Hai! 👋

Soal fitur Futures, noted banget ya! Tim kami terus berusaha mengembangkan fitur-fitur baru, jadi semoga bisa segera hadir.
Stay tuned dan terus support Floq, ya! 🚀

Kalau masalahnya sudah teratasi, kami akan sangat senang jika kamu bersedia mengupdate review-nya
Terima kasih atas feedback-nya! 💛",2025-11-19 20:33:26,1.5.7
e6a48cc9-2dcb-4589-b8ca-6e140c12c4bf,Arnoldus Liwu,https://play-lh.googleusercontent.com/a/ACg8ocJod4lgUVusgWth3BQzQP9iBNsflaSj1CSLvrwAq5te-gwiOw=mo,loading nya lama banget jaringan bagus tapi susah mau liat coin pokoknya rusak apk nya,1,0,1.5.7,2025-11-15 19:46:20,"Hai! 👋
Maaf ya atas kendala yang kamu alami. Yuk, langsung hubungi tim support lewat Live Chat di aplikasi atau kamu bisa menghubungi kami melalui email customerservice@floq.id biar bisa kami bantu lebih cepat 💬

Kalau sudah teratasi, kami akan senang banget kalau kamu mau update review-nya 🌟
Makasih banyak atas dukungannya! 💛",2025-11-15 20:01:06,1.5.7
f548285b-fa6b-4bbb-ae3d-4a6310957537,clauclau,https://play-lh.googleusercontent.com/a-/ALV-UjX5B2R2mr3QCbqk7rXChPwvk-62NAM9gdbdv_UUhaTGQ_WzUwMG,"emang aplikasi paling manteb untuk investasi kripto, best #AplikasiCrypto",5,0,1.5.7,2025-11-14 18:29:54,"Hai! Terima kasih banyak buat bintangnya!
Seneng banget bisa jadi bagian dari pengalaman kamu yang menyenangkan 💫

Kalau nanti ada yang mau ditanyain, keluh kesah, atau sekadar butuh bantuan, langsung aja ke fitur Live Chat di aplikasi Floq.

Stay happy dan semoga harimu semanis review kamu tadi~ ✨",2025-11-14 18:36:48,1.5.7
b448a132-aaf3-4f0f-b86e-84350dfc25f2,kristiawan 13,https://play-lh.googleusercontent.com/a/ACg8ocK85TeajEn76-DAaRaKYNCfptum4VgaFf7iV3JemzKppzEg2w=mo,"mantap sih floq biaya adminya paling murah di banding yang lain , untuk deposit mohon lebih di perbanyak lagi opsi deposit nya",5,0,1.5.7,2025-11-13 05:43:54,"Hai! Terima kasih banyak buat bintangnya!
Seneng banget bisa jadi bagian dari pengalaman kamu yang menyenangkan 💫
Kalau nanti ada yang mau ditanyain, keluh kesah, atau sekadar butuh bantuan, langsung aja ke fitur Live Chat di aplikasi Floq.
Stay happy dan semoga harimu semanis review kamu tadi~ ✨",2025-11-13 07:13:33,1.5.7
27d5017f-30dd-4c48-8095-76b5c0dace6d,Azharie Cahyadi,https://play-lh.googleusercontent.com/a/ACg8ocLRzPZJwMLYRcFcMsfw4X4xiGRuDbpgsPL_klcWrUlbhUI0Nw=mo,nyesel baru tau aplikasi krypto ini apk mudah digunakan mulai dari jual beli biarin sma banyak lagi yg lainnya pokoknya mantep josss #AplikasiCrypto,5,0,1.5.7,2025-11-04 22:29:51,"Haiii, makasih banyak udah sempetin kasih review! 🌟
Kita seneng banget bisa nemenin perjalanan kamu bareng FLOQ
Kalau nanti ada yang bikin bingung, pengen tanya-tanya, atau cuma mau say hi, langsung aja ke Live Chat ya!
Semoga hari kamu secerah semangatnya ✨",2025-11-04 22:31:46,1.5.7
eff24d56-76dc-4716-9ae6-3c7a033647e0,Waliid Ilham,https://play-lh.googleusercontent.com/a/ACg8ocKR74W7xh88fMgytamxhs4Y1IPJYIgWE3hp64vsVBwjV6T_Wg=mo,aplikasi crypto ini sangat cepat sekali saat ditarik dan sangat memuaskan dan depositnya sangat kecil sekali,5,0,1.5.5,2025-11-02 09:49:35,"Haiii, makasih banyak udah sempetin kasih review! 🌟
Kita seneng banget bisa nemenin perjalanan kamu bareng FLOQ
Kalau nanti ada yang bikin bingung, pengen tanya-tanya, atau cuma mau say hi, langsung aja ke Live Chat ya!
Semoga hari kamu secerah semangatnya ✨",2025-11-02 15:08:38,1.5.5
b243a550-c700-4a56-a958-fe0c051af733,Mutia Rahayu,https://play-lh.googleusercontent.com/a/ACg8ocJqOjl2HSw0rnmKbBw_LSu2KKq6qfUBgL91rsnix-nqFKAPcyc=mo,"FLOQ ini aplikasinya gampang dipakai, fitur nya mudah di mengerti, cocok banget jual beli bitcoin disini",5,0,1.5.7,2025-11-05 13:23:38,"Hai! Terima kasih banyak buat bintangnya!
Seneng banget bisa jadi bagian dari pengalaman kamu yang menyenangkan 💫
Kalau nanti ada yang mau ditanyain, keluh kesah, atau sekadar butuh bantuan, langsung aja ke fitur Live Chat di aplikasi Floq.
Stay happy dan semoga harimu semanis review kamu tadi~ ✨",2025-11-05 13:35:40,1.5.7
f6e1c646-3c41-4bd6-9186-24100f371680,Donovan Clemens,https://play-lh.googleusercontent.com/a-/ALV-UjWUYUuD__swBh2xOrQScYXzfXDvjTb7ClOq5ytAHMVgofKAubk,FLOQ benar-benar aplikasi crypto Indonesia yang inovatif! Proses beli crypto dan jual crypto berjalan lancar tanpa hambatan. Saya jadi lebih yakin buat investasi kripto di sini. Sangat membantu! ⭐️⭐️⭐️⭐️⭐️ #AplikasiCrypto,5,0,1.5.5,2025-11-02 09:55:49,"Halo! Wah, terima kasih udah kasih rating bagus buat kami!
Seneng deh bisa jadi bagian dari perjalanan kamu di dunia kripto bareng FLOQ 💫
Butuh bantuan atau mau ngobrol? Tim kita siap sedia di Live Chat aplikasi!
Semoga harimu seceria pesan yang kamu kirim tadi ya ✨",2025-11-02 15:54:40,1.5.5
d0d045e6-1535-4155-afa3-9478ee92cab3,Aan Adi prasetyo Prasetyo,https://play-lh.googleusercontent.com/a-/ALV-UjWnTXCDVJvZKb937UhONPcZksMAVTfKe1CpfXeLr0sIRcSsSFU,saya pen logi TPI butuh no Indonesia kn buat Nerima otp sedangkan gua ad di jpng bisa kh Nerima otp tnpa no hp contoh lewat email ny aj gt bantu lah,2,0,1.5.5,2025-11-02 20:25:19,"Hai! 👋
Maaf ya atas kendala yang kamu alami. Yuk, langsung hubungi tim support lewat Live Chat di aplikasi atau kamu bisa menghubungi kami melalui email customerservice@floq.id biar bisa kami bantu lebih cepat 💬

Kalau sudah teratasi, kami akan senang banget kalau kamu mau update review-nya 🌟
Makasih banyak atas dukungannya! 💛",2025-11-03 10:08:50,1.5.5
828f1b79-f6fe-4789-ba72-cb8f6330ef78,Wahyuuu,https://play-lh.googleusercontent.com/a/ACg8ocLuDXykzRgy2TKjDT9GGfadxNqydudZXRcctS4LkMRFwJ_2vA=mo,"Aplikasi ini underrated banget. Proses jual bitcoin lancar, CS-nya juga responsif waktu aku tanya-tanya. Semoga makin banyak yang tahu aplikasi sebagus ini. #AplikasiCrypto",5,0,1.5.6,2025-11-03 14:44:27,"Haiii, makasih banyak udah sempetin kasih review! 🌟
Kita seneng banget bisa nemenin perjalanan kamu bareng FLOQ
Kalau nanti ada yang bikin bingung, pengen tanya-tanya, atau cuma mau say hi, langsung aja ke Live Chat ya!
Semoga hari kamu secerah semangatnya ✨",2025-11-03 14:49:09,1.5.6
521bfefd-e17b-4182-bc8e-ceecea07dba5,Aris Perdiansyah,https://play-lh.googleusercontent.com/a-/ALV-UjWGyOHt4goHD4TTCvujKOruNXP_nFSvQv_naC50QxrUZuYNSKjI,aku Kasih Bintang 3 Dulu Karena Top up Tidak Ada Fitur Dana Mohon segera di Adakan Fitur Dana nya Biar Bisa Top up Dengan Mudah Terimakasih,3,0,1.5.5,2025-11-01 19:15:49,"Hai! 👋
Terima kasih banyak untuk review positifnya! Senang banget tahu kamu suka dengan aplikasi Floq.

Soal fitur Futures, noted banget ya! Tim kami terus berusaha mengembangkan fitur-fitur baru, jadi semoga bisa segera hadir.
Stay tuned dan terus support Floq, ya! 🚀",2025-11-02 07:24:33,1.5.5
dc451f3d-1255-4c23-b96d-2c555c0dc723,Wong Ngaret,https://play-lh.googleusercontent.com/a/ACg8ocK1RtcV5wFi0xaB4xk4rY06hlbksJrq_1n3DM3_MIpHP8yGKQ=mo,#aplikasicrypto yg mudah dipahami bisa juga jual bitcoin investasi jangka panjang crypto dan bisa juga untuk trading,5,0,1.5.5,2025-11-03 07:29:26,"Hai! Terima kasih banyak buat bintangnya!
Seneng banget bisa jadi bagian dari pengalaman kamu yang menyenangkan 💫
Kalau nanti ada yang mau ditanyain, keluh kesah, atau sekadar butuh bantuan, langsung aja ke fitur Live Chat di aplikasi Floq.
Stay happy dan semoga harimu semanis review kamu tadi~ ✨",2025-11-03 10:47:01,1.5.5
4828a0e8-5446-4d6b-88a1-f23f1080e4a1,Rio Rahmadhani,https://play-lh.googleusercontent.com/a/ACg8ocKm6LcNFD-ZCT6bL5Mo0n1y9fwQyS4QqRBAsvHm-acMz90bag=mo,aplikasi crypto yang sangat mudah di pahami cocok buat pemula yang mau belajar trading🥰,5,0,1.5.5,2025-11-02 10:47:47,"Haiii, makasih banyak udah sempetin kasih review! 🌟
Kita seneng banget bisa nemenin perjalanan kamu bareng FLOQ
Kalau nanti ada yang bikin bingung, pengen tanya-tanya, atau cuma mau say hi, langsung aja ke Live Chat ya!
Semoga hari kamu secerah semangatnya ✨",2025-11-02 16:44:25,1.5.5
c6d8200d-5eab-4939-bfd6-12d0f692ed9c,levin,https://play-lh.googleusercontent.com/a/ACg8ocIuNduC0l3jd_rqfczeFJq44p_kGAy-GM6pTr4vGvLugVjF3A=mo,Sangat mudah dan gampang buat investasi kripto #AplikasiCrypto,5,0,1.5.5,2025-11-02 18:59:22,"Hai! Terima kasih banyak buat bintangnya!
Seneng banget bisa jadi bagian dari pengalaman kamu yang menyenangkan 💫

Kalau nanti ada yang mau ditanyain, keluh kesah, atau sekadar butuh bantuan, langsung aja ke fitur Live Chat di aplikasi Floq.

Stay happy dan semoga harimu semanis review kamu tadi~ ✨",2025-11-03 09:26:24,1.5.5
2a7caea7-5396-4ce4-9b94-e9474d03a068,Lee Harrington,https://play-lh.googleusercontent.com/a/ACg8ocKgg-RCx9H9suGB5p6Lg97ae9N0XBXSRno_vFJUK5NO3T8K1Q=mo,Aplikasi nya mudah dipahami dan cocok untuk pemula #Investasi kripto,5,0,1.5.7,2025-11-08 19:23:56,"Hai! Terima kasih banyak buat bintangnya!
Seneng banget bisa jadi bagian dari pengalaman kamu yang menyenangkan 💫

Kalau nanti ada yang mau ditanyain, keluh kesah, atau sekadar butuh bantuan, langsung aja ke fitur Live Chat di aplikasi Floq.

Stay happy dan semoga harimu semanis review kamu tadi~ ✨",2025-11-08 20:08:31,1.5.7
0db7ffff-1a7d-4c7a-a6b6-47ea664c5f21,PRASTIYO AGUSTIN,https://play-lh.googleusercontent.com/a-/ALV-UjXvgxXYNMnGzn5QZnESLoKm2C8ElEjPy2f_BI49FBokVUlMp24,aplikasi ini sangat membantu buat kalian kalau ingin treding cocon buat kalian #AplikasiCrypto,5,0,1.5.7,2025-11-04 20:18:04,"Halo! Wah, terima kasih udah kasih rating bagus buat kami!
Seneng deh bisa jadi bagian dari perjalanan kamu di dunia kripto bareng FLOQ 💫
Butuh bantuan atau mau ngobrol? Tim kita siap sedia di Live Chat aplikasi!
Semoga harimu seceria pesan yang kamu kirim tadi ya ✨",2025-11-04 20:21:34,1.5.7
59a48365-aece-4c19-9533-ae287576cc92,Umi Masrukah,https://play-lh.googleusercontent.com/a/ACg8ocIJoPt4n6SEbroS6F3egD8GMY7zrfCAGp9qWXDu5ls5QsTGLQ=mo,"Floq juga merupakan platform event engagement yang menyediakan aplikasi untuk live, virtual, dan hybrid event. #aplikasi crypto",5,0,1.5.5,2025-11-02 18:21:49,"Halo! Wah, terima kasih udah kasih rating bagus buat kami!
Seneng deh bisa jadi bagian dari perjalanan kamu di dunia kripto bareng FLOQ 💫

Butuh bantuan atau mau ngobrol? Tim kita siap sedia di Live Chat aplikasi!
Semoga harimu seceria pesan yang kamu kirim tadi ya ✨",2025-11-03 09:13:18,1.5.5
01e21632-ddda-4e02-a63a-4f61abeef387,rima agustin r,https://play-lh.googleusercontent.com/a-/ALV-UjVgPIQ0SaOVy_mdrsAji4L8I8mCtf4y-mJ3HA4T1Buehkk1zfU7,apk jual beli crypto yang sangat mudah untuk di gunakan. #Aplikasicrypto,5,0,1.5.5,2025-10-29 13:15:42,"Halo! Wah, terima kasih udah kasih rating bagus buat kami!
Seneng deh bisa jadi bagian dari perjalanan kamu di dunia kripto bareng FLOQ 💫
Butuh bantuan atau mau ngobrol? Tim kita siap sedia di Live Chat aplikasi!
Semoga harimu seceria pesan yang kamu kirim tadi ya ✨",2025-10-29 13:33:14,1.5.5
abeb7972-9724-46d0-8f88-bb493111de2e,Suneo pasti Bonyok111,https://play-lh.googleusercontent.com/a/ACg8ocIuGG-rmZhZvpqTujoqS8Dhm5j34W15Vr3EHTE6Cdbz1Cluzw=mo,aplikasi yg bagus mudah dan banyak fitur² trading lainnya #AplikasiCrypto,5,0,1.5.7,2025-11-04 17:18:04,"Haiii, makasih banyak udah sempetin kasih review! 🌟
Kita seneng banget bisa nemenin perjalanan kamu bareng FLOQ
Kalau nanti ada yang bikin bingung, pengen tanya-tanya, atau cuma mau say hi, langsung aja ke Live Chat ya!
Semoga hari kamu secerah semangatnya ✨",2025-11-04 17:25:12,1.5.7
afbc9ce7-405c-4cf9-8deb-a20f098f8a6d,Rembon,https://play-lh.googleusercontent.com/a-/ALV-UjWlHuM2VWVtD_J_koBaeMESlRbs4DtKbBdpuycHGmzhM5BwofA,"selama pakai aplikasi ini mudah digunakan buat transaksi jual beli cripto juga prosesnya cepat, mantap deh #AplikasiCripto",5,0,1.5.5,2025-11-02 11:03:17,"Halo! Wah, terima kasih udah kasih rating bagus buat kami!
Seneng deh bisa jadi bagian dari perjalanan kamu di dunia kripto bareng FLOQ 💫
Butuh bantuan atau mau ngobrol? Tim kita siap sedia di Live Chat aplikasi!
Semoga harimu seceria pesan yang kamu kirim tadi ya ✨",2025-11-02 17:16:25,1.5.5
f6fe6921-e5d5-4803-99ff-83e5234df845,zea cartenzia,https://play-lh.googleusercontent.com/a/ACg8ocLYgPRN1NGhYqig6lLWzrSjcgnfbUOdPjALWq8ahU3RZjntnQ=mo,"pertama kali nyoba investasi kripto ya di sini, belajar buat ngerti resiko dan yg penting sih beginner friendly #AplikasiCrypto",5,0,1.5.5,2025-10-29 13:23:08,"Halo! Wah, terima kasih udah kasih rating bagus buat kami!
Seneng deh bisa jadi bagian dari perjalanan kamu di dunia kripto bareng FLOQ 💫
Butuh bantuan atau mau ngobrol? Tim kita siap sedia di Live Chat aplikasi!
Semoga harimu seceria pesan yang kamu kirim tadi ya ✨",2025-10-29 13:36:51,1.5.5
27c78bd9-eb16-4f71-9170-147e4b056b40,Novita Na,https://play-lh.googleusercontent.com/a-/ALV-UjWUtdpbdgcTGbZ2OMLLqXhohm-RigYDaYcL9qI2_Q8ZkQ7pOogb,aplikasi simple mudah dimengerti aplikasi trading cripto isi saldo GK ribet mantap pokonya #aplikasicrypto,5,0,1.5.6,2025-11-04 03:25:52,"Hai! Terima kasih banyak buat bintangnya!
Seneng banget bisa jadi bagian dari pengalaman kamu yang menyenangkan 💫
Kalau nanti ada yang mau ditanyain, keluh kesah, atau sekadar butuh bantuan, langsung aja ke fitur Live Chat di aplikasi Floq.
Stay happy dan semoga harimu semanis review kamu tadi~ ✨",2025-11-04 07:21:10,1.5.6
c527760d-e971-4d3a-9263-9a7bc5d71b7a,Yosua Martin,https://play-lh.googleusercontent.com/a-/ALV-UjUqPsKfdqq-KTtZ2vjUF66yuldLFHJXeV5nEJ_9V4ncfZmzvXUb,"tolong untuk update harga di sesuai dan harga pasar, lebih lambat harga di floq di banding Harga di pasar atau di exchange lainnya, karena jika kita ingin invest kita harus lihat timing dan waktu yg tepat saat invest",3,0,1.5.2,2025-10-11 07:14:52,"Hai! 👋
Soal fitur Futures, noted banget ya! Tim kami terus berusaha mengembangkan fitur-fitur baru, jadi semoga bisa segera hadir.
Stay tuned dan terus support Floq, ya! 🚀
Kalau masalahnya sudah teratasi, kami akan sangat senang jika kamu bersedia mengupdate review-nya
Terima kasih atas feedback-nya! 💛",2025-10-11 07:35:05,1.5.2
7374b738-99cb-42ab-acac-9da6ef7a9d7f,Rendy Galodaniansyah,https://play-lh.googleusercontent.com/a-/ALV-UjXnz3-1uH51TGbq4DpwB9m2E4b9gkgGe_pDO4yjh47PdPhZym4,Aplikasi jual crypto & trading crypto yang mudah digunakan untuk pemula,5,0,1.5.5,2025-11-02 19:42:25,"Hai! Terima kasih banyak buat bintangnya!
Seneng banget bisa jadi bagian dari pengalaman kamu yang menyenangkan 💫

Kalau nanti ada yang mau ditanyain, keluh kesah, atau sekadar butuh bantuan, langsung aja ke fitur Live Chat di aplikasi Floq.

Stay happy dan semoga harimu semanis review kamu tadi~ ✨",2025-11-03 09:46:40,1.5.5
bbeb2c29-1180-4067-b110-598f0fb51ab4,Novvi Kristanti,https://play-lh.googleusercontent.com/a/ACg8ocLzKmNg4g2Rk-YL1C83CV1OjGhE1FB9dEWkTG2iW9220gnn4A=mo,apk lain udah naik/turun di sini masih sama aja perkembangan naik/turun nya nol besar terlalu lama jadi nggak bisa prediksi akan naik/turun..,2,0,1.5.7,2025-11-06 00:24:45,"Hai! 👋
Soal fitur Futures, noted banget ya! Tim kami terus berusaha mengembangkan fitur-fitur baru, jadi semoga bisa segera hadir.
Stay tuned dan terus support Floq, ya! 🚀
Kalau masalahnya sudah teratasi, kami akan sangat senang jika kamu bersedia mengupdate review-nya
Terima kasih atas feedback-nya! 💛",2025-11-06 06:56:31,1.5.7
b246f639-50d5-4dbf-a96d-3bd4c96ce684,Yogi Muhamad akbar,https://play-lh.googleusercontent.com/a-/ALV-UjVN8Osiou-joxMVmVoe45iNUqZcAUM0P-hqqPTHgQsG9HVyxAHO,"tau dari temen apk floq ini dan awalnya iseng download karna liat temen, ehh lama lama enak jugaaa Inves disini beli crypto nya juga gampang, dan jualnya juga satset #AplikasiCrypto",5,0,1.5.5,2025-11-02 09:39:39,"Haiii, makasih banyak udah sempetin kasih review! 🌟
Kita seneng banget bisa nemenin perjalanan kamu bareng FLOQ
Kalau nanti ada yang bikin bingung, pengen tanya-tanya, atau cuma mau say hi, langsung aja ke Live Chat ya!
Semoga hari kamu secerah semangatnya ✨",2025-11-02 15:04:56,1.5.5
0aeb5d61-e297-4c39-b553-490d182f6db7,Chang i Jho,https://play-lh.googleusercontent.com/a-/ALV-UjW6u0aXyD4cu3Vx8LFoyVFfZQMm6da5JYpM6vgFCP9MHvoS3Cv-,"Sayangnya tidak bisa top-up lewat dana, tolong seger di permudah yaa... terimakasih",4,0,1.5.7,2025-11-04 22:45:52,"Hai! 👋
Saat ini top up di FLOQ baru bisa lewat bank tertentu aja ya. Kami terus berusaha menambah pilihan bank biar makin fleksibel. Sambil nunggu, kamu bisa pakai metode yang tersedia dulu yaa. Makasih udah dukung FLOQ! 🙌✨",2025-11-04 22:51:46,1.5.7
d021ffe5-1a72-496f-90eb-9dfdbacac43f,Ammar Zdn,https://play-lh.googleusercontent.com/a/ACg8ocLJU9XrsI1c0jpZeKJY_fCCt8yiLKeJQZV6AOcJDtSMkxMNMA=mo,"deposit dan penarikan cepat, tapi akun suka keluar dan harus login lagi dari awal",5,0,1.5.5,2025-11-04 02:59:15,"Hai! Terima kasih banyak buat bintangnya!
Seneng banget bisa jadi bagian dari pengalaman kamu yang menyenangkan 💫
Kalau nanti ada yang mau ditanyain, keluh kesah, atau sekadar butuh bantuan, langsung aja ke fitur Live Chat di aplikasi Floq.
Stay happy dan semoga harimu semanis review kamu tadi~ ✨",2025-11-04 07:20:06,1.5.5
feb17bf9-700d-4f9a-8bc2-ddb4d09c6982,Tasha Moore,https://play-lh.googleusercontent.com/a-/ALV-UjVqsDZ2BlKEC9zVvy3rAmM7GFwG1e37GkhVLXbofKVczyEr1PbT,aplikasi nya bagus untuk jual beli crypto dan trading lebih mudah dibanding aplikasi lain,5,0,1.5.7,2025-11-04 16:03:56,"Haiii, makasih banyak udah sempetin kasih review! 🌟
Kita seneng banget bisa nemenin perjalanan kamu bareng FLOQ
Kalau nanti ada yang bikin bingung, pengen tanya-tanya, atau cuma mau say hi, langsung aja ke Live Chat ya!
Semoga hari kamu secerah semangatnya ✨",2025-11-04 16:08:36,1.5.7
64295fdf-e0fc-4e63-909b-5cfbca4755a4,Ali Bayu,https://play-lh.googleusercontent.com/a/ACg8ocL9fxyLSRnCuDS_QU7rsjMhffJwxesS9zQBeJyK9-y2hIYW-g=mo,saya narik uang jumlah besar prosesnya lama padahal sebelumnya cepet karena penarikan dengan jumlah kecil,1,0,1.5.5,2025-10-28 12:04:22,"Hai! 👋
Maaf ya atas kendala yang kamu alami. Yuk, langsung hubungi tim support lewat Live Chat di aplikasi atau kamu bisa menghubungi kami melalui email customerservice@floq.id biar bisa kami bantu lebih cepat 💬
Kalau sudah teratasi, kami akan senang banget kalau kamu mau update review-nya 🌟
Makasih banyak atas dukungannya! 💛",2025-10-28 12:08:25,1.5.5
7a4f09aa-ce56-436c-96ad-ceaea04aaac4,alldinno,https://play-lh.googleusercontent.com/a-/ALV-UjUMAUl_B7xeu3orVzWs6hNt3c8MGL99nifgJEDPjsDLwxweAe-q,ini nomor telepon sudah terdaftar tapi di floq belum terdaftar kenapa,5,0,1.5.5,2025-10-26 10:19:33,"Hai! Maaf banget ya atas kendala yang kamu alami, Biar bisa kami bantu lebih lanjut, kamu bisa langsung hubungi tim support melalui fitur Live Chat di aplikasi Floq.
Terima kasih sudah sabar — kita akan pastikan prosesnya berjalan lancar secepat mungkin! ✨",2025-10-26 10:44:36,1.5.5
a37eaa70-217f-4a8b-b256-84a838c1434c,STOK POLOSAN BUNNY V50,https://play-lh.googleusercontent.com/a/ACg8ocI0fIfrvytvHKSBVug1tSJCNdH4mAcZLgH2wnRXKvFWaaGvIw=mo,Yang paling saya suka dari Floq adalah kemudahan registrasinya. Sekali verifikasi langsung bisa *beli Bitcoin #AplikasiCrypto,5,0,1.5.7,2025-11-12 06:15:28,"Hai! Terima kasih banyak buat bintangnya!
Seneng banget bisa jadi bagian dari pengalaman kamu yang menyenangkan 💫
Kalau nanti ada yang mau ditanyain, keluh kesah, atau sekadar butuh bantuan, langsung aja ke fitur Live Chat di aplikasi Floq.
Stay happy dan semoga harimu semanis review kamu tadi~ ✨",2025-11-12 07:34:31,1.5.7
f0759d38-d6c7-4011-8fc9-85f0e32761d1,mai,https://play-lh.googleusercontent.com/a-/ALV-UjXjwzHHbPbunjYIdDDv6NPCqobiRLJIKBN_cFgZ6IfoWcusyUDS,awalnya iseng2 ceritanya tampilannya simple apk crypto indonesia bisa jual beli crypto dan bitcoin juga boleh dahhh di ikutin buat investasi juga bagus gak usah raguu langsung ajj cuss agak kendala dikit di pengisian saldo y tp over all ok #APLIKASICRYPTO,5,0,1.5.5,2025-11-02 16:39:34,"Hai! Terima kasih banyak buat bintangnya!
Seneng banget bisa jadi bagian dari pengalaman kamu yang menyenangkan 💫
Kalau nanti ada yang mau ditanyain, keluh kesah, atau sekadar butuh bantuan, langsung aja ke fitur Live Chat di aplikasi Floq.
Stay happy dan semoga harimu semanis review kamu tadi~ ✨",2025-11-03 08:15:27,1.5.5
f3899988-8504-41b2-ba1d-785a4be60919,Andri widayanto,https://play-lh.googleusercontent.com/a/ACg8ocIUvnVRIk6dPIoiycXdEzYmTQQ2Vsiodh6zwJkAnbfpL-nrQQ=mo,"harga beli sama harga jual selisihnya banyak banget, contoh bitcoin kalau naiknya kurang 2 persen mau jual sama aja rugi..",4,0,1.5.7,2025-11-12 19:46:43,"Hai! 👋
Terima kasih banyak untuk review positifnya! Senang banget tahu kamu suka dengan aplikasi Floq.

Soal feedback-nya, noted banget ya! Tim kami selalu menerima saran untuk membantu perkembangan aplikasi kami ☺️.
Stay tuned dan terus support Floq, ya! 🚀""",2025-11-12 19:52:29,1.5.7
